2025-07-04 10:11:17,552 - INFO - Starting bot initialization
2025-07-04 10:11:17,552 - INFO - Initializing Binance exchange
2025-07-04 10:11:17,563 - INFO - Setting up Telegram bot
2025-07-04 10:11:18,333 - INFO - Telegram bot polling started
2025-07-04 10:11:18,942 - INFO - Attempting to fetch USDT pairs
2025-07-04 10:11:18,942 - INFO - Fetching USDT pairs from Binance
2025-07-04 10:11:20,980 - INFO - Loaded 3746 markets
2025-07-04 10:13:16,479 - INFO - Starting bot initialization
2025-07-04 10:13:16,479 - INFO - Initializing Binance exchange
2025-07-04 10:13:16,494 - INFO - Setting up Telegram bot
2025-07-04 10:13:16,513 - ERROR - Bot startup error: cannot access local variable 'signal' where it is not associated with a value
Traceback (most recent call last):
  File "/home/runner/workspace/main.py", line 319, in start_bot
    application.add_handler(CommandHandler('signal', signal))
                                                     ^^^^^^
UnboundLocalError: cannot access local variable 'signal' where it is not associated with a value
2025-07-04 10:14:46,397 - INFO - Starting bot initialization
2025-07-04 10:14:46,397 - INFO - Initializing Binance exchange
2025-07-04 10:14:46,409 - INFO - Setting up Telegram bot
2025-07-04 10:14:46,427 - ERROR - Bot startup error: cannot access local variable 'signal' where it is not associated with a value
Traceback (most recent call last):
  File "/home/runner/workspace/main.py", line 319, in start_bot
    application.add_handler(CommandHandler('signal', signal))
                                                     ^^^^^^
UnboundLocalError: cannot access local variable 'signal' where it is not associated with a value
2025-07-04 10:17:44,150 - INFO - Starting bot initialization
2025-07-04 10:17:44,150 - INFO - Initializing Binance exchange
2025-07-04 10:17:44,165 - INFO - Testing Binance API keys
2025-07-04 10:17:47,482 - INFO - API key test successful: BTC/USDT - 108964.71
2025-07-04 10:17:47,483 - INFO - Setting up Telegram bot
2025-07-04 10:17:48,246 - INFO - Telegram bot polling started
2025-07-04 10:17:48,246 - INFO - Attempting to fetch USDT pairs
2025-07-04 10:17:48,246 - INFO - Fetching USDT pairs from Binance
2025-07-04 10:17:48,246 - INFO - Loaded 3746 markets
2025-07-04 10:20:27,254 - INFO - Found 345 USDT pairs with volume > $500,000
2025-07-04 10:20:27,256 - INFO - Starting scan cycle for 345 symbols
2025-07-04 10:20:27,258 - INFO - [BTC/USDT] Scanning for signal
2025-07-04 10:20:27,404 - INFO - [ETH/USDT] Scanning for signal
2025-07-04 10:20:27,549 - INFO - [BNB/USDT] Scanning for signal
2025-07-04 10:20:27,694 - INFO - [NEO/USDT] Scanning for signal
2025-07-04 10:20:27,843 - INFO - [LTC/USDT] Scanning for signal
2025-07-04 10:20:33,715 - INFO - DataFrame validated successfully
2025-07-04 10:20:33,715 - INFO - [LTC/USDT] Fetched 50 candles for 15m
2025-07-04 10:20:33,718 - INFO - DataFrame validated successfully
2025-07-04 10:20:33,718 - INFO - [BTC/USDT] Fetched 50 candles for 15m
2025-07-04 10:20:33,720 - INFO - DataFrame validated successfully
2025-07-04 10:20:33,721 - INFO - [ETH/USDT] Fetched 50 candles for 15m
2025-07-04 10:20:33,723 - INFO - DataFrame validated successfully
2025-07-04 10:20:33,723 - INFO - [NEO/USDT] Fetched 50 candles for 15m
2025-07-04 10:20:33,771 - INFO - DataFrame validated successfully
2025-07-04 10:20:33,771 - INFO - [BNB/USDT] Fetched 50 candles for 15m
2025-07-04 10:20:39,946 - INFO - DataFrame validated successfully
2025-07-04 10:20:39,946 - INFO - [LTC/USDT] Fetched 50 candles for 1h
2025-07-04 10:20:39,949 - INFO - DataFrame validated successfully
2025-07-04 10:20:39,949 - INFO - [NEO/USDT] Fetched 50 candles for 1h
2025-07-04 10:20:39,951 - INFO - DataFrame validated successfully
2025-07-04 10:20:39,951 - INFO - [BTC/USDT] Fetched 50 candles for 1h
2025-07-04 10:20:39,953 - INFO - DataFrame validated successfully
2025-07-04 10:20:39,953 - INFO - [ETH/USDT] Fetched 50 candles for 1h
2025-07-04 10:20:39,995 - INFO - DataFrame validated successfully
2025-07-04 10:20:39,996 - INFO - [BNB/USDT] Fetched 50 candles for 1h
2025-07-04 10:20:46,487 - INFO - DataFrame validated successfully
2025-07-04 10:20:46,488 - INFO - [BTC/USDT] Fetched 50 candles for 4h
2025-07-04 10:20:46,492 - INFO - DataFrame validated successfully
2025-07-04 10:20:46,492 - INFO - [ETH/USDT] Fetched 50 candles for 4h
2025-07-04 10:20:46,494 - INFO - DataFrame validated successfully
2025-07-04 10:20:46,494 - INFO - [BNB/USDT] Fetched 50 candles for 4h
2025-07-04 10:20:46,496 - INFO - DataFrame validated successfully
2025-07-04 10:20:46,496 - INFO - [NEO/USDT] Fetched 50 candles for 4h
2025-07-04 10:20:46,503 - INFO - DataFrame validated successfully
2025-07-04 10:20:46,503 - INFO - [LTC/USDT] Fetched 50 candles for 4h
2025-07-04 10:20:52,439 - INFO - DataFrame validated successfully
2025-07-04 10:20:52,439 - INFO - [BNB/USDT] Fetched 50 candles for 1d
2025-07-04 10:20:52,442 - INFO - DataFrame validated successfully
2025-07-04 10:20:52,442 - INFO - [LTC/USDT] Fetched 50 candles for 1d
2025-07-04 10:20:52,445 - INFO - DataFrame validated successfully
2025-07-04 10:20:52,445 - INFO - [ETH/USDT] Fetched 50 candles for 1d
2025-07-04 10:20:52,446 - INFO - DataFrame validated successfully
2025-07-04 10:20:52,446 - INFO - [NEO/USDT] Fetched 50 candles for 1d
2025-07-04 10:20:52,449 - INFO - DataFrame validated successfully
2025-07-04 10:20:52,449 - INFO - [BTC/USDT] Fetched 50 candles for 1d
2025-07-04 10:20:52,822 - ERROR - Error identifying candle patterns: The truth value of a Series is ambiguous. Use a.empty, a.bool(), a.item(), a.any() or a.all().
2025-07-04 10:20:52,823 - INFO - Fibonacci levels calculated: {'r1': np.float32(657.02167), 'r2': np.float32(658.4642), 'r3': np.float32(660.79584), 's1': np.float32(662.23834), 's2': np.float32(660.79584), 's3': np.float32(658.4642)}
2025-07-04 10:20:52,823 - INFO - Support: 655.1099853515625, Resistance: 660.3300170898438
2025-07-04 10:20:52,824 - INFO - [BNB/USDT] Analysis completed: ['Strong Trend', 'VWAP']
2025-07-04 10:20:52,824 - INFO - Trade classification: Score=2, Direction=LONG
2025-07-04 10:20:52,824 - INFO - [BNB/USDT] Signal generated: LONG, Confidence: 80.0%
2025-07-04 10:20:52,830 - ERROR - [BNB/USDT] Error logging signal: name 'os' is not defined
2025-07-04 10:20:52,830 - INFO - [BNB/USDT] Signal predicted: LONG, Confidence: 80.0%
2025-07-04 10:20:52,920 - ERROR - Error identifying candle patterns: The truth value of a Series is ambiguous. Use a.empty, a.bool(), a.item(), a.any() or a.all().
2025-07-04 10:20:52,921 - INFO - Fibonacci levels calculated: {'r1': np.float32(87.58404), 'r2': np.float32(87.932976), 'r3': np.float32(88.497025), 's1': np.float32(88.84596), 's2': np.float32(88.497025), 's3': np.float32(87.932976)}
2025-07-04 10:20:52,921 - INFO - Support: 87.0999984741211, Resistance: 89.13999938964844
2025-07-04 10:20:52,922 - INFO - [LTC/USDT] Analysis completed: ['VWAP']
2025-07-04 10:20:52,922 - INFO - Trade classification: Score=1, Direction=LONG
2025-07-04 10:20:52,922 - INFO - [LTC/USDT] Signal generated: LONG, Confidence: 75.0%
2025-07-04 10:20:52,923 - ERROR - [LTC/USDT] Error logging signal: name 'os' is not defined
2025-07-04 10:20:52,923 - INFO - [LTC/USDT] Signal predicted: LONG, Confidence: 75.0%
2025-07-04 10:20:53,008 - ERROR - Error identifying candle patterns: The truth value of a Series is ambiguous. Use a.empty, a.bool(), a.item(), a.any() or a.all().
2025-07-04 10:20:53,009 - INFO - Fibonacci levels calculated: {'r1': np.float32(2545.2588), 'r2': np.float32(2556.3257), 'r3': np.float32(2574.2144), 's1': np.float32(2585.2812), 's2': np.float32(2574.2144), 's3': np.float32(2556.3257)}
2025-07-04 10:20:53,009 - INFO - Support: 2530.510009765625, Resistance: 2577.219970703125
2025-07-04 10:20:53,010 - INFO - [ETH/USDT] Analysis completed: ['Strong Trend', 'VWAP']
2025-07-04 10:20:53,010 - INFO - Trade classification: Score=2, Direction=LONG
2025-07-04 10:20:53,010 - INFO - [ETH/USDT] Signal generated: LONG, Confidence: 80.0%
2025-07-04 10:20:53,011 - ERROR - [ETH/USDT] Error logging signal: name 'os' is not defined
2025-07-04 10:20:53,011 - INFO - [ETH/USDT] Signal predicted: LONG, Confidence: 80.0%
2025-07-04 10:20:53,108 - ERROR - Error identifying candle patterns: The truth value of a Series is ambiguous. Use a.empty, a.bool(), a.item(), a.any() or a.all().
2025-07-04 10:20:53,109 - INFO - Fibonacci levels calculated: {'r1': np.float32(5.5419197), 'r2': np.float32(5.57404), 'r3': np.float32(5.62596), 's1': np.float32(5.65808), 's2': np.float32(5.62596), 's3': np.float32(5.57404)}
2025-07-04 10:20:53,109 - INFO - Support: 5.5, Resistance: 5.670000076293945
2025-07-04 10:20:53,110 - INFO - [NEO/USDT] Analysis completed: ['Strong Trend', 'VWAP']
2025-07-04 10:20:53,110 - INFO - Trade classification: Score=2, Direction=LONG
2025-07-04 10:20:53,110 - INFO - [NEO/USDT] Signal generated: LONG, Confidence: 80.0%
2025-07-04 10:20:53,111 - ERROR - [NEO/USDT] Error logging signal: name 'os' is not defined
2025-07-04 10:20:53,111 - INFO - [NEO/USDT] Signal predicted: LONG, Confidence: 80.0%
2025-07-04 10:20:53,206 - ERROR - Error identifying candle patterns: The truth value of a Series is ambiguous. Use a.empty, a.bool(), a.item(), a.any() or a.all().
2025-07-04 10:20:53,207 - INFO - Fibonacci levels calculated: {'r1': np.float32(108838.81), 'r2': np.float32(109036.766), 'r3': np.float32(109356.75), 's1': np.float32(109554.7), 's2': np.float32(109356.75), 's3': np.float32(109036.766)}
2025-07-04 10:20:53,207 - INFO - Support: 108575.1875, Resistance: 109130.0
2025-07-04 10:20:53,208 - INFO - [BTC/USDT] Analysis completed: ['VWAP']
2025-07-04 10:20:53,208 - INFO - Trade classification: Score=1, Direction=LONG
2025-07-04 10:20:53,208 - INFO - [BTC/USDT] Signal generated: LONG, Confidence: 75.0%
2025-07-04 10:20:53,209 - ERROR - [BTC/USDT] Error logging signal: name 'os' is not defined
2025-07-04 10:20:53,210 - INFO - [BTC/USDT] Signal predicted: LONG, Confidence: 75.0%
2025-07-04 10:21:04,721 - INFO - DataFrame validated successfully
2025-07-04 10:21:04,721 - INFO - [ETH/USDT] Fetched 50 candles for 1h
2025-07-04 10:21:04,726 - INFO - DataFrame validated successfully
2025-07-04 10:21:04,726 - INFO - [NEO/USDT] Fetched 50 candles for 1h
2025-07-04 10:21:04,765 - INFO - DataFrame validated successfully
2025-07-04 10:21:04,766 - INFO - [BNB/USDT] Fetched 50 candles for 1h
2025-07-04 10:21:04,768 - INFO - DataFrame validated successfully
2025-07-04 10:21:04,769 - INFO - [LTC/USDT] Fetched 50 candles for 1h
2025-07-04 10:21:04,776 - INFO - DataFrame validated successfully
2025-07-04 10:21:04,776 - INFO - [BTC/USDT] Fetched 50 candles for 1h
2025-07-04 10:21:11,049 - INFO - DataFrame validated successfully
2025-07-04 10:21:11,050 - INFO - [LTC/USDT] Fetched 50 candles for 4h
2025-07-04 10:21:11,052 - INFO - DataFrame validated successfully
2025-07-04 10:21:11,053 - INFO - [BNB/USDT] Fetched 50 candles for 4h
2025-07-04 10:21:11,055 - INFO - DataFrame validated successfully
2025-07-04 10:21:11,055 - INFO - [NEO/USDT] Fetched 50 candles for 4h
2025-07-04 10:21:11,058 - INFO - DataFrame validated successfully
2025-07-04 10:21:11,058 - INFO - [ETH/USDT] Fetched 50 candles for 4h
2025-07-04 10:21:11,102 - INFO - DataFrame validated successfully
2025-07-04 10:21:11,102 - INFO - [BTC/USDT] Fetched 50 candles for 4h
2025-07-04 10:21:17,244 - INFO - DataFrame validated successfully
2025-07-04 10:21:17,245 - INFO - [NEO/USDT] Fetched 50 candles for 1d
2025-07-04 10:21:17,248 - INFO - DataFrame validated successfully
2025-07-04 10:21:17,248 - INFO - [BTC/USDT] Fetched 50 candles for 1d
2025-07-04 10:21:17,250 - INFO - DataFrame validated successfully
2025-07-04 10:21:17,250 - INFO - [BNB/USDT] Fetched 50 candles for 1d
2025-07-04 10:21:17,252 - INFO - DataFrame validated successfully
2025-07-04 10:21:17,252 - INFO - [ETH/USDT] Fetched 50 candles for 1d
2025-07-04 10:21:17,256 - INFO - DataFrame validated successfully
2025-07-04 10:21:17,257 - INFO - [LTC/USDT] Fetched 50 candles for 1d
2025-07-04 10:21:17,558 - INFO - [NEO/USDT] Multi-timeframe boost: 0.33
2025-07-04 10:21:17,558 - INFO - [NEO/USDT] Signal generated: LONG, Confidence: 80.00%
2025-07-04 10:21:17,631 - INFO - [BTC/USDT] Multi-timeframe boost: 0.67
2025-07-04 10:21:17,631 - INFO - [BTC/USDT] Signal generated: LONG, Confidence: 75.00%
2025-07-04 10:21:17,697 - INFO - [BNB/USDT] Multi-timeframe boost: 0.33
2025-07-04 10:21:17,697 - INFO - [BNB/USDT] Signal generated: LONG, Confidence: 80.00%
2025-07-04 10:21:17,767 - INFO - [ETH/USDT] Multi-timeframe boost: 0.67
2025-07-04 10:21:17,767 - INFO - [ETH/USDT] Signal generated: LONG, Confidence: 80.00%
2025-07-04 10:21:17,840 - INFO - [LTC/USDT] Multi-timeframe boost: 0.67
2025-07-04 10:21:17,840 - INFO - [LTC/USDT] Signal generated: LONG, Confidence: 75.00%
2025-07-04 10:21:18,630 - INFO - Signal sent to Telegram: LONG
2025-07-04 10:21:18,658 - INFO - Signal sent to Telegram: LONG
2025-07-04 10:21:18,672 - INFO - Signal sent to Telegram: LONG
2025-07-04 10:21:18,686 - INFO - Signal sent to Telegram: LONG
2025-07-04 10:21:18,707 - INFO - Signal sent to Telegram: LONG
2025-07-04 10:21:18,711 - INFO - Processed 5 signals in batch
2025-07-04 10:21:23,713 - INFO - [QTUM/USDT] Scanning for signal
2025-07-04 10:21:23,867 - INFO - [ADA/USDT] Scanning for signal
2025-07-04 10:21:24,016 - INFO - [XRP/USDT] Scanning for signal
2025-07-04 10:21:24,157 - INFO - [IOTA/USDT] Scanning for signal
2025-07-04 10:21:24,302 - INFO - [XLM/USDT] Scanning for signal
2025-07-04 10:21:32,233 - INFO - DataFrame validated successfully
2025-07-04 10:21:32,233 - INFO - [ADA/USDT] Fetched 50 candles for 15m
2025-07-04 10:21:32,363 - INFO - DataFrame validated successfully
2025-07-04 10:21:32,363 - INFO - [XRP/USDT] Fetched 50 candles for 15m
2025-07-04 10:21:32,371 - INFO - DataFrame validated successfully
2025-07-04 10:21:32,373 - INFO - [IOTA/USDT] Fetched 50 candles for 15m
2025-07-04 10:21:32,377 - INFO - DataFrame validated successfully
2025-07-04 10:21:32,377 - INFO - [QTUM/USDT] Fetched 50 candles for 15m
2025-07-04 10:21:32,420 - INFO - DataFrame validated successfully
2025-07-04 10:21:32,420 - INFO - [XLM/USDT] Fetched 50 candles for 15m
2025-07-04 10:22:36,826 - INFO - Starting bot initialization
2025-07-04 10:22:36,826 - INFO - Initializing Binance exchange
2025-07-04 10:22:36,836 - INFO - Testing Binance API keys
2025-07-04 10:22:39,006 - INFO - API key test successful: BTC/USDT - 108916.8
2025-07-04 10:22:39,006 - INFO - Setting up Telegram bot
2025-07-04 10:22:39,775 - INFO - Telegram bot polling started
2025-07-04 10:22:39,775 - INFO - Attempting to fetch USDT pairs
2025-07-04 10:22:39,775 - INFO - Fetching USDT pairs from Binance
2025-07-04 10:22:39,776 - INFO - Loaded 3746 markets
2025-07-04 10:23:38,890 - INFO - Found 338 USDT pairs with volume > $500,000
2025-07-04 10:23:38,890 - INFO - Starting scan cycle for 338 symbols
2025-07-04 10:23:38,892 - INFO - [BTC/USDT] Scanning for signal
2025-07-04 10:23:39,035 - INFO - [ETH/USDT] Scanning for signal
2025-07-04 10:23:39,178 - INFO - [BNB/USDT] Scanning for signal
2025-07-04 10:23:39,329 - INFO - [NEO/USDT] Scanning for signal
2025-07-04 10:23:39,470 - INFO - [LTC/USDT] Scanning for signal
2025-07-04 10:23:45,983 - INFO - DataFrame validated successfully
2025-07-04 10:23:45,983 - INFO - [NEO/USDT] Fetched 50 candles for 15m
2025-07-04 10:23:46,116 - INFO - DataFrame validated successfully
2025-07-04 10:23:46,116 - INFO - [BNB/USDT] Fetched 50 candles for 15m
2025-07-04 10:23:46,121 - INFO - DataFrame validated successfully
2025-07-04 10:23:46,121 - INFO - [BTC/USDT] Fetched 50 candles for 15m
2025-07-04 10:23:46,124 - INFO - DataFrame validated successfully
2025-07-04 10:23:46,124 - INFO - [LTC/USDT] Fetched 50 candles for 15m
2025-07-04 10:23:46,127 - INFO - DataFrame validated successfully
2025-07-04 10:23:46,127 - INFO - [ETH/USDT] Fetched 50 candles for 15m
2025-07-04 10:23:53,451 - INFO - DataFrame validated successfully
2025-07-04 10:23:53,452 - INFO - [LTC/USDT] Fetched 50 candles for 1h
2025-07-04 10:23:53,460 - INFO - DataFrame validated successfully
2025-07-04 10:23:53,460 - INFO - [NEO/USDT] Fetched 50 candles for 1h
2025-07-04 10:23:53,501 - INFO - DataFrame validated successfully
2025-07-04 10:23:53,502 - INFO - [BNB/USDT] Fetched 50 candles for 1h
2025-07-04 10:23:53,504 - INFO - DataFrame validated successfully
2025-07-04 10:23:53,504 - INFO - [BTC/USDT] Fetched 50 candles for 1h
2025-07-04 10:23:53,507 - INFO - DataFrame validated successfully
2025-07-04 10:23:53,507 - INFO - [ETH/USDT] Fetched 50 candles for 1h
2025-07-04 10:24:00,600 - INFO - DataFrame validated successfully
2025-07-04 10:24:00,601 - INFO - [BNB/USDT] Fetched 50 candles for 4h
2025-07-04 10:24:00,604 - INFO - DataFrame validated successfully
2025-07-04 10:24:00,604 - INFO - [LTC/USDT] Fetched 50 candles for 4h
2025-07-04 10:24:00,606 - INFO - DataFrame validated successfully
2025-07-04 10:24:00,606 - INFO - [ETH/USDT] Fetched 50 candles for 4h
2025-07-04 10:24:00,608 - INFO - DataFrame validated successfully
2025-07-04 10:24:00,609 - INFO - [BTC/USDT] Fetched 50 candles for 4h
2025-07-04 10:24:00,612 - INFO - DataFrame validated successfully
2025-07-04 10:24:00,612 - INFO - [NEO/USDT] Fetched 50 candles for 4h
2025-07-04 10:24:06,333 - INFO - DataFrame validated successfully
2025-07-04 10:24:06,334 - INFO - [ETH/USDT] Fetched 50 candles for 1d
2025-07-04 10:24:06,341 - INFO - DataFrame validated successfully
2025-07-04 10:24:06,341 - INFO - [NEO/USDT] Fetched 50 candles for 1d
2025-07-04 10:24:06,378 - INFO - DataFrame validated successfully
2025-07-04 10:24:06,378 - INFO - [LTC/USDT] Fetched 50 candles for 1d
2025-07-04 10:24:06,380 - INFO - DataFrame validated successfully
2025-07-04 10:24:06,380 - INFO - [BTC/USDT] Fetched 50 candles for 1d
2025-07-04 10:24:06,384 - INFO - DataFrame validated successfully
2025-07-04 10:24:06,384 - INFO - [BNB/USDT] Fetched 50 candles for 1d
2025-07-04 10:24:06,662 - ERROR - Error identifying candle patterns: The truth value of a Series is ambiguous. Use a.empty, a.bool(), a.item(), a.any() or a.all().
2025-07-04 10:24:06,662 - INFO - Fibonacci levels calculated: {'r1': np.float32(2545.2588), 'r2': np.float32(2556.3257), 'r3': np.float32(2574.2144), 's1': np.float32(2585.2812), 's2': np.float32(2574.2144), 's3': np.float32(2556.3257)}
2025-07-04 10:24:06,663 - INFO - Support: 2530.510009765625, Resistance: 2577.219970703125
2025-07-04 10:24:06,663 - INFO - [ETH/USDT] Analysis completed: ['Strong Trend', 'VWAP']
2025-07-04 10:24:06,663 - INFO - Trade classification: Score=2, Direction=LONG
2025-07-04 10:24:06,664 - INFO - [ETH/USDT] Signal generated: LONG, Confidence: 80.0%
2025-07-04 10:24:06,665 - ERROR - [ETH/USDT] Error logging signal: name 'os' is not defined
2025-07-04 10:24:06,665 - INFO - [ETH/USDT] Signal predicted: LONG, Confidence: 80.0%
2025-07-04 10:24:06,766 - ERROR - Error identifying candle patterns: The truth value of a Series is ambiguous. Use a.empty, a.bool(), a.item(), a.any() or a.all().
2025-07-04 10:24:06,767 - INFO - Fibonacci levels calculated: {'r1': np.float32(5.5419197), 'r2': np.float32(5.57404), 'r3': np.float32(5.62596), 's1': np.float32(5.65808), 's2': np.float32(5.62596), 's3': np.float32(5.57404)}
2025-07-04 10:24:06,767 - INFO - Support: 5.5, Resistance: 5.670000076293945
2025-07-04 10:24:06,768 - INFO - [NEO/USDT] Analysis completed: ['Strong Trend', 'VWAP']
2025-07-04 10:24:06,768 - INFO - Trade classification: Score=2, Direction=LONG
2025-07-04 10:24:06,768 - INFO - [NEO/USDT] Signal generated: LONG, Confidence: 80.0%
2025-07-04 10:24:06,769 - ERROR - [NEO/USDT] Error logging signal: name 'os' is not defined
2025-07-04 10:24:06,770 - INFO - [NEO/USDT] Signal predicted: LONG, Confidence: 80.0%
2025-07-04 10:24:06,853 - ERROR - Error identifying candle patterns: The truth value of a Series is ambiguous. Use a.empty, a.bool(), a.item(), a.any() or a.all().
2025-07-04 10:24:06,854 - INFO - Fibonacci levels calculated: {'r1': np.float32(87.58404), 'r2': np.float32(87.932976), 'r3': np.float32(88.497025), 's1': np.float32(88.84596), 's2': np.float32(88.497025), 's3': np.float32(87.932976)}
2025-07-04 10:24:06,854 - INFO - Support: 87.0999984741211, Resistance: 89.13999938964844
2025-07-04 10:24:06,855 - INFO - [LTC/USDT] Analysis completed: ['VWAP']
2025-07-04 10:24:06,855 - INFO - Trade classification: Score=1, Direction=LONG
2025-07-04 10:24:06,855 - INFO - [LTC/USDT] Signal generated: LONG, Confidence: 75.0%
2025-07-04 10:24:06,856 - ERROR - [LTC/USDT] Error logging signal: name 'os' is not defined
2025-07-04 10:24:06,856 - INFO - [LTC/USDT] Signal predicted: LONG, Confidence: 75.0%
2025-07-04 10:24:06,941 - ERROR - Error identifying candle patterns: The truth value of a Series is ambiguous. Use a.empty, a.bool(), a.item(), a.any() or a.all().
2025-07-04 10:24:06,942 - INFO - Fibonacci levels calculated: {'r1': np.float32(108838.81), 'r2': np.float32(109036.766), 'r3': np.float32(109356.75), 's1': np.float32(109554.7), 's2': np.float32(109356.75), 's3': np.float32(109036.766)}
2025-07-04 10:24:06,942 - INFO - Support: 108575.1875, Resistance: 109130.0
2025-07-04 10:24:06,943 - INFO - [BTC/USDT] Analysis completed: ['VWAP']
2025-07-04 10:24:06,943 - INFO - Trade classification: Score=1, Direction=LONG
2025-07-04 10:24:06,943 - INFO - [BTC/USDT] Signal generated: LONG, Confidence: 75.0%
2025-07-04 10:24:06,944 - ERROR - [BTC/USDT] Error logging signal: name 'os' is not defined
2025-07-04 10:24:06,944 - INFO - [BTC/USDT] Signal predicted: LONG, Confidence: 75.0%
2025-07-04 10:24:07,034 - ERROR - Error identifying candle patterns: The truth value of a Series is ambiguous. Use a.empty, a.bool(), a.item(), a.any() or a.all().
2025-07-04 10:24:07,035 - INFO - Fibonacci levels calculated: {'r1': np.float32(657.02167), 'r2': np.float32(658.4642), 'r3': np.float32(660.79584), 's1': np.float32(662.23834), 's2': np.float32(660.79584), 's3': np.float32(658.4642)}
2025-07-04 10:24:07,035 - INFO - Support: 655.1099853515625, Resistance: 660.3300170898438
2025-07-04 10:24:07,036 - INFO - [BNB/USDT] Analysis completed: ['Strong Trend', 'VWAP']
2025-07-04 10:24:07,036 - INFO - Trade classification: Score=2, Direction=LONG
2025-07-04 10:24:07,036 - INFO - [BNB/USDT] Signal generated: LONG, Confidence: 80.0%
2025-07-04 10:24:07,037 - ERROR - [BNB/USDT] Error logging signal: name 'os' is not defined
2025-07-04 10:24:07,037 - INFO - [BNB/USDT] Signal predicted: LONG, Confidence: 80.0%
2025-07-04 10:24:20,495 - INFO - DataFrame validated successfully
2025-07-04 10:24:20,495 - INFO - [BNB/USDT] Fetched 50 candles for 1h
2025-07-04 10:24:20,541 - INFO - DataFrame validated successfully
2025-07-04 10:24:20,542 - INFO - [NEO/USDT] Fetched 50 candles for 1h
2025-07-04 10:24:20,544 - INFO - DataFrame validated successfully
2025-07-04 10:24:20,544 - INFO - [LTC/USDT] Fetched 50 candles for 1h
2025-07-04 10:24:20,547 - INFO - DataFrame validated successfully
2025-07-04 10:24:20,547 - INFO - [BTC/USDT] Fetched 50 candles for 1h
2025-07-04 10:24:20,554 - INFO - DataFrame validated successfully
2025-07-04 10:24:20,555 - INFO - [ETH/USDT] Fetched 50 candles for 1h
2025-07-04 10:24:27,962 - INFO - DataFrame validated successfully
2025-07-04 10:24:27,962 - INFO - [LTC/USDT] Fetched 50 candles for 4h
2025-07-04 10:24:27,966 - INFO - DataFrame validated successfully
2025-07-04 10:24:27,966 - INFO - [BNB/USDT] Fetched 50 candles for 4h
2025-07-04 10:24:27,968 - INFO - DataFrame validated successfully
2025-07-04 10:24:27,968 - INFO - [BTC/USDT] Fetched 50 candles for 4h
2025-07-04 10:24:27,970 - INFO - DataFrame validated successfully
2025-07-04 10:24:27,970 - INFO - [NEO/USDT] Fetched 50 candles for 4h
2025-07-04 10:24:27,973 - INFO - DataFrame validated successfully
2025-07-04 10:24:27,974 - INFO - [ETH/USDT] Fetched 50 candles for 4h
2025-07-04 10:24:34,793 - INFO - DataFrame validated successfully
2025-07-04 10:24:34,794 - INFO - [BNB/USDT] Fetched 50 candles for 1d
2025-07-04 10:24:34,839 - INFO - DataFrame validated successfully
2025-07-04 10:24:34,839 - INFO - [BTC/USDT] Fetched 50 candles for 1d
2025-07-04 10:24:34,842 - INFO - DataFrame validated successfully
2025-07-04 10:24:34,842 - INFO - [ETH/USDT] Fetched 50 candles for 1d
2025-07-04 10:24:34,844 - INFO - DataFrame validated successfully
2025-07-04 10:24:34,844 - INFO - [NEO/USDT] Fetched 50 candles for 1d
2025-07-04 10:24:34,849 - INFO - DataFrame validated successfully
2025-07-04 10:24:34,849 - INFO - [LTC/USDT] Fetched 50 candles for 1d
2025-07-04 10:24:35,096 - INFO - [BNB/USDT] Multi-timeframe boost: 0.33
2025-07-04 10:24:35,096 - INFO - [BNB/USDT] Signal generated: LONG, Confidence: 80.00%
2025-07-04 10:24:35,170 - INFO - [BTC/USDT] Multi-timeframe boost: 0.67
2025-07-04 10:24:35,170 - INFO - [BTC/USDT] Signal generated: LONG, Confidence: 75.00%
2025-07-04 10:24:35,241 - INFO - [ETH/USDT] Multi-timeframe boost: 0.67
2025-07-04 10:24:35,241 - INFO - [ETH/USDT] Signal generated: LONG, Confidence: 80.00%
2025-07-04 10:24:35,318 - INFO - [NEO/USDT] Multi-timeframe boost: 0.33
2025-07-04 10:24:35,319 - INFO - [NEO/USDT] Signal generated: LONG, Confidence: 80.00%
2025-07-04 10:24:35,393 - INFO - [LTC/USDT] Multi-timeframe boost: 0.67
2025-07-04 10:24:35,394 - INFO - [LTC/USDT] Signal generated: LONG, Confidence: 75.00%
2025-07-04 10:24:36,041 - INFO - Signal sent to Telegram: LONG
2025-07-04 10:24:36,055 - INFO - Signal sent to Telegram: LONG
2025-07-04 10:24:36,073 - INFO - Signal sent to Telegram: LONG
2025-07-04 10:24:36,094 - INFO - Signal sent to Telegram: LONG
2025-07-04 10:24:36,114 - INFO - Signal sent to Telegram: LONG
2025-07-04 10:24:36,116 - INFO - Processed 5 signals in batch
2025-07-04 10:24:41,118 - INFO - [QTUM/USDT] Scanning for signal
2025-07-04 10:24:41,264 - INFO - [ADA/USDT] Scanning for signal
2025-07-04 10:24:41,422 - INFO - [XRP/USDT] Scanning for signal
2025-07-04 10:24:41,581 - INFO - [IOTA/USDT] Scanning for signal
2025-07-04 10:24:41,731 - INFO - [XLM/USDT] Scanning for signal
2025-07-04 10:24:47,950 - INFO - DataFrame validated successfully
2025-07-04 10:24:47,951 - INFO - [IOTA/USDT] Fetched 50 candles for 15m
2025-07-04 10:24:47,954 - INFO - DataFrame validated successfully
2025-07-04 10:24:47,954 - INFO - [ADA/USDT] Fetched 50 candles for 15m
2025-07-04 10:24:47,956 - INFO - DataFrame validated successfully
2025-07-04 10:24:47,956 - INFO - [XRP/USDT] Fetched 50 candles for 15m
2025-07-04 10:24:47,960 - INFO - DataFrame validated successfully
2025-07-04 10:24:47,960 - INFO - [QTUM/USDT] Fetched 50 candles for 15m
2025-07-04 10:24:48,011 - INFO - DataFrame validated successfully
2025-07-04 10:24:48,011 - INFO - [XLM/USDT] Fetched 50 candles for 15m
2025-07-04 10:24:54,288 - INFO - DataFrame validated successfully
2025-07-04 10:24:54,288 - INFO - [ADA/USDT] Fetched 50 candles for 1h
2025-07-04 10:24:54,295 - INFO - DataFrame validated successfully
2025-07-04 10:24:54,295 - INFO - [XLM/USDT] Fetched 50 candles for 1h
2025-07-04 10:24:54,333 - INFO - DataFrame validated successfully
2025-07-04 10:24:54,333 - INFO - [IOTA/USDT] Fetched 50 candles for 1h
2025-07-04 10:24:54,336 - INFO - DataFrame validated successfully
2025-07-04 10:24:54,336 - INFO - [QTUM/USDT] Fetched 50 candles for 1h
2025-07-04 10:24:54,338 - INFO - DataFrame validated successfully
2025-07-04 10:24:54,339 - INFO - [XRP/USDT] Fetched 50 candles for 1h
2025-07-04 10:25:00,605 - INFO - DataFrame validated successfully
2025-07-04 10:25:00,606 - INFO - [XRP/USDT] Fetched 50 candles for 4h
2025-07-04 10:25:00,791 - INFO - DataFrame validated successfully
2025-07-04 10:25:00,791 - INFO - [QTUM/USDT] Fetched 50 candles for 4h
2025-07-04 10:25:00,804 - INFO - DataFrame validated successfully
2025-07-04 10:25:00,805 - INFO - [IOTA/USDT] Fetched 50 candles for 4h
2025-07-04 10:25:00,807 - INFO - DataFrame validated successfully
2025-07-04 10:25:00,807 - INFO - [ADA/USDT] Fetched 50 candles for 4h
2025-07-04 10:25:00,810 - INFO - DataFrame validated successfully
2025-07-04 10:25:00,810 - INFO - [XLM/USDT] Fetched 50 candles for 4h
2025-07-04 10:25:06,217 - INFO - DataFrame validated successfully
2025-07-04 10:25:06,217 - INFO - [XRP/USDT] Fetched 50 candles for 1d
2025-07-04 10:25:07,060 - INFO - DataFrame validated successfully
2025-07-04 10:25:07,060 - INFO - [ADA/USDT] Fetched 50 candles for 1d
2025-07-04 10:25:07,063 - INFO - DataFrame validated successfully
2025-07-04 10:25:07,063 - INFO - [IOTA/USDT] Fetched 50 candles for 1d
2025-07-04 10:25:07,064 - INFO - DataFrame validated successfully
2025-07-04 10:25:07,064 - INFO - [QTUM/USDT] Fetched 50 candles for 1d
2025-07-04 10:25:07,113 - INFO - DataFrame validated successfully
2025-07-04 10:25:07,113 - INFO - [XLM/USDT] Fetched 50 candles for 1d
2025-07-04 10:25:07,251 - ERROR - Error identifying candle patterns: The truth value of a Series is ambiguous. Use a.empty, a.bool(), a.item(), a.any() or a.all().
2025-07-04 10:25:07,252 - INFO - Fibonacci levels calculated: {'r1': np.float32(2.2228749), 'r2': np.float32(2.2322626), 'r3': np.float32(2.2474375), 's1': np.float32(2.2568252), 's2': np.float32(2.2474375), 's3': np.float32(2.2322626)}
2025-07-04 10:25:07,253 - INFO - Support: 2.213099956512451, Resistance: 2.2474000453948975
2025-07-04 10:25:07,255 - INFO - [XRP/USDT] Analysis completed: ['Strong Trend', 'VWAP']
2025-07-04 10:25:07,255 - INFO - Trade classification: Score=2, Direction=LONG
2025-07-04 10:25:07,255 - INFO - [XRP/USDT] Signal generated: LONG, Confidence: 80.0%
2025-07-04 10:25:07,256 - ERROR - [XRP/USDT] Error logging signal: name 'os' is not defined
2025-07-04 10:25:07,256 - INFO - [XRP/USDT] Signal predicted: LONG, Confidence: 80.0%
2025-07-04 10:25:07,390 - ERROR - Error identifying candle patterns: The truth value of a Series is ambiguous. Use a.empty, a.bool(), a.item(), a.any() or a.all().
2025-07-04 10:25:07,391 - INFO - Fibonacci levels calculated: {'r1': np.float32(0.58109117), 'r2': np.float32(0.5853544), 'r3': np.float32(0.5922456), 's1': np.float32(0.5965088), 's2': np.float32(0.5922456), 's3': np.float32(0.5853544)}
2025-07-04 10:25:07,391 - INFO - Support: 0.5748999714851379, Resistance: 0.5917999744415283
2025-07-04 10:25:07,392 - INFO - [ADA/USDT] Analysis completed: ['Strong Trend', 'VWAP']
2025-07-04 10:25:07,392 - INFO - Trade classification: Score=2, Direction=LONG
2025-07-04 10:25:07,392 - INFO - [ADA/USDT] Signal generated: LONG, Confidence: 80.0%
2025-07-04 10:25:07,393 - ERROR - [ADA/USDT] Error logging signal: name 'os' is not defined
2025-07-04 10:25:07,393 - INFO - [ADA/USDT] Signal predicted: LONG, Confidence: 80.0%
2025-07-04 10:25:07,480 - ERROR - Error identifying candle patterns: The truth value of a Series is ambiguous. Use a.empty, a.bool(), a.item(), a.any() or a.all().
2025-07-04 10:25:07,481 - INFO - Fibonacci levels calculated: {'r1': np.float32(0.1584824), 'r2': np.float32(0.1597088), 'r3': np.float32(0.1616912), 's1': np.float32(0.1629176), 's2': np.float32(0.1616912), 's3': np.float32(0.1597088)}
2025-07-04 10:25:07,481 - INFO - Support: 0.1565999984741211, Resistance: 0.16140000522136688
2025-07-04 10:25:07,482 - INFO - [IOTA/USDT] Analysis completed: ['Strong Trend', 'VWAP']
2025-07-04 10:25:07,482 - INFO - Trade classification: Score=2, Direction=LONG
2025-07-04 10:25:07,482 - INFO - [IOTA/USDT] Signal generated: LONG, Confidence: 80.0%
2025-07-04 10:25:07,483 - ERROR - [IOTA/USDT] Error logging signal: name 'os' is not defined
2025-07-04 10:25:07,483 - INFO - [IOTA/USDT] Signal predicted: LONG, Confidence: 80.0%
2025-07-04 10:25:07,571 - ERROR - Error identifying candle patterns: The truth value of a Series is ambiguous. Use a.empty, a.bool(), a.item(), a.any() or a.all().
2025-07-04 10:25:07,572 - INFO - Fibonacci levels calculated: {'r1': np.float32(1.994352), 'r2': np.float32(2.006324), 'r3': np.float32(2.025676), 's1': np.float32(2.037648), 's2': np.float32(2.025676), 's3': np.float32(2.006324)}
2025-07-04 10:25:07,573 - INFO - Support: 1.9769999980926514, Resistance: 2.0350000858306885
2025-07-04 10:25:07,573 - INFO - [QTUM/USDT] Analysis completed: ['Strong Trend', 'VWAP']
2025-07-04 10:25:07,574 - INFO - Trade classification: Score=2, Direction=LONG
2025-07-04 10:25:07,574 - INFO - [QTUM/USDT] Signal generated: LONG, Confidence: 80.0%
2025-07-04 10:25:07,575 - ERROR - [QTUM/USDT] Error logging signal: name 'os' is not defined
2025-07-04 10:25:07,575 - INFO - [QTUM/USDT] Signal predicted: LONG, Confidence: 80.0%
2025-07-04 10:25:07,695 - ERROR - Error identifying candle patterns: The truth value of a Series is ambiguous. Use a.empty, a.bool(), a.item(), a.any() or a.all().
2025-07-04 10:25:07,696 - INFO - Fibonacci levels calculated: {'r1': np.float32(0.2389116), 'r2': np.float32(0.2400942), 'r3': np.float32(0.24200581), 's1': np.float32(0.24318841), 's2': np.float32(0.24200581), 's3': np.float32(0.2400942)}
2025-07-04 10:25:07,696 - INFO - Support: 0.23729999363422394, Resistance: 0.24150000512599945
2025-07-04 10:25:07,696 - INFO - [XLM/USDT] Analysis completed: ['Strong Trend', 'VWAP', 'Stochastic']
2025-07-04 10:25:07,696 - INFO - Trade classification: Score=1, Direction=LONG
2025-07-04 10:25:07,697 - INFO - [XLM/USDT] Signal generated: LONG, Confidence: 85.0%
2025-07-04 10:25:07,697 - ERROR - [XLM/USDT] Error logging signal: name 'os' is not defined
2025-07-04 10:25:07,697 - INFO - [XLM/USDT] Signal predicted: LONG, Confidence: 85.0%
2025-07-04 10:25:15,194 - INFO - DataFrame validated successfully
2025-07-04 10:25:15,194 - INFO - [QTUM/USDT] Fetched 50 candles for 1h
2025-07-04 10:25:15,197 - INFO - DataFrame validated successfully
2025-07-04 10:25:15,197 - INFO - [ADA/USDT] Fetched 50 candles for 1h
2025-07-04 10:25:15,200 - INFO - DataFrame validated successfully
2025-07-04 10:25:15,201 - INFO - [XRP/USDT] Fetched 50 candles for 1h
2025-07-04 10:25:15,203 - INFO - DataFrame validated successfully
2025-07-04 10:25:15,203 - INFO - [IOTA/USDT] Fetched 50 candles for 1h
2025-07-04 10:25:19,680 - INFO - DataFrame validated successfully
2025-07-04 10:25:19,680 - INFO - [XLM/USDT] Fetched 50 candles for 1h
2025-07-04 10:25:24,550 - INFO - DataFrame validated successfully
2025-07-04 10:25:24,551 - INFO - [XRP/USDT] Fetched 50 candles for 4h
2025-07-04 10:25:24,553 - INFO - DataFrame validated successfully
2025-07-04 10:25:24,553 - INFO - [IOTA/USDT] Fetched 50 candles for 4h
2025-07-04 10:25:24,556 - INFO - DataFrame validated successfully
2025-07-04 10:25:24,556 - INFO - [QTUM/USDT] Fetched 50 candles for 4h
2025-07-04 10:25:24,559 - INFO - DataFrame validated successfully
2025-07-04 10:25:24,559 - INFO - [ADA/USDT] Fetched 50 candles for 4h
2025-07-04 10:25:25,799 - INFO - DataFrame validated successfully
2025-07-04 10:25:25,799 - INFO - [XLM/USDT] Fetched 50 candles for 4h
2025-07-04 10:25:30,814 - INFO - DataFrame validated successfully
2025-07-04 10:25:30,814 - INFO - [ADA/USDT] Fetched 50 candles for 1d
2025-07-04 10:25:30,818 - INFO - DataFrame validated successfully
2025-07-04 10:25:30,818 - INFO - [XRP/USDT] Fetched 50 candles for 1d
2025-07-04 10:25:31,567 - INFO - DataFrame validated successfully
2025-07-04 10:25:31,567 - INFO - [IOTA/USDT] Fetched 50 candles for 1d
2025-07-04 10:25:31,569 - INFO - DataFrame validated successfully
2025-07-04 10:25:31,570 - INFO - [QTUM/USDT] Fetched 50 candles for 1d
2025-07-04 10:25:31,705 - INFO - DataFrame validated successfully
2025-07-04 10:25:31,705 - INFO - [XLM/USDT] Fetched 50 candles for 1d
2025-07-04 10:25:31,879 - INFO - [ADA/USDT] Multi-timeframe boost: 0.67
2025-07-04 10:25:31,879 - INFO - [ADA/USDT] Signal generated: LONG, Confidence: 80.00%
2025-07-04 10:25:31,958 - INFO - [XRP/USDT] Multi-timeframe boost: 0.33
2025-07-04 10:25:31,959 - INFO - [XRP/USDT] Signal generated: LONG, Confidence: 80.00%
2025-07-04 10:25:32,040 - INFO - [IOTA/USDT] Multi-timeframe boost: 0.33
2025-07-04 10:25:32,041 - INFO - [IOTA/USDT] Signal generated: LONG, Confidence: 80.00%
2025-07-04 10:25:32,119 - INFO - [QTUM/USDT] Multi-timeframe boost: 0.67
2025-07-04 10:25:32,120 - INFO - [QTUM/USDT] Signal generated: LONG, Confidence: 80.00%
2025-07-04 10:25:32,201 - INFO - [XLM/USDT] Multi-timeframe boost: 0.67
2025-07-04 10:25:32,202 - INFO - [XLM/USDT] Signal generated: LONG, Confidence: 85.00%
2025-07-04 10:25:32,791 - INFO - Signal sent to Telegram: LONG
2025-07-04 10:25:32,810 - INFO - Signal sent to Telegram: LONG
2025-07-04 10:25:32,831 - INFO - Signal sent to Telegram: LONG
2025-07-04 10:25:32,848 - INFO - Signal sent to Telegram: LONG
2025-07-04 10:25:33,140 - INFO - Signal sent to Telegram: LONG
2025-07-04 10:25:33,143 - INFO - Processed 5 signals in batch
2025-07-04 10:25:38,146 - INFO - [TRX/USDT] Scanning for signal
2025-07-04 10:25:38,288 - INFO - [ETC/USDT] Scanning for signal
2025-07-04 10:25:38,441 - INFO - [ICX/USDT] Scanning for signal
2025-07-04 10:25:38,593 - INFO - [VET/USDT] Scanning for signal
2025-07-04 10:25:38,736 - INFO - [USDC/USDT] Scanning for signal
2025-07-04 10:25:44,915 - INFO - DataFrame validated successfully
2025-07-04 10:25:44,915 - INFO - [TRX/USDT] Fetched 50 candles for 15m
2025-07-04 10:25:44,917 - INFO - DataFrame validated successfully
2025-07-04 10:25:44,917 - INFO - [ETC/USDT] Fetched 50 candles for 15m
2025-07-04 10:25:45,086 - INFO - DataFrame validated successfully
2025-07-04 10:25:45,086 - INFO - [USDC/USDT] Fetched 50 candles for 15m
2025-07-04 10:25:45,090 - INFO - DataFrame validated successfully
2025-07-04 10:25:45,090 - INFO - [VET/USDT] Fetched 50 candles for 15m
2025-07-04 10:25:46,261 - INFO - DataFrame validated successfully
2025-07-04 10:25:46,261 - INFO - [ICX/USDT] Fetched 50 candles for 15m
2025-07-04 10:25:50,913 - INFO - DataFrame validated successfully
2025-07-04 10:25:50,913 - INFO - [TRX/USDT] Fetched 50 candles for 1h
2025-07-04 10:25:51,050 - INFO - DataFrame validated successfully
2025-07-04 10:25:51,050 - INFO - [ETC/USDT] Fetched 50 candles for 1h
2025-07-04 10:25:51,053 - INFO - DataFrame validated successfully
2025-07-04 10:25:51,053 - INFO - [VET/USDT] Fetched 50 candles for 1h
2025-07-04 10:25:51,056 - INFO - DataFrame validated successfully
2025-07-04 10:25:51,056 - INFO - [USDC/USDT] Fetched 50 candles for 1h
2025-07-04 10:25:52,504 - INFO - DataFrame validated successfully
2025-07-04 10:25:52,504 - INFO - [ICX/USDT] Fetched 50 candles for 1h
2025-07-04 10:25:57,101 - INFO - DataFrame validated successfully
2025-07-04 10:25:57,102 - INFO - [VET/USDT] Fetched 50 candles for 4h
2025-07-04 10:25:57,105 - INFO - DataFrame validated successfully
2025-07-04 10:25:57,105 - INFO - [TRX/USDT] Fetched 50 candles for 4h
2025-07-04 10:25:57,107 - INFO - DataFrame validated successfully
2025-07-04 10:25:57,107 - INFO - [USDC/USDT] Fetched 50 candles for 4h
2025-07-04 10:25:57,110 - INFO - DataFrame validated successfully
2025-07-04 10:25:57,110 - INFO - [ETC/USDT] Fetched 50 candles for 4h
2025-07-04 10:25:59,263 - INFO - DataFrame validated successfully
2025-07-04 10:25:59,264 - INFO - [ICX/USDT] Fetched 50 candles for 4h
2025-07-04 10:26:03,725 - INFO - DataFrame validated successfully
2025-07-04 10:26:03,725 - INFO - [USDC/USDT] Fetched 50 candles for 1d
2025-07-04 10:26:03,730 - INFO - DataFrame validated successfully
2025-07-04 10:26:03,730 - INFO - [TRX/USDT] Fetched 50 candles for 1d
2025-07-04 10:26:03,737 - INFO - DataFrame validated successfully
2025-07-04 10:26:03,737 - INFO - [VET/USDT] Fetched 50 candles for 1d
2025-07-04 10:26:03,742 - INFO - DataFrame validated successfully
2025-07-04 10:26:03,743 - INFO - [ETC/USDT] Fetched 50 candles for 1d
2025-07-04 10:26:04,078 - ERROR - Error identifying candle patterns: The truth value of a Series is ambiguous. Use a.empty, a.bool(), a.item(), a.any() or a.all().
2025-07-04 10:26:04,078 - INFO - Fibonacci levels calculated: {'r1': np.float32(0.9996236), 'r2': np.float32(0.9996382), 'r3': np.float32(0.9996618), 's1': np.float32(0.9996764), 's2': np.float32(0.9996618), 's3': np.float32(0.9996382)}
2025-07-04 10:26:04,079 - INFO - Support: 0.9995999932289124, Resistance: 0.9997000098228455
2025-07-04 10:26:04,079 - INFO - [USDC/USDT] Analysis completed: ['VWAP']
2025-07-04 10:26:04,079 - INFO - Trade classification: Score=-1, Direction=SHORT
2025-07-04 10:26:04,079 - INFO - [USDC/USDT] Signal generated: SHORT, Confidence: 75.0%
2025-07-04 10:26:04,080 - ERROR - [USDC/USDT] Error logging signal: name 'os' is not defined
2025-07-04 10:26:04,080 - INFO - [USDC/USDT] Signal predicted: SHORT, Confidence: 75.0%
2025-07-04 10:26:04,173 - ERROR - Error identifying candle patterns: The truth value of a Series is ambiguous. Use a.empty, a.bool(), a.item(), a.any() or a.all().
2025-07-04 10:26:04,173 - INFO - Fibonacci levels calculated: {'r1': np.float32(0.28570798), 'r2': np.float32(0.286146), 'r3': np.float32(0.286854), 's1': np.float32(0.287292), 's2': np.float32(0.286854), 's3': np.float32(0.286146)}
2025-07-04 10:26:04,173 - INFO - Support: 0.28519999980926514, Resistance: 0.28780001401901245
2025-07-04 10:26:04,174 - INFO - [TRX/USDT] Analysis completed: ['Strong Trend']
2025-07-04 10:26:04,174 - INFO - Trade classification: Score=1, Direction=LONG
2025-07-04 10:26:04,174 - INFO - [TRX/USDT] Signal generated: LONG, Confidence: 75.0%
2025-07-04 10:26:04,175 - ERROR - [TRX/USDT] Error logging signal: name 'os' is not defined
2025-07-04 10:26:04,176 - INFO - [TRX/USDT] Signal predicted: LONG, Confidence: 75.0%
2025-07-04 10:26:04,293 - ERROR - Error identifying candle patterns: The truth value of a Series is ambiguous. Use a.empty, a.bool(), a.item(), a.any() or a.all().
2025-07-04 10:26:04,294 - INFO - Fibonacci levels calculated: {'r1': np.float32(0.021307241), 'r2': np.float32(0.02146638), 'r3': np.float32(0.02172362), 's1': np.float32(0.02188276), 's2': np.float32(0.02172362), 's3': np.float32(0.02146638)}
2025-07-04 10:26:04,294 - INFO - Support: 0.021080000326037407, Resistance: 0.02174999937415123
2025-07-04 10:26:04,295 - INFO - [VET/USDT] Analysis completed: ['Strong Trend', 'VWAP']
2025-07-04 10:26:04,295 - INFO - Trade classification: Score=2, Direction=LONG
2025-07-04 10:26:04,295 - INFO - [VET/USDT] Signal generated: LONG, Confidence: 80.0%
2025-07-04 10:26:04,297 - ERROR - [VET/USDT] Error logging signal: name 'os' is not defined
2025-07-04 10:26:04,297 - INFO - [VET/USDT] Signal predicted: LONG, Confidence: 80.0%
2025-07-04 10:26:04,397 - ERROR - Error identifying candle patterns: The truth value of a Series is ambiguous. Use a.empty, a.bool(), a.item(), a.any() or a.all().
2025-07-04 10:26:04,398 - INFO - Fibonacci levels calculated: {'r1': np.float32(16.60688), 'r2': np.float32(16.691559), 'r3': np.float32(16.82844), 's1': np.float32(16.913118), 's2': np.float32(16.82844), 's3': np.float32(16.691559)}
2025-07-04 10:26:04,398 - INFO - Support: 16.489999771118164, Resistance: 16.860000610351562
2025-07-04 10:26:04,399 - INFO - [ETC/USDT] Analysis completed: ['Strong Trend', 'VWAP']
2025-07-04 10:26:04,399 - INFO - Trade classification: Score=2, Direction=LONG
2025-07-04 10:26:04,399 - INFO - [ETC/USDT] Signal generated: LONG, Confidence: 80.0%
2025-07-04 10:26:04,400 - ERROR - [ETC/USDT] Error logging signal: name 'os' is not defined
2025-07-04 10:26:04,400 - INFO - [ETC/USDT] Signal predicted: LONG, Confidence: 80.0%
2025-07-04 10:26:08,931 - INFO - DataFrame validated successfully
2025-07-04 10:26:08,931 - INFO - [ICX/USDT] Fetched 50 candles for 1d
2025-07-04 10:26:10,791 - ERROR - Error identifying candle patterns: The truth value of a Series is ambiguous. Use a.empty, a.bool(), a.item(), a.any() or a.all().
2025-07-04 10:26:10,791 - INFO - Fibonacci levels calculated: {'r1': np.float32(0.122396804), 'r2': np.float32(0.122951604), 'r3': np.float32(0.1238484), 's1': np.float32(0.1244032), 's2': np.float32(0.1238484), 's3': np.float32(0.122951604)}
2025-07-04 10:26:10,792 - INFO - Support: 0.1216999962925911, Resistance: 0.12370000034570694
2025-07-04 10:26:10,792 - INFO - [ICX/USDT] Analysis completed: ['Strong Trend', 'VWAP']
2025-07-04 10:26:10,793 - INFO - Trade classification: Score=2, Direction=LONG
2025-07-04 10:26:10,793 - INFO - [ICX/USDT] Signal generated: LONG, Confidence: 80.0%
2025-07-04 10:26:10,794 - ERROR - [ICX/USDT] Error logging signal: name 'os' is not defined
2025-07-04 10:26:10,794 - INFO - [ICX/USDT] Signal predicted: LONG, Confidence: 80.0%
2025-07-04 10:26:16,257 - INFO - DataFrame validated successfully
2025-07-04 10:26:16,257 - INFO - [USDC/USDT] Fetched 50 candles for 1h
2025-07-04 10:26:16,394 - INFO - DataFrame validated successfully
2025-07-04 10:26:16,394 - INFO - [TRX/USDT] Fetched 50 candles for 1h
2025-07-04 10:26:16,397 - INFO - DataFrame validated successfully
2025-07-04 10:26:16,397 - INFO - [ETC/USDT] Fetched 50 candles for 1h
2025-07-04 10:26:16,397 - INFO - [TRX/USDT] Trade status: tp3
2025-07-04 10:26:16,463 - ERROR - [TRX/USDT] Error updating signal log: status
2025-07-04 10:26:16,468 - INFO - DataFrame validated successfully
2025-07-04 10:26:16,469 - INFO - [VET/USDT] Fetched 50 candles for 1h
2025-07-04 10:26:16,469 - INFO - [USDC/USDT] Trade status: tp3
2025-07-04 10:26:16,470 - ERROR - [USDC/USDT] Error updating signal log: status
2025-07-04 10:26:19,994 - INFO - DataFrame validated successfully
2025-07-04 10:26:19,994 - INFO - [ICX/USDT] Fetched 50 candles for 1h
2025-07-04 10:26:22,290 - INFO - DataFrame validated successfully
2025-07-04 10:26:22,290 - INFO - [TRX/USDT] Fetched 50 candles for 4h
2025-07-04 10:26:22,338 - INFO - DataFrame validated successfully
2025-07-04 10:26:22,339 - INFO - [USDC/USDT] Fetched 50 candles for 4h
2025-07-04 10:26:27,225 - INFO - DataFrame validated successfully
2025-07-04 10:26:27,225 - INFO - [VET/USDT] Fetched 50 candles for 4h
2025-07-04 10:26:27,322 - INFO - DataFrame validated successfully
2025-07-04 10:26:27,322 - INFO - [ETC/USDT] Fetched 50 candles for 4h
2025-07-04 10:26:27,364 - INFO - DataFrame validated successfully
2025-07-04 10:26:27,364 - INFO - [ICX/USDT] Fetched 50 candles for 4h
2025-07-04 10:26:32,197 - INFO - DataFrame validated successfully
2025-07-04 10:26:32,197 - INFO - [TRX/USDT] Fetched 50 candles for 1d
2025-07-04 10:26:32,200 - INFO - DataFrame validated successfully
2025-07-04 10:26:32,200 - INFO - [USDC/USDT] Fetched 50 candles for 1d
2025-07-04 10:26:33,082 - INFO - [TRX/USDT] Multi-timeframe boost: 1.00
2025-07-04 10:26:33,082 - INFO - [TRX/USDT] Signal generated: LONG, Confidence: 75.00%
2025-07-04 10:26:33,153 - INFO - [USDC/USDT] Multi-timeframe boost: 0.33
2025-07-04 10:26:33,153 - INFO - [USDC/USDT] Signal generated: SHORT, Confidence: 75.00%
2025-07-04 10:26:34,565 - INFO - DataFrame validated successfully
2025-07-04 10:26:34,565 - INFO - [VET/USDT] Fetched 50 candles for 1d
2025-07-04 10:26:34,703 - INFO - DataFrame validated successfully
2025-07-04 10:26:34,703 - INFO - [ICX/USDT] Fetched 50 candles for 1d
2025-07-04 10:26:34,706 - INFO - DataFrame validated successfully
2025-07-04 10:26:34,706 - INFO - [ETC/USDT] Fetched 50 candles for 1d
2025-07-04 10:26:34,879 - INFO - [VET/USDT] Multi-timeframe boost: 0.33
2025-07-04 10:26:34,879 - INFO - [VET/USDT] Signal generated: LONG, Confidence: 80.00%
2025-07-04 10:26:35,017 - INFO - [ICX/USDT] Multi-timeframe boost: 0.00
2025-07-04 10:26:35,017 - INFO - [ICX/USDT] No multi-timeframe agreement
2025-07-04 10:26:35,064 - INFO - [ETC/USDT] Multi-timeframe boost: 0.33
2025-07-04 10:26:35,064 - INFO - [ETC/USDT] Signal generated: LONG, Confidence: 80.00%
2025-07-04 10:26:35,139 - INFO - Signal sent to Telegram: SHORT
2025-07-04 10:26:35,160 - INFO - Signal sent to Telegram: LONG
2025-07-04 10:26:35,495 - INFO - Signal sent to Telegram: LONG
2025-07-04 10:26:35,655 - INFO - Signal sent to Telegram: LONG
2025-07-04 10:26:35,658 - INFO - Processed 4 signals in batch
2025-07-04 10:26:40,660 - INFO - [LINK/USDT] Scanning for signal
2025-07-04 10:26:40,805 - INFO - [ONG/USDT] Scanning for signal
2025-07-04 10:26:40,946 - INFO - [HOT/USDT] Scanning for signal
2025-07-04 10:26:41,095 - INFO - [ZIL/USDT] Scanning for signal
2025-07-04 10:26:41,242 - INFO - [ZRX/USDT] Scanning for signal
2025-07-04 10:26:47,739 - INFO - DataFrame validated successfully
2025-07-04 10:26:47,739 - INFO - [HOT/USDT] Fetched 50 candles for 15m
2025-07-04 10:26:47,741 - INFO - DataFrame validated successfully
2025-07-04 10:26:47,741 - INFO - [ZIL/USDT] Fetched 50 candles for 15m
2025-07-04 10:26:47,743 - INFO - DataFrame validated successfully
2025-07-04 10:26:47,743 - INFO - [ZRX/USDT] Fetched 50 candles for 15m
2025-07-04 10:26:47,788 - INFO - DataFrame validated successfully
2025-07-04 10:26:47,789 - INFO - [ONG/USDT] Fetched 50 candles for 15m
2025-07-04 10:26:47,792 - INFO - DataFrame validated successfully
2025-07-04 10:26:47,792 - INFO - [LINK/USDT] Fetched 50 candles for 15m
2025-07-04 10:26:57,337 - INFO - DataFrame validated successfully
2025-07-04 10:26:57,337 - INFO - [ONG/USDT] Fetched 50 candles for 1h
2025-07-04 10:26:57,339 - INFO - DataFrame validated successfully
2025-07-04 10:26:57,340 - INFO - [LINK/USDT] Fetched 50 candles for 1h
2025-07-04 10:26:57,342 - INFO - DataFrame validated successfully
2025-07-04 10:26:57,342 - INFO - [ZRX/USDT] Fetched 50 candles for 1h
2025-07-04 10:26:57,344 - INFO - DataFrame validated successfully
2025-07-04 10:26:57,344 - INFO - [HOT/USDT] Fetched 50 candles for 1h
2025-07-04 10:26:57,346 - INFO - DataFrame validated successfully
2025-07-04 10:26:57,346 - INFO - [ZIL/USDT] Fetched 50 candles for 1h
2025-07-04 10:27:03,813 - INFO - DataFrame validated successfully
2025-07-04 10:27:03,815 - INFO - [ONG/USDT] Fetched 50 candles for 4h
2025-07-04 10:27:03,818 - INFO - DataFrame validated successfully
2025-07-04 10:27:03,818 - INFO - [ZIL/USDT] Fetched 50 candles for 4h
2025-07-04 10:27:03,820 - INFO - DataFrame validated successfully
2025-07-04 10:27:03,820 - INFO - [ZRX/USDT] Fetched 50 candles for 4h
2025-07-04 10:27:03,823 - INFO - DataFrame validated successfully
2025-07-04 10:27:03,823 - INFO - [HOT/USDT] Fetched 50 candles for 4h
2025-07-04 10:27:03,863 - INFO - DataFrame validated successfully
2025-07-04 10:27:03,864 - INFO - [LINK/USDT] Fetched 50 candles for 4h
2025-07-04 10:27:10,407 - INFO - DataFrame validated successfully
2025-07-04 10:27:10,408 - INFO - [LINK/USDT] Fetched 50 candles for 1d
2025-07-04 10:27:10,410 - INFO - DataFrame validated successfully
2025-07-04 10:27:10,410 - INFO - [ZRX/USDT] Fetched 50 candles for 1d
2025-07-04 10:27:10,450 - INFO - DataFrame validated successfully
2025-07-04 10:27:10,450 - INFO - [ZIL/USDT] Fetched 50 candles for 1d
2025-07-04 10:27:10,454 - INFO - DataFrame validated successfully
2025-07-04 10:27:10,454 - INFO - [HOT/USDT] Fetched 50 candles for 1d
2025-07-04 10:27:10,730 - ERROR - Error identifying candle patterns: The truth value of a Series is ambiguous. Use a.empty, a.bool(), a.item(), a.any() or a.all().
2025-07-04 10:27:10,730 - INFO - Fibonacci levels calculated: {'r1': np.float32(13.35216), 'r2': np.float32(13.43392), 'r3': np.float32(13.56608), 's1': np.float32(13.64784), 's2': np.float32(13.56608), 's3': np.float32(13.43392)}
2025-07-04 10:27:10,730 - INFO - Support: 13.289999961853027, Resistance: 13.579999923706055
2025-07-04 10:27:10,731 - INFO - [LINK/USDT] Analysis completed: ['Strong Trend', 'VWAP']
2025-07-04 10:27:10,731 - INFO - Trade classification: Score=2, Direction=LONG
2025-07-04 10:27:10,731 - INFO - [LINK/USDT] Signal generated: LONG, Confidence: 80.0%
2025-07-04 10:27:10,732 - ERROR - [LINK/USDT] Error logging signal: name 'os' is not defined
2025-07-04 10:27:10,732 - INFO - [LINK/USDT] Signal predicted: LONG, Confidence: 80.0%
2025-07-04 10:27:10,815 - ERROR - Error identifying candle patterns: The truth value of a Series is ambiguous. Use a.empty, a.bool(), a.item(), a.any() or a.all().
2025-07-04 10:27:10,815 - INFO - Fibonacci levels calculated: {'r1': np.float32(0.21941279), 'r2': np.float32(0.2208436), 'r3': np.float32(0.2231564), 's1': np.float32(0.2245872), 's2': np.float32(0.2231564), 's3': np.float32(0.2208436)}
2025-07-04 10:27:10,819 - INFO - Support: 0.21719999611377716, Resistance: 0.22439999878406525
2025-07-04 10:27:10,820 - INFO - [ZRX/USDT] Analysis completed: ['Strong Trend', 'VWAP']
2025-07-04 10:27:10,820 - INFO - Trade classification: Score=2, Direction=LONG
2025-07-04 10:27:10,820 - INFO - [ZRX/USDT] Signal generated: LONG, Confidence: 80.0%
2025-07-04 10:27:10,821 - ERROR - [ZRX/USDT] Error logging signal: name 'os' is not defined
2025-07-04 10:27:10,821 - INFO - [ZRX/USDT] Signal predicted: LONG, Confidence: 80.0%
2025-07-04 10:27:10,857 - INFO - DataFrame validated successfully
2025-07-04 10:27:10,857 - INFO - [ONG/USDT] Fetched 50 candles for 1d
2025-07-04 10:27:10,928 - ERROR - Error identifying candle patterns: The truth value of a Series is ambiguous. Use a.empty, a.bool(), a.item(), a.any() or a.all().
2025-07-04 10:27:10,929 - INFO - Fibonacci levels calculated: {'r1': np.float32(0.01073564), 'r2': np.float32(0.01080718), 'r3': np.float32(0.01092282), 's1': np.float32(0.01099436), 's2': np.float32(0.01092282), 's3': np.float32(0.01080718)}
2025-07-04 10:27:10,929 - INFO - Support: 0.010619999840855598, Resistance: 0.010970000177621841
2025-07-04 10:27:10,930 - INFO - [ZIL/USDT] Analysis completed: ['Strong Trend', 'VWAP']
2025-07-04 10:27:10,930 - INFO - Trade classification: Score=2, Direction=LONG
2025-07-04 10:27:10,930 - INFO - [ZIL/USDT] Signal generated: LONG, Confidence: 80.0%
2025-07-04 10:27:10,931 - ERROR - [ZIL/USDT] Error logging signal: name 'os' is not defined
2025-07-04 10:27:10,931 - INFO - [ZIL/USDT] Signal predicted: LONG, Confidence: 80.0%
2025-07-04 10:27:11,011 - ERROR - Error identifying candle patterns: The truth value of a Series is ambiguous. Use a.empty, a.bool(), a.item(), a.any() or a.all().
2025-07-04 10:27:11,012 - INFO - Fibonacci levels calculated: {'r1': np.float32(0.000845148), 'r2': np.float32(0.000851426), 'r3': np.float32(0.000861574), 's1': np.float32(0.000867852), 's2': np.float32(0.000861574), 's3': np.float32(0.000851426)}
2025-07-04 10:27:11,012 - INFO - Support: 0.0008360000210814178, Resistance: 0.0008629999938420951
2025-07-04 10:27:11,013 - INFO - [HOT/USDT] Analysis completed: ['Strong Trend', 'VWAP']
2025-07-04 10:27:11,013 - INFO - Trade classification: Score=2, Direction=LONG
2025-07-04 10:27:11,013 - INFO - [HOT/USDT] Signal generated: LONG, Confidence: 80.0%
2025-07-04 10:27:11,014 - ERROR - [HOT/USDT] Error logging signal: name 'os' is not defined
2025-07-04 10:27:11,014 - INFO - [HOT/USDT] Signal predicted: LONG, Confidence: 80.0%
2025-07-04 10:27:13,660 - ERROR - Error identifying candle patterns: The truth value of a Series is ambiguous. Use a.empty, a.bool(), a.item(), a.any() or a.all().
2025-07-04 10:27:13,661 - INFO - Fibonacci levels calculated: {'r1': np.float32(0.1688048), 'r2': np.float32(0.1697976), 'r3': np.float32(0.1714024), 's1': np.float32(0.1723952), 's2': np.float32(0.1714024), 's3': np.float32(0.1697976)}
2025-07-04 10:27:13,661 - INFO - Support: 0.16750000417232513, Resistance: 0.1712000072002411
2025-07-04 10:27:13,662 - INFO - [ONG/USDT] Analysis completed: ['Strong Trend', 'VWAP']
2025-07-04 10:27:13,662 - INFO - Trade classification: Score=2, Direction=LONG
2025-07-04 10:27:13,662 - INFO - [ONG/USDT] Signal generated: LONG, Confidence: 80.0%
2025-07-04 10:27:13,663 - ERROR - [ONG/USDT] Error logging signal: name 'os' is not defined
2025-07-04 10:27:13,663 - INFO - [ONG/USDT] Signal predicted: LONG, Confidence: 80.0%
2025-07-04 10:27:21,144 - INFO - DataFrame validated successfully
2025-07-04 10:27:21,145 - INFO - [ZRX/USDT] Fetched 50 candles for 1h
2025-07-04 10:27:21,147 - INFO - DataFrame validated successfully
2025-07-04 10:27:21,147 - INFO - [LINK/USDT] Fetched 50 candles for 1h
2025-07-04 10:27:21,150 - INFO - DataFrame validated successfully
2025-07-04 10:27:21,150 - INFO - [ZIL/USDT] Fetched 50 candles for 1h
2025-07-04 10:27:21,152 - INFO - DataFrame validated successfully
2025-07-04 10:27:21,152 - INFO - [HOT/USDT] Fetched 50 candles for 1h
2025-07-04 10:27:23,247 - INFO - DataFrame validated successfully
2025-07-04 10:27:23,247 - INFO - [ONG/USDT] Fetched 50 candles for 1h
2025-07-04 10:34:52,664 - INFO - Starting bot initialization
2025-07-04 10:34:52,667 - INFO - Initializing Binance exchange
2025-07-04 10:34:52,677 - INFO - Testing Binance API keys
2025-07-04 10:34:54,737 - INFO - API key test successful: BTC/USDT - 108915.93
2025-07-04 10:34:54,739 - INFO - Setting up Telegram bot
2025-07-04 10:34:55,507 - INFO - Telegram bot polling started
2025-07-04 10:34:55,507 - INFO - Attempting to fetch USDT pairs
2025-07-04 10:34:55,508 - INFO - Fetching USDT pairs from Binance
2025-07-04 10:34:55,508 - INFO - Loaded 3746 markets
2025-07-04 10:34:55,663 - INFO - [BTC/USDT] Volume check: 1,166,536,181.67
2025-07-04 10:34:55,663 - INFO - [BTC/USDT] Added to high volume list: $1,166,536,181.67
2025-07-04 10:34:55,918 - INFO - [ETH/USDT] Volume check: 1,195,185,483.40
2025-07-04 10:34:55,918 - INFO - [ETH/USDT] Added to high volume list: $1,195,185,483.40
2025-07-04 10:34:56,173 - INFO - [BNB/USDT] Volume check: 62,919,549.90
2025-07-04 10:34:56,174 - INFO - [BNB/USDT] Added to high volume list: $62,919,549.90
2025-07-04 10:34:56,423 - INFO - [NEO/USDT] Volume check: 1,896,840.34
2025-07-04 10:34:56,423 - INFO - [NEO/USDT] Added to high volume list: $1,896,840.34
2025-07-04 10:34:56,678 - INFO - [LTC/USDT] Volume check: 44,868,721.37
2025-07-04 10:34:56,678 - INFO - [LTC/USDT] Added to high volume list: $44,868,721.37
2025-07-04 10:34:56,927 - INFO - [QTUM/USDT] Volume check: 1,093,376.59
2025-07-04 10:34:56,927 - INFO - [QTUM/USDT] Added to high volume list: $1,093,376.59
2025-07-04 10:34:57,179 - INFO - [ADA/USDT] Volume check: 58,683,779.74
2025-07-04 10:34:57,179 - INFO - [ADA/USDT] Added to high volume list: $58,683,779.74
2025-07-04 10:34:57,426 - INFO - [XRP/USDT] Volume check: 280,368,802.93
2025-07-04 10:34:57,427 - INFO - [XRP/USDT] Added to high volume list: $280,368,802.93
2025-07-04 10:34:57,808 - INFO - [TUSD/USDT] Volume check: 136,859.60
2025-07-04 10:34:57,809 - INFO - [TUSD/USDT] Excluded due to low volume: $136,859.60
2025-07-04 10:34:58,051 - INFO - [IOTA/USDT] Volume check: 1,963,112.00
2025-07-04 10:34:58,052 - INFO - [IOTA/USDT] Added to high volume list: $1,963,112.00
2025-07-04 10:34:58,303 - INFO - [XLM/USDT] Volume check: 10,389,295.22
2025-07-04 10:34:58,303 - INFO - [XLM/USDT] Added to high volume list: $10,389,295.22
2025-07-04 10:34:58,555 - INFO - [ONT/USDT] Volume check: 335,737.07
2025-07-04 10:34:58,556 - INFO - [ONT/USDT] Excluded due to low volume: $335,737.07
2025-07-04 10:34:58,807 - INFO - [TRX/USDT] Volume check: 51,556,519.36
2025-07-04 10:34:58,808 - INFO - [TRX/USDT] Added to high volume list: $51,556,519.36
2025-07-04 10:34:59,051 - INFO - [ETC/USDT] Volume check: 4,557,851.20
2025-07-04 10:34:59,051 - INFO - [ETC/USDT] Added to high volume list: $4,557,851.20
2025-07-04 10:34:59,295 - INFO - [ICX/USDT] Volume check: 577,517.04
2025-07-04 10:34:59,295 - INFO - [ICX/USDT] Added to high volume list: $577,517.04
2025-07-04 10:34:59,537 - INFO - [VET/USDT] Volume check: 4,106,723.62
2025-07-04 10:34:59,538 - INFO - [VET/USDT] Added to high volume list: $4,106,723.62
2025-07-04 10:34:59,783 - INFO - [USDC/USDT] Volume check: 843,628,373.38
2025-07-04 10:34:59,783 - INFO - [USDC/USDT] Added to high volume list: $843,628,373.38
2025-07-04 10:35:00,026 - INFO - [LINK/USDT] Volume check: 41,028,296.34
2025-07-04 10:35:00,027 - INFO - [LINK/USDT] Added to high volume list: $41,028,296.34
2025-07-04 10:35:00,267 - INFO - [ONG/USDT] Volume check: 990,373.23
2025-07-04 10:35:00,268 - INFO - [ONG/USDT] Added to high volume list: $990,373.23
2025-07-04 10:35:00,513 - INFO - [HOT/USDT] Volume check: 1,158,654.26
2025-07-04 10:35:00,513 - INFO - [HOT/USDT] Added to high volume list: $1,158,654.26
2025-07-04 10:35:00,757 - INFO - [ZIL/USDT] Volume check: 1,317,741.56
2025-07-04 10:35:00,758 - INFO - [ZIL/USDT] Added to high volume list: $1,317,741.56
2025-07-04 10:35:01,000 - INFO - [ZRX/USDT] Volume check: 2,926,055.58
2025-07-04 10:35:01,001 - INFO - [ZRX/USDT] Added to high volume list: $2,926,055.58
2025-07-04 10:35:01,245 - INFO - [FET/USDT] Volume check: 20,664,904.91
2025-07-04 10:35:01,245 - INFO - [FET/USDT] Added to high volume list: $20,664,904.91
2025-07-04 10:35:01,499 - INFO - [BAT/USDT] Volume check: 1,317,733.02
2025-07-04 10:35:01,499 - INFO - [BAT/USDT] Added to high volume list: $1,317,733.02
2025-07-04 10:35:01,746 - INFO - [ZEC/USDT] Volume check: 3,342,218.76
2025-07-04 10:35:01,746 - INFO - [ZEC/USDT] Added to high volume list: $3,342,218.76
2025-07-04 10:35:01,994 - INFO - [IOST/USDT] Volume check: 564,264.55
2025-07-04 10:35:01,995 - INFO - [IOST/USDT] Added to high volume list: $564,264.55
2025-07-04 10:35:02,241 - INFO - [CELR/USDT] Volume check: 434,230.18
2025-07-04 10:35:02,241 - INFO - [CELR/USDT] Excluded due to low volume: $434,230.18
2025-07-04 10:35:02,491 - INFO - [DASH/USDT] Volume check: 1,037,499.45
2025-07-04 10:35:02,492 - INFO - [DASH/USDT] Added to high volume list: $1,037,499.45
2025-07-04 10:35:02,736 - INFO - [THETA/USDT] Volume check: 1,885,813.94
2025-07-04 10:35:02,737 - INFO - [THETA/USDT] Added to high volume list: $1,885,813.94
2025-07-04 10:35:02,982 - INFO - [ENJ/USDT] Volume check: 1,382,004.04
2025-07-04 10:35:02,983 - INFO - [ENJ/USDT] Added to high volume list: $1,382,004.04
2025-07-04 10:35:03,227 - INFO - [ATOM/USDT] Volume check: 4,692,171.10
2025-07-04 10:35:03,228 - INFO - [ATOM/USDT] Added to high volume list: $4,692,171.10
2025-07-04 10:35:03,473 - INFO - [TFUEL/USDT] Volume check: 425,817.42
2025-07-04 10:35:03,474 - INFO - [TFUEL/USDT] Excluded due to low volume: $425,817.42
2025-07-04 10:35:03,723 - INFO - [ONE/USDT] Volume check: 1,046,491.73
2025-07-04 10:35:03,723 - INFO - [ONE/USDT] Added to high volume list: $1,046,491.73
2025-07-04 10:35:03,964 - INFO - [ALGO/USDT] Volume check: 5,059,362.08
2025-07-04 10:35:03,964 - INFO - [ALGO/USDT] Added to high volume list: $5,059,362.08
2025-07-04 10:35:04,211 - INFO - [DOGE/USDT] Volume check: 150,433,049.64
2025-07-04 10:35:04,212 - INFO - [DOGE/USDT] Added to high volume list: $150,433,049.64
2025-07-04 10:35:04,454 - INFO - [DUSK/USDT] Volume check: 445,067.63
2025-07-04 10:35:04,454 - INFO - [DUSK/USDT] Excluded due to low volume: $445,067.63
2025-07-04 10:35:04,702 - INFO - [ANKR/USDT] Volume check: 761,636.17
2025-07-04 10:35:04,702 - INFO - [ANKR/USDT] Added to high volume list: $761,636.17
2025-07-04 10:35:04,953 - INFO - [WIN/USDT] Volume check: 566,253.67
2025-07-04 10:35:04,954 - INFO - [WIN/USDT] Added to high volume list: $566,253.67
2025-07-04 10:35:05,200 - INFO - [COS/USDT] Volume check: 726,523.38
2025-07-04 10:35:05,200 - INFO - [COS/USDT] Added to high volume list: $726,523.38
2025-07-04 10:35:05,446 - INFO - [MTL/USDT] Volume check: 297,103.17
2025-07-04 10:35:05,446 - INFO - [MTL/USDT] Excluded due to low volume: $297,103.17
2025-07-04 10:35:05,690 - INFO - [DENT/USDT] Volume check: 369,954.73
2025-07-04 10:35:05,690 - INFO - [DENT/USDT] Excluded due to low volume: $369,954.73
2025-07-04 10:35:05,940 - INFO - [WAN/USDT] Volume check: 165,173.20
2025-07-04 10:35:05,940 - INFO - [WAN/USDT] Excluded due to low volume: $165,173.20
2025-07-04 10:35:06,200 - INFO - [FUN/USDT] Volume check: 42,603,028.43
2025-07-04 10:35:06,200 - INFO - [FUN/USDT] Added to high volume list: $42,603,028.43
2025-07-04 10:35:06,443 - INFO - [CVC/USDT] Volume check: 367,391.68
2025-07-04 10:35:06,444 - INFO - [CVC/USDT] Excluded due to low volume: $367,391.68
2025-07-04 10:35:06,697 - INFO - [CHZ/USDT] Volume check: 3,652,532.90
2025-07-04 10:35:06,698 - INFO - [CHZ/USDT] Added to high volume list: $3,652,532.90
2025-07-04 10:35:06,947 - INFO - [BAND/USDT] Volume check: 695,603.54
2025-07-04 10:35:08,686 - INFO - [BAND/USDT] Added to high volume list: $695,603.54
2025-07-04 10:35:08,930 - INFO - [XTZ/USDT] Volume check: 1,190,808.12
2025-07-04 10:35:08,930 - INFO - [XTZ/USDT] Added to high volume list: $1,190,808.12
2025-07-04 10:35:09,178 - INFO - [RVN/USDT] Volume check: 1,633,677.38
2025-07-04 10:35:09,178 - INFO - [RVN/USDT] Added to high volume list: $1,633,677.38
2025-07-04 10:35:09,421 - INFO - [HBAR/USDT] Volume check: 23,043,865.52
2025-07-04 10:35:09,421 - INFO - [HBAR/USDT] Added to high volume list: $23,043,865.52
2025-07-04 10:35:09,664 - INFO - [NKN/USDT] Volume check: 1,026,236.64
2025-07-04 10:35:09,664 - INFO - [NKN/USDT] Added to high volume list: $1,026,236.64
2025-07-04 10:35:09,906 - INFO - [STX/USDT] Volume check: 4,482,246.72
2025-07-04 10:35:09,906 - INFO - [STX/USDT] Added to high volume list: $4,482,246.72
2025-07-04 10:35:10,150 - INFO - [KAVA/USDT] Volume check: 2,209,843.66
2025-07-04 10:35:10,151 - INFO - [KAVA/USDT] Added to high volume list: $2,209,843.66
2025-07-04 10:35:10,394 - INFO - [ARPA/USDT] Volume check: 2,460,219.87
2025-07-04 10:35:10,395 - INFO - [ARPA/USDT] Added to high volume list: $2,460,219.87
2025-07-04 10:35:11,017 - INFO - [IOTX/USDT] Volume check: 1,100,873.14
2025-07-04 10:35:11,018 - INFO - [IOTX/USDT] Added to high volume list: $1,100,873.14
2025-07-04 10:35:11,259 - INFO - [RLC/USDT] Volume check: 384,256.70
2025-07-04 10:35:11,259 - INFO - [RLC/USDT] Excluded due to low volume: $384,256.70
2025-07-04 10:35:11,513 - INFO - [BCH/USDT] Volume check: 26,220,969.24
2025-07-04 10:35:11,513 - INFO - [BCH/USDT] Added to high volume list: $26,220,969.24
2025-07-04 10:35:11,754 - INFO - [FTT/USDT] Volume check: 908,789.63
2025-07-04 10:35:11,754 - INFO - [FTT/USDT] Added to high volume list: $908,789.63
2025-07-04 10:35:11,998 - INFO - [EUR/USDT] Volume check: 35,941,456.15
2025-07-04 10:35:11,998 - INFO - [EUR/USDT] Added to high volume list: $35,941,456.15
2025-07-04 10:35:12,242 - INFO - [OGN/USDT] Volume check: 1,058,188.84
2025-07-04 10:35:12,242 - INFO - [OGN/USDT] Added to high volume list: $1,058,188.84
2025-07-04 10:35:12,487 - INFO - [LSK/USDT] Volume check: 272,753.09
2025-07-04 10:35:12,487 - INFO - [LSK/USDT] Excluded due to low volume: $272,753.09
2025-07-04 10:35:12,732 - INFO - [BNT/USDT] Volume check: 223,964.90
2025-07-04 10:35:12,732 - INFO - [BNT/USDT] Excluded due to low volume: $223,964.90
2025-07-04 10:35:12,978 - INFO - [MBL/USDT] Volume check: 1,670,686.75
2025-07-04 10:35:12,979 - INFO - [MBL/USDT] Added to high volume list: $1,670,686.75
2025-07-04 10:35:13,221 - INFO - [COTI/USDT] Volume check: 1,028,930.20
2025-07-04 10:35:13,222 - INFO - [COTI/USDT] Added to high volume list: $1,028,930.20
2025-07-04 10:35:13,471 - INFO - [DATA/USDT] Volume check: 609,035.55
2025-07-04 10:35:13,471 - INFO - [DATA/USDT] Added to high volume list: $609,035.55
2025-07-04 10:35:13,719 - INFO - [SOL/USDT] Volume check: 400,000,383.69
2025-07-04 10:35:13,720 - INFO - [SOL/USDT] Added to high volume list: $400,000,383.69
2025-07-04 10:35:13,972 - INFO - [CTSI/USDT] Volume check: 258,201.03
2025-07-04 10:35:13,972 - INFO - [CTSI/USDT] Excluded due to low volume: $258,201.03
2025-07-04 10:35:14,219 - INFO - [HIVE/USDT] Volume check: 1,117,323.13
2025-07-04 10:35:14,219 - INFO - [HIVE/USDT] Added to high volume list: $1,117,323.13
2025-07-04 10:35:14,462 - INFO - [CHR/USDT] Volume check: 871,069.25
2025-07-04 10:35:14,462 - INFO - [CHR/USDT] Added to high volume list: $871,069.25
2025-07-04 10:35:14,708 - INFO - [ARDR/USDT] Volume check: 287,846.36
2025-07-04 10:35:14,709 - INFO - [ARDR/USDT] Excluded due to low volume: $287,846.36
2025-07-04 10:35:14,958 - INFO - [MDT/USDT] Volume check: 661,697.71
2025-07-04 10:35:14,959 - INFO - [MDT/USDT] Added to high volume list: $661,697.71
2025-07-04 10:35:15,204 - INFO - [KNC/USDT] Volume check: 346,867.60
2025-07-04 10:35:15,204 - INFO - [KNC/USDT] Excluded due to low volume: $346,867.60
2025-07-04 10:35:15,454 - INFO - [LRC/USDT] Volume check: 1,673,211.44
2025-07-04 10:35:15,455 - INFO - [LRC/USDT] Added to high volume list: $1,673,211.44
2025-07-04 10:35:15,708 - INFO - [COMP/USDT] Volume check: 5,972,230.01
2025-07-04 10:35:15,709 - INFO - [COMP/USDT] Added to high volume list: $5,972,230.01
2025-07-04 10:35:15,953 - INFO - [SC/USDT] Volume check: 309,101.69
2025-07-04 10:35:15,954 - INFO - [SC/USDT] Excluded due to low volume: $309,101.69
2025-07-04 10:35:16,205 - INFO - [ZEN/USDT] Volume check: 2,356,158.71
2025-07-04 10:35:16,206 - INFO - [ZEN/USDT] Added to high volume list: $2,356,158.71
2025-07-04 10:35:16,451 - INFO - [SNX/USDT] Volume check: 703,388.35
2025-07-04 10:35:16,464 - INFO - [SNX/USDT] Added to high volume list: $703,388.35
2025-07-04 10:35:16,714 - INFO - [VTHO/USDT] Volume check: 547,842.26
2025-07-04 10:35:16,714 - INFO - [VTHO/USDT] Added to high volume list: $547,842.26
2025-07-04 10:35:16,958 - INFO - [DGB/USDT] Volume check: 379,139.74
2025-07-04 10:35:16,958 - INFO - [DGB/USDT] Excluded due to low volume: $379,139.74
2025-07-04 10:35:17,203 - INFO - [SXP/USDT] Volume check: 2,414,769.43
2025-07-04 10:35:17,205 - INFO - [SXP/USDT] Added to high volume list: $2,414,769.43
2025-07-04 10:35:17,450 - INFO - [MKR/USDT] Volume check: 5,298,090.20
2025-07-04 10:35:17,452 - INFO - [MKR/USDT] Added to high volume list: $5,298,090.20
2025-07-04 10:35:17,701 - INFO - [DCR/USDT] Volume check: 431,992.67
2025-07-04 10:35:17,701 - INFO - [DCR/USDT] Excluded due to low volume: $431,992.67
2025-07-04 10:35:17,954 - INFO - [STORJ/USDT] Volume check: 729,087.48
2025-07-04 10:35:17,955 - INFO - [STORJ/USDT] Added to high volume list: $729,087.48
2025-07-04 10:35:18,198 - INFO - [MANA/USDT] Volume check: 2,193,910.49
2025-07-04 10:35:18,198 - INFO - [MANA/USDT] Added to high volume list: $2,193,910.49
2025-07-04 10:35:18,451 - INFO - [YFI/USDT] Volume check: 1,613,920.86
2025-07-04 10:35:18,451 - INFO - [YFI/USDT] Added to high volume list: $1,613,920.86
2025-07-04 10:35:18,695 - INFO - [JST/USDT] Volume check: 1,266,581.46
2025-07-04 10:35:18,696 - INFO - [JST/USDT] Added to high volume list: $1,266,581.46
2025-07-04 10:35:18,946 - INFO - [CRV/USDT] Volume check: 13,569,577.20
2025-07-04 10:35:18,946 - INFO - [CRV/USDT] Added to high volume list: $13,569,577.20
2025-07-04 10:35:19,190 - INFO - [SAND/USDT] Volume check: 2,398,040.88
2025-07-04 10:35:19,190 - INFO - [SAND/USDT] Added to high volume list: $2,398,040.88
2025-07-04 10:35:19,433 - INFO - [NMR/USDT] Volume check: 1,108,845.56
2025-07-04 10:35:19,434 - INFO - [NMR/USDT] Added to high volume list: $1,108,845.56
2025-07-04 10:35:19,687 - INFO - [DOT/USDT] Volume check: 19,274,083.04
2025-07-04 10:35:19,687 - INFO - [DOT/USDT] Added to high volume list: $19,274,083.04
2025-07-04 10:35:19,931 - INFO - [LUNA/USDT] Volume check: 1,593,905.61
2025-07-04 10:35:19,931 - INFO - [LUNA/USDT] Added to high volume list: $1,593,905.61
2025-07-04 10:35:20,175 - INFO - [RSR/USDT] Volume check: 3,578,823.07
2025-07-04 10:35:20,175 - INFO - [RSR/USDT] Added to high volume list: $3,578,823.07
2025-07-04 10:35:20,423 - INFO - [PAXG/USDT] Volume check: 8,840,605.84
2025-07-04 10:35:20,423 - INFO - [PAXG/USDT] Added to high volume list: $8,840,605.84
2025-07-04 10:35:20,666 - INFO - [TRB/USDT] Volume check: 4,169,883.41
2025-07-04 10:35:20,667 - INFO - [TRB/USDT] Added to high volume list: $4,169,883.41
2025-07-04 10:35:20,911 - INFO - [SUSHI/USDT] Volume check: 2,489,321.09
2025-07-04 10:35:20,911 - INFO - [SUSHI/USDT] Added to high volume list: $2,489,321.09
2025-07-04 10:35:21,159 - INFO - [KSM/USDT] Volume check: 1,030,551.80
2025-07-04 10:35:21,159 - INFO - [KSM/USDT] Added to high volume list: $1,030,551.80
2025-07-04 10:35:21,413 - INFO - [EGLD/USDT] Volume check: 1,001,725.45
2025-07-04 10:35:21,413 - INFO - [EGLD/USDT] Added to high volume list: $1,001,725.45
2025-07-04 10:35:21,663 - INFO - [DIA/USDT] Volume check: 420,553.21
2025-07-04 10:35:21,663 - INFO - [DIA/USDT] Excluded due to low volume: $420,553.21
2025-07-04 10:35:21,907 - INFO - [RUNE/USDT] Volume check: 10,880,074.29
2025-07-04 10:35:21,907 - INFO - [RUNE/USDT] Added to high volume list: $10,880,074.29
2025-07-04 10:35:22,152 - INFO - [FIO/USDT] Volume check: 528,077.65
2025-07-04 10:35:22,152 - INFO - [FIO/USDT] Added to high volume list: $528,077.65
2025-07-04 10:35:22,395 - INFO - [UMA/USDT] Volume check: 519,338.30
2025-07-04 10:35:22,395 - INFO - [UMA/USDT] Added to high volume list: $519,338.30
2025-07-04 10:35:22,649 - INFO - [BEL/USDT] Volume check: 2,872,762.56
2025-07-04 10:35:22,649 - INFO - [BEL/USDT] Added to high volume list: $2,872,762.56
2025-07-04 10:35:22,890 - INFO - [UNI/USDT] Volume check: 75,430,946.77
2025-07-04 10:35:22,891 - INFO - [UNI/USDT] Added to high volume list: $75,430,946.77
2025-07-04 10:35:23,135 - INFO - [OXT/USDT] Volume check: 257,292.65
2025-07-04 10:35:23,135 - INFO - [OXT/USDT] Excluded due to low volume: $257,292.65
2025-07-04 10:35:23,377 - INFO - [SUN/USDT] Volume check: 440,518.43
2025-07-04 10:35:23,378 - INFO - [SUN/USDT] Excluded due to low volume: $440,518.43
2025-07-04 10:35:23,618 - INFO - [AVAX/USDT] Volume check: 43,188,312.59
2025-07-04 10:35:23,618 - INFO - [AVAX/USDT] Added to high volume list: $43,188,312.59
2025-07-04 10:35:23,860 - INFO - [FLM/USDT] Volume check: 1,048,354.30
2025-07-04 10:35:23,860 - INFO - [FLM/USDT] Added to high volume list: $1,048,354.30
2025-07-04 10:35:24,102 - INFO - [UTK/USDT] Volume check: 391,814.61
2025-07-04 10:35:24,102 - INFO - [UTK/USDT] Excluded due to low volume: $391,814.61
2025-07-04 10:35:24,344 - INFO - [XVS/USDT] Volume check: 456,096.19
2025-07-04 10:35:24,345 - INFO - [XVS/USDT] Excluded due to low volume: $456,096.19
2025-07-04 10:35:24,587 - INFO - [AAVE/USDT] Volume check: 49,905,956.66
2025-07-04 10:35:24,588 - INFO - [AAVE/USDT] Added to high volume list: $49,905,956.66
2025-07-04 10:35:24,834 - INFO - [NEAR/USDT] Volume check: 28,813,122.04
2025-07-04 10:35:24,834 - INFO - [NEAR/USDT] Added to high volume list: $28,813,122.04
2025-07-04 10:35:25,077 - INFO - [FIL/USDT] Volume check: 12,065,261.72
2025-07-04 10:35:25,077 - INFO - [FIL/USDT] Added to high volume list: $12,065,261.72
2025-07-04 10:35:25,331 - INFO - [INJ/USDT] Volume check: 11,565,388.37
2025-07-04 10:35:25,332 - INFO - [INJ/USDT] Added to high volume list: $11,565,388.37
2025-07-04 10:35:25,574 - INFO - [AUDIO/USDT] Volume check: 681,859.20
2025-07-04 10:35:25,574 - INFO - [AUDIO/USDT] Added to high volume list: $681,859.20
2025-07-04 10:35:25,820 - INFO - [CTK/USDT] Volume check: 1,843,082.54
2025-07-04 10:35:25,821 - INFO - [CTK/USDT] Added to high volume list: $1,843,082.54
2025-07-04 10:35:26,068 - INFO - [AXS/USDT] Volume check: 3,713,150.35
2025-07-04 10:35:26,068 - INFO - [AXS/USDT] Added to high volume list: $3,713,150.35
2025-07-04 10:35:26,313 - INFO - [STRAX/USDT] Volume check: 6,463,906.61
2025-07-04 10:35:26,314 - INFO - [STRAX/USDT] Added to high volume list: $6,463,906.61
2025-07-04 10:35:26,579 - INFO - [ROSE/USDT] Volume check: 2,014,146.40
2025-07-04 10:35:26,580 - INFO - [ROSE/USDT] Added to high volume list: $2,014,146.40
2025-07-04 10:35:26,828 - INFO - [AVA/USDT] Volume check: 568,490.19
2025-07-04 10:35:26,829 - INFO - [AVA/USDT] Added to high volume list: $568,490.19
2025-07-04 10:35:27,079 - INFO - [SKL/USDT] Volume check: 673,547.87
2025-07-04 10:35:27,080 - INFO - [SKL/USDT] Added to high volume list: $673,547.87
2025-07-04 10:35:27,324 - INFO - [GRT/USDT] Volume check: 2,462,058.85
2025-07-04 10:35:27,324 - INFO - [GRT/USDT] Added to high volume list: $2,462,058.85
2025-07-04 10:35:27,576 - INFO - [JUV/USDT] Volume check: 808,893.84
2025-07-04 10:35:27,576 - INFO - [JUV/USDT] Added to high volume list: $808,893.84
2025-07-04 10:35:27,826 - INFO - [PSG/USDT] Volume check: 382,439.16
2025-07-04 10:35:27,826 - INFO - [PSG/USDT] Excluded due to low volume: $382,439.16
2025-07-04 10:35:28,072 - INFO - [1INCH/USDT] Volume check: 2,086,929.40
2025-07-04 10:35:28,072 - INFO - [1INCH/USDT] Added to high volume list: $2,086,929.40
2025-07-04 10:35:28,316 - INFO - [OG/USDT] Volume check: 786,443.18
2025-07-04 10:35:28,317 - INFO - [OG/USDT] Added to high volume list: $786,443.18
2025-07-04 10:35:28,561 - INFO - [ATM/USDT] Volume check: 245,350.06
2025-07-04 10:35:28,561 - INFO - [ATM/USDT] Excluded due to low volume: $245,350.06
2025-07-04 10:35:28,803 - INFO - [ASR/USDT] Volume check: 449,436.09
2025-07-04 10:35:28,804 - INFO - [ASR/USDT] Excluded due to low volume: $449,436.09
2025-07-04 10:35:29,054 - INFO - [CELO/USDT] Volume check: 1,736,125.48
2025-07-04 10:35:29,054 - INFO - [CELO/USDT] Added to high volume list: $1,736,125.48
2025-07-04 10:35:29,300 - INFO - [RIF/USDT] Volume check: 230,289.31
2025-07-04 10:35:29,300 - INFO - [RIF/USDT] Excluded due to low volume: $230,289.31
2025-07-04 10:35:29,545 - INFO - [TRU/USDT] Volume check: 827,364.78
2025-07-04 10:35:29,545 - INFO - [TRU/USDT] Added to high volume list: $827,364.78
2025-07-04 10:35:29,790 - INFO - [CKB/USDT] Volume check: 981,734.40
2025-07-04 10:35:29,791 - INFO - [CKB/USDT] Added to high volume list: $981,734.40
2025-07-04 10:35:30,033 - INFO - [TWT/USDT] Volume check: 450,531.77
2025-07-04 10:35:30,033 - INFO - [TWT/USDT] Excluded due to low volume: $450,531.77
2025-07-04 10:35:30,280 - INFO - [SFP/USDT] Volume check: 308,956.20
2025-07-04 10:35:30,281 - INFO - [SFP/USDT] Excluded due to low volume: $308,956.20
2025-07-04 10:35:30,526 - INFO - [DODO/USDT] Volume check: 497,302.48
2025-07-04 10:35:30,526 - INFO - [DODO/USDT] Excluded due to low volume: $497,302.48
2025-07-04 10:35:30,773 - INFO - [CAKE/USDT] Volume check: 9,071,731.42
2025-07-04 10:35:30,774 - INFO - [CAKE/USDT] Added to high volume list: $9,071,731.42
2025-07-04 10:35:31,029 - INFO - [ACM/USDT] Volume check: 552,487.71
2025-07-04 10:35:31,030 - INFO - [ACM/USDT] Added to high volume list: $552,487.71
2025-07-04 10:35:31,271 - INFO - [FIS/USDT] Volume check: 928,067.60
2025-07-04 10:35:31,272 - INFO - [FIS/USDT] Added to high volume list: $928,067.60
2025-07-04 10:35:31,515 - INFO - [OM/USDT] Volume check: 6,190,193.98
2025-07-04 10:35:31,515 - INFO - [OM/USDT] Added to high volume list: $6,190,193.98
2025-07-04 10:35:31,756 - INFO - [POND/USDT] Volume check: 364,187.97
2025-07-04 10:35:31,757 - INFO - [POND/USDT] Excluded due to low volume: $364,187.97
2025-07-04 10:35:32,002 - INFO - [DEGO/USDT] Volume check: 628,679.23
2025-07-04 10:35:32,003 - INFO - [DEGO/USDT] Added to high volume list: $628,679.23
2025-07-04 10:35:32,258 - INFO - [ALICE/USDT] Volume check: 964,749.11
2025-07-04 10:35:32,259 - INFO - [ALICE/USDT] Added to high volume list: $964,749.11
2025-07-04 10:35:32,502 - INFO - [PERP/USDT] Volume check: 863,157.60
2025-07-04 10:35:32,503 - INFO - [PERP/USDT] Added to high volume list: $863,157.60
2025-07-04 10:35:32,756 - INFO - [SUPER/USDT] Volume check: 2,287,537.87
2025-07-04 10:35:32,757 - INFO - [SUPER/USDT] Added to high volume list: $2,287,537.87
2025-07-04 10:35:33,002 - INFO - [CFX/USDT] Volume check: 3,497,999.09
2025-07-04 10:35:33,002 - INFO - [CFX/USDT] Added to high volume list: $3,497,999.09
2025-07-04 10:35:33,256 - INFO - [TKO/USDT] Volume check: 441,983.31
2025-07-04 10:35:33,257 - INFO - [TKO/USDT] Excluded due to low volume: $441,983.31
2025-07-04 10:35:33,501 - INFO - [PUNDIX/USDT] Volume check: 659,899.95
2025-07-04 10:35:33,501 - INFO - [PUNDIX/USDT] Added to high volume list: $659,899.95
2025-07-04 10:35:33,755 - INFO - [TLM/USDT] Volume check: 611,444.49
2025-07-04 10:35:33,755 - INFO - [TLM/USDT] Added to high volume list: $611,444.49
2025-07-04 10:35:34,000 - INFO - [BAR/USDT] Volume check: 456,978.14
2025-07-04 10:35:34,001 - INFO - [BAR/USDT] Excluded due to low volume: $456,978.14
2025-07-04 10:35:34,246 - INFO - [FORTH/USDT] Volume check: 428,129.32
2025-07-04 10:35:34,247 - INFO - [FORTH/USDT] Excluded due to low volume: $428,129.32
2025-07-04 10:35:34,498 - INFO - [BAKE/USDT] Volume check: 1,107,502.57
2025-07-04 10:35:34,499 - INFO - [BAKE/USDT] Added to high volume list: $1,107,502.57
2025-07-04 10:35:34,749 - INFO - [SLP/USDT] Volume check: 400,323.72
2025-07-04 10:35:34,749 - INFO - [SLP/USDT] Excluded due to low volume: $400,323.72
2025-07-04 10:35:34,996 - INFO - [SHIB/USDT] Volume check: 14,095,248.29
2025-07-04 10:35:34,996 - INFO - [SHIB/USDT] Added to high volume list: $14,095,248.29
2025-07-04 10:35:35,242 - INFO - [ICP/USDT] Volume check: 7,247,283.66
2025-07-04 10:35:35,242 - INFO - [ICP/USDT] Added to high volume list: $7,247,283.66
2025-07-04 10:35:35,487 - INFO - [AR/USDT] Volume check: 3,219,758.01
2025-07-04 10:35:35,488 - INFO - [AR/USDT] Added to high volume list: $3,219,758.01
2025-07-04 10:35:35,752 - INFO - [MASK/USDT] Volume check: 2,803,713.21
2025-07-04 10:35:35,752 - INFO - [MASK/USDT] Added to high volume list: $2,803,713.21
2025-07-04 10:35:35,998 - INFO - [LPT/USDT] Volume check: 3,770,802.11
2025-07-04 10:35:35,999 - INFO - [LPT/USDT] Added to high volume list: $3,770,802.11
2025-07-04 10:35:36,238 - INFO - [XVG/USDT] Volume check: 685,922.51
2025-07-04 10:35:36,239 - INFO - [XVG/USDT] Added to high volume list: $685,922.51
2025-07-04 10:35:36,481 - INFO - [ATA/USDT] Volume check: 1,911,700.24
2025-07-04 10:35:36,482 - INFO - [ATA/USDT] Added to high volume list: $1,911,700.24
2025-07-04 10:35:36,728 - INFO - [GTC/USDT] Volume check: 173,415.13
2025-07-04 10:35:36,728 - INFO - [GTC/USDT] Excluded due to low volume: $173,415.13
2025-07-04 10:35:36,970 - INFO - [PHA/USDT] Volume check: 774,489.08
2025-07-04 10:35:36,970 - INFO - [PHA/USDT] Added to high volume list: $774,489.08
2025-07-04 10:35:37,215 - INFO - [MLN/USDT] Volume check: 461,535.28
2025-07-04 10:35:37,215 - INFO - [MLN/USDT] Excluded due to low volume: $461,535.28
2025-07-04 10:35:37,458 - INFO - [DEXE/USDT] Volume check: 1,204,333.54
2025-07-04 10:35:37,459 - INFO - [DEXE/USDT] Added to high volume list: $1,204,333.54
2025-07-04 10:35:37,705 - INFO - [C98/USDT] Volume check: 647,929.00
2025-07-04 10:35:37,706 - INFO - [C98/USDT] Added to high volume list: $647,929.00
2025-07-04 10:35:37,951 - INFO - [QNT/USDT] Volume check: 1,958,463.13
2025-07-04 10:35:37,953 - INFO - [QNT/USDT] Added to high volume list: $1,958,463.13
2025-07-04 10:35:38,194 - INFO - [FLOW/USDT] Volume check: 1,054,570.04
2025-07-04 10:35:38,194 - INFO - [FLOW/USDT] Added to high volume list: $1,054,570.04
2025-07-04 10:35:38,438 - INFO - [MINA/USDT] Volume check: 1,555,608.59
2025-07-04 10:35:38,438 - INFO - [MINA/USDT] Added to high volume list: $1,555,608.59
2025-07-04 10:35:38,680 - INFO - [RAY/USDT] Volume check: 7,048,281.59
2025-07-04 10:35:38,680 - INFO - [RAY/USDT] Added to high volume list: $7,048,281.59
2025-07-04 10:35:38,933 - INFO - [FARM/USDT] Volume check: 345,462.97
2025-07-04 10:35:38,933 - INFO - [FARM/USDT] Excluded due to low volume: $345,462.97
2025-07-04 10:35:39,186 - INFO - [QUICK/USDT] Volume check: 591,477.73
2025-07-04 10:35:39,186 - INFO - [QUICK/USDT] Added to high volume list: $591,477.73
2025-07-04 10:35:39,427 - INFO - [MBOX/USDT] Volume check: 1,559,648.07
2025-07-04 10:35:39,427 - INFO - [MBOX/USDT] Added to high volume list: $1,559,648.07
2025-07-04 10:35:39,670 - INFO - [REQ/USDT] Volume check: 215,011.83
2025-07-04 10:35:39,670 - INFO - [REQ/USDT] Excluded due to low volume: $215,011.83
2025-07-04 10:35:39,918 - INFO - [GHST/USDT] Volume check: 266,311.82
2025-07-04 10:35:39,918 - INFO - [GHST/USDT] Excluded due to low volume: $266,311.82
2025-07-04 10:35:40,161 - INFO - [WAXP/USDT] Volume check: 370,306.63
2025-07-04 10:35:40,161 - INFO - [WAXP/USDT] Excluded due to low volume: $370,306.63
2025-07-04 10:35:40,404 - INFO - [GNO/USDT] Volume check: 351,145.82
2025-07-04 10:35:40,404 - INFO - [GNO/USDT] Excluded due to low volume: $351,145.82
2025-07-04 10:35:40,648 - INFO - [XEC/USDT] Volume check: 300,438.84
2025-07-04 10:35:40,648 - INFO - [XEC/USDT] Excluded due to low volume: $300,438.84
2025-07-04 10:35:40,891 - INFO - [DYDX/USDT] Volume check: 4,439,881.00
2025-07-04 10:35:40,891 - INFO - [DYDX/USDT] Added to high volume list: $4,439,881.00
2025-07-04 10:35:41,138 - INFO - [IDEX/USDT] Volume check: 522,440.75
2025-07-04 10:35:41,138 - INFO - [IDEX/USDT] Added to high volume list: $522,440.75
2025-07-04 10:35:41,386 - INFO - [USDP/USDT] Volume check: 1,579,116.29
2025-07-04 10:35:41,387 - INFO - [USDP/USDT] Added to high volume list: $1,579,116.29
2025-07-04 10:35:41,633 - INFO - [GALA/USDT] Volume check: 10,022,213.19
2025-07-04 10:35:41,633 - INFO - [GALA/USDT] Added to high volume list: $10,022,213.19
2025-07-04 10:35:41,877 - INFO - [ILV/USDT] Volume check: 914,992.19
2025-07-04 10:35:41,878 - INFO - [ILV/USDT] Added to high volume list: $914,992.19
2025-07-04 10:35:42,122 - INFO - [YGG/USDT] Volume check: 1,822,177.22
2025-07-04 10:35:42,122 - INFO - [YGG/USDT] Added to high volume list: $1,822,177.22
2025-07-04 10:35:42,371 - INFO - [SYS/USDT] Volume check: 339,132.45
2025-07-04 10:35:42,372 - INFO - [SYS/USDT] Excluded due to low volume: $339,132.45
2025-07-04 10:35:42,614 - INFO - [DF/USDT] Volume check: 455,496.80
2025-07-04 10:35:42,614 - INFO - [DF/USDT] Excluded due to low volume: $455,496.80
2025-07-04 10:35:42,856 - INFO - [FIDA/USDT] Volume check: 3,774,121.19
2025-07-04 10:35:42,857 - INFO - [FIDA/USDT] Added to high volume list: $3,774,121.19
2025-07-04 10:35:43,118 - INFO - [AGLD/USDT] Volume check: 1,432,708.29
2025-07-04 10:35:43,118 - INFO - [AGLD/USDT] Added to high volume list: $1,432,708.29
2025-07-04 10:35:43,362 - INFO - [RAD/USDT] Volume check: 335,285.92
2025-07-04 10:35:43,363 - INFO - [RAD/USDT] Excluded due to low volume: $335,285.92
2025-07-04 10:35:43,616 - INFO - [RARE/USDT] Volume check: 1,395,538.40
2025-07-04 10:35:43,616 - INFO - [RARE/USDT] Added to high volume list: $1,395,538.40
2025-07-04 10:35:43,867 - INFO - [LAZIO/USDT] Volume check: 627,612.07
2025-07-04 10:35:43,868 - INFO - [LAZIO/USDT] Added to high volume list: $627,612.07
2025-07-04 10:35:44,124 - INFO - [CHESS/USDT] Volume check: 6,742,920.79
2025-07-04 10:35:44,124 - INFO - [CHESS/USDT] Added to high volume list: $6,742,920.79
2025-07-04 10:35:44,369 - INFO - [ADX/USDT] Volume check: 636,818.47
2025-07-04 10:35:44,370 - INFO - [ADX/USDT] Added to high volume list: $636,818.47
2025-07-04 10:35:44,612 - INFO - [AUCTION/USDT] Volume check: 1,246,505.67
2025-07-04 10:35:44,612 - INFO - [AUCTION/USDT] Added to high volume list: $1,246,505.67
2025-07-04 10:35:44,858 - INFO - [MOVR/USDT] Volume check: 415,174.20
2025-07-04 10:35:44,859 - INFO - [MOVR/USDT] Excluded due to low volume: $415,174.20
2025-07-04 10:35:45,102 - INFO - [CITY/USDT] Volume check: 733,593.66
2025-07-04 10:35:45,103 - INFO - [CITY/USDT] Added to high volume list: $733,593.66
2025-07-04 10:35:45,347 - INFO - [ENS/USDT] Volume check: 4,543,490.64
2025-07-04 10:35:45,347 - INFO - [ENS/USDT] Added to high volume list: $4,543,490.64
2025-07-04 10:35:45,599 - INFO - [QI/USDT] Volume check: 412,452.21
2025-07-04 10:35:45,599 - INFO - [QI/USDT] Excluded due to low volume: $412,452.21
2025-07-04 10:35:45,842 - INFO - [PORTO/USDT] Volume check: 298,724.91
2025-07-04 10:35:45,842 - INFO - [PORTO/USDT] Excluded due to low volume: $298,724.91
2025-07-04 10:35:46,092 - INFO - [POWR/USDT] Volume check: 202,710.90
2025-07-04 10:35:46,093 - INFO - [POWR/USDT] Excluded due to low volume: $202,710.90
2025-07-04 10:35:46,345 - INFO - [JASMY/USDT] Volume check: 4,689,354.84
2025-07-04 10:35:46,345 - INFO - [JASMY/USDT] Added to high volume list: $4,689,354.84
2025-07-04 10:35:46,589 - INFO - [AMP/USDT] Volume check: 5,099,927.31
2025-07-04 10:35:46,590 - INFO - [AMP/USDT] Added to high volume list: $5,099,927.31
2025-07-04 10:35:46,832 - INFO - [PYR/USDT] Volume check: 1,217,442.52
2025-07-04 10:35:46,833 - INFO - [PYR/USDT] Added to high volume list: $1,217,442.52
2025-07-04 10:35:47,084 - INFO - [ALCX/USDT] Volume check: 358,959.20
2025-07-04 10:35:47,085 - INFO - [ALCX/USDT] Excluded due to low volume: $358,959.20
2025-07-04 10:35:47,330 - INFO - [SANTOS/USDT] Volume check: 1,153,854.17
2025-07-04 10:35:47,330 - INFO - [SANTOS/USDT] Added to high volume list: $1,153,854.17
2025-07-04 10:35:47,574 - INFO - [BICO/USDT] Volume check: 575,507.34
2025-07-04 10:35:47,575 - INFO - [BICO/USDT] Added to high volume list: $575,507.34
2025-07-04 10:35:47,821 - INFO - [FLUX/USDT] Volume check: 1,705,869.37
2025-07-04 10:35:47,822 - INFO - [FLUX/USDT] Added to high volume list: $1,705,869.37
2025-07-04 10:35:48,065 - INFO - [FXS/USDT] Volume check: 687,529.27
2025-07-04 10:35:48,065 - INFO - [FXS/USDT] Added to high volume list: $687,529.27
2025-07-04 10:35:48,307 - INFO - [VOXEL/USDT] Volume check: 4,399,518.78
2025-07-04 10:35:48,308 - INFO - [VOXEL/USDT] Added to high volume list: $4,399,518.78
2025-07-04 10:35:48,551 - INFO - [HIGH/USDT] Volume check: 660,875.59
2025-07-04 10:35:48,551 - INFO - [HIGH/USDT] Added to high volume list: $660,875.59
2025-07-04 10:35:48,804 - INFO - [CVX/USDT] Volume check: 720,771.34
2025-07-04 10:35:48,804 - INFO - [CVX/USDT] Added to high volume list: $720,771.34
2025-07-04 10:35:49,046 - INFO - [PEOPLE/USDT] Volume check: 5,661,782.43
2025-07-04 10:35:49,046 - INFO - [PEOPLE/USDT] Added to high volume list: $5,661,782.43
2025-07-04 10:35:49,291 - INFO - [SPELL/USDT] Volume check: 687,677.38
2025-07-04 10:35:49,291 - INFO - [SPELL/USDT] Added to high volume list: $687,677.38
2025-07-04 10:35:49,534 - INFO - [JOE/USDT] Volume check: 432,924.60
2025-07-04 10:35:49,535 - INFO - [JOE/USDT] Excluded due to low volume: $432,924.60
2025-07-04 10:35:49,786 - INFO - [ACH/USDT] Volume check: 2,654,605.18
2025-07-04 10:35:49,787 - INFO - [ACH/USDT] Added to high volume list: $2,654,605.18
2025-07-04 10:35:50,027 - INFO - [IMX/USDT] Volume check: 2,219,866.27
2025-07-04 10:35:50,029 - INFO - [IMX/USDT] Added to high volume list: $2,219,866.27
2025-07-04 10:35:50,273 - INFO - [GLMR/USDT] Volume check: 521,249.28
2025-07-04 10:35:50,274 - INFO - [GLMR/USDT] Added to high volume list: $521,249.28
2025-07-04 10:35:50,514 - INFO - [LOKA/USDT] Volume check: 9,052,421.60
2025-07-04 10:35:50,515 - INFO - [LOKA/USDT] Added to high volume list: $9,052,421.60
2025-07-04 10:35:50,771 - INFO - [SCRT/USDT] Volume check: 214,252.72
2025-07-04 10:35:50,772 - INFO - [SCRT/USDT] Excluded due to low volume: $214,252.72
2025-07-04 10:35:51,018 - INFO - [API3/USDT] Volume check: 1,380,680.64
2025-07-04 10:35:51,018 - INFO - [API3/USDT] Added to high volume list: $1,380,680.64
2025-07-04 10:35:51,264 - INFO - [BTTC/USDT] Volume check: 720,168.10
2025-07-04 10:35:51,264 - INFO - [BTTC/USDT] Added to high volume list: $720,168.10
2025-07-04 10:35:51,506 - INFO - [ACA/USDT] Volume check: 663,755.75
2025-07-04 10:35:51,506 - INFO - [ACA/USDT] Added to high volume list: $663,755.75
2025-07-04 10:35:51,752 - INFO - [XNO/USDT] Volume check: 187,798.93
2025-07-04 10:35:51,752 - INFO - [XNO/USDT] Excluded due to low volume: $187,798.93
2025-07-04 10:35:51,994 - INFO - [WOO/USDT] Volume check: 742,305.68
2025-07-04 10:35:51,994 - INFO - [WOO/USDT] Added to high volume list: $742,305.68
2025-07-04 10:35:52,239 - INFO - [ALPINE/USDT] Volume check: 317,886.21
2025-07-04 10:35:52,240 - INFO - [ALPINE/USDT] Excluded due to low volume: $317,886.21
2025-07-04 10:35:52,480 - INFO - [T/USDT] Volume check: 1,101,594.38
2025-07-04 10:35:52,481 - INFO - [T/USDT] Added to high volume list: $1,101,594.38
2025-07-04 10:35:52,725 - INFO - [ASTR/USDT] Volume check: 1,597,265.93
2025-07-04 10:35:52,726 - INFO - [ASTR/USDT] Added to high volume list: $1,597,265.93
2025-07-04 10:35:52,968 - INFO - [GMT/USDT] Volume check: 2,839,316.35
2025-07-04 10:35:52,969 - INFO - [GMT/USDT] Added to high volume list: $2,839,316.35
2025-07-04 10:35:53,214 - INFO - [KDA/USDT] Volume check: 1,072,027.59
2025-07-04 10:35:53,215 - INFO - [KDA/USDT] Added to high volume list: $1,072,027.59
2025-07-04 10:35:53,468 - INFO - [APE/USDT] Volume check: 1,416,867.06
2025-07-04 10:35:53,468 - INFO - [APE/USDT] Added to high volume list: $1,416,867.06
2025-07-04 10:35:53,713 - INFO - [BIFI/USDT] Volume check: 488,918.47
2025-07-04 10:35:53,713 - INFO - [BIFI/USDT] Excluded due to low volume: $488,918.47
2025-07-04 10:35:53,954 - INFO - [STEEM/USDT] Volume check: 542,463.16
2025-07-04 10:35:53,954 - INFO - [STEEM/USDT] Added to high volume list: $542,463.16
2025-07-04 10:35:54,202 - INFO - [NEXO/USDT] Volume check: 1,289,168.52
2025-07-04 10:35:54,202 - INFO - [NEXO/USDT] Added to high volume list: $1,289,168.52
2025-07-04 10:35:54,447 - INFO - [REI/USDT] Volume check: 504,409.90
2025-07-04 10:35:54,447 - INFO - [REI/USDT] Added to high volume list: $504,409.90
2025-07-04 10:35:54,698 - INFO - [LDO/USDT] Volume check: 9,255,196.97
2025-07-04 10:35:54,698 - INFO - [LDO/USDT] Added to high volume list: $9,255,196.97
2025-07-04 10:35:54,947 - INFO - [OP/USDT] Volume check: 10,605,493.19
2025-07-04 10:35:54,948 - INFO - [OP/USDT] Added to high volume list: $10,605,493.19
2025-07-04 10:35:55,198 - INFO - [STG/USDT] Volume check: 546,510.01
2025-07-04 10:35:55,199 - INFO - [STG/USDT] Added to high volume list: $546,510.01
2025-07-04 10:35:55,445 - INFO - [LUNC/USDT] Volume check: 1,323,745.67
2025-07-04 10:35:55,447 - INFO - [LUNC/USDT] Added to high volume list: $1,323,745.67
2025-07-04 10:35:55,691 - INFO - [GMX/USDT] Volume check: 942,472.69
2025-07-04 10:35:55,692 - INFO - [GMX/USDT] Added to high volume list: $942,472.69
2025-07-04 10:35:55,940 - INFO - [POLYX/USDT] Volume check: 751,605.13
2025-07-04 10:35:55,941 - INFO - [POLYX/USDT] Added to high volume list: $751,605.13
2025-07-04 10:35:56,191 - INFO - [APT/USDT] Volume check: 25,410,686.17
2025-07-04 10:35:56,191 - INFO - [APT/USDT] Added to high volume list: $25,410,686.17
2025-07-04 10:35:56,445 - INFO - [OSMO/USDT] Volume check: 447,348.29
2025-07-04 10:35:56,446 - INFO - [OSMO/USDT] Excluded due to low volume: $447,348.29
2025-07-04 10:35:56,690 - INFO - [HFT/USDT] Volume check: 13,366,218.62
2025-07-04 10:35:56,691 - INFO - [HFT/USDT] Added to high volume list: $13,366,218.62
2025-07-04 10:35:56,936 - INFO - [PHB/USDT] Volume check: 563,322.63
2025-07-04 10:35:56,936 - INFO - [PHB/USDT] Added to high volume list: $563,322.63
2025-07-04 10:35:57,222 - INFO - [HOOK/USDT] Volume check: 8,502,518.93
2025-07-04 10:35:57,222 - INFO - [HOOK/USDT] Added to high volume list: $8,502,518.93
2025-07-04 10:35:57,513 - INFO - [MAGIC/USDT] Volume check: 990,295.34
2025-07-04 10:35:57,514 - INFO - [MAGIC/USDT] Added to high volume list: $990,295.34
2025-07-04 10:35:57,770 - INFO - [HIFI/USDT] Volume check: 7,397,713.49
2025-07-04 10:35:57,770 - INFO - [HIFI/USDT] Added to high volume list: $7,397,713.49
2025-07-04 10:35:58,012 - INFO - [RPL/USDT] Volume check: 1,175,541.90
2025-07-04 10:35:58,013 - INFO - [RPL/USDT] Added to high volume list: $1,175,541.90
2025-07-04 10:35:58,258 - INFO - [GNS/USDT] Volume check: 775,274.31
2025-07-04 10:35:58,258 - INFO - [GNS/USDT] Added to high volume list: $775,274.31
2025-07-04 10:35:58,499 - INFO - [SYN/USDT] Volume check: 669,537.65
2025-07-04 10:35:58,500 - INFO - [SYN/USDT] Added to high volume list: $669,537.65
2025-07-04 10:35:58,751 - INFO - [SSV/USDT] Volume check: 2,516,803.20
2025-07-04 10:35:58,751 - INFO - [SSV/USDT] Added to high volume list: $2,516,803.20
2025-07-04 10:35:58,999 - INFO - [LQTY/USDT] Volume check: 2,000,492.38
2025-07-04 10:35:58,999 - INFO - [LQTY/USDT] Added to high volume list: $2,000,492.38
2025-07-04 10:35:59,244 - INFO - [USTC/USDT] Volume check: 981,258.96
2025-07-04 10:35:59,245 - INFO - [USTC/USDT] Added to high volume list: $981,258.96
2025-07-04 10:35:59,494 - INFO - [GAS/USDT] Volume check: 1,054,576.63
2025-07-04 10:35:59,494 - INFO - [GAS/USDT] Added to high volume list: $1,054,576.63
2025-07-04 10:35:59,740 - INFO - [GLM/USDT] Volume check: 2,143,878.25
2025-07-04 10:35:59,741 - INFO - [GLM/USDT] Added to high volume list: $2,143,878.25
2025-07-04 10:35:59,990 - INFO - [PROM/USDT] Volume check: 2,916,386.22
2025-07-04 10:35:59,992 - INFO - [PROM/USDT] Added to high volume list: $2,916,386.22
2025-07-04 10:36:00,232 - INFO - [QKC/USDT] Volume check: 1,158,574.18
2025-07-04 10:36:00,232 - INFO - [QKC/USDT] Added to high volume list: $1,158,574.18
2025-07-04 10:36:00,475 - INFO - [ID/USDT] Volume check: 1,002,839.40
2025-07-04 10:36:00,476 - INFO - [ID/USDT] Added to high volume list: $1,002,839.40
2025-07-04 10:36:00,725 - INFO - [ARB/USDT] Volume check: 27,232,055.41
2025-07-04 10:36:00,726 - INFO - [ARB/USDT] Added to high volume list: $27,232,055.41
2025-07-04 10:36:00,981 - INFO - [RDNT/USDT] Volume check: 576,679.74
2025-07-04 10:36:00,997 - INFO - [RDNT/USDT] Added to high volume list: $576,679.74
2025-07-04 10:36:01,236 - INFO - [WBTC/USDT] Volume check: 13,455,560.97
2025-07-04 10:36:01,237 - INFO - [WBTC/USDT] Added to high volume list: $13,455,560.97
2025-07-04 10:36:01,479 - INFO - [EDU/USDT] Volume check: 344,363.54
2025-07-04 10:36:01,479 - INFO - [EDU/USDT] Excluded due to low volume: $344,363.54
2025-07-04 10:36:01,733 - INFO - [SUI/USDT] Volume check: 125,138,948.76
2025-07-04 10:36:01,733 - INFO - [SUI/USDT] Added to high volume list: $125,138,948.76
2025-07-04 10:36:01,982 - INFO - [PEPE/USDT] Volume check: 193,576,565.24
2025-07-04 10:36:01,982 - INFO - [PEPE/USDT] Added to high volume list: $193,576,565.24
2025-07-04 10:36:02,235 - INFO - [FLOKI/USDT] Volume check: 18,497,684.91
2025-07-04 10:36:02,236 - INFO - [FLOKI/USDT] Added to high volume list: $18,497,684.91
2025-07-04 10:36:02,478 - INFO - [MAV/USDT] Volume check: 5,637,323.41
2025-07-04 10:36:02,478 - INFO - [MAV/USDT] Added to high volume list: $5,637,323.41
2025-07-04 10:36:02,719 - INFO - [PENDLE/USDT] Volume check: 7,453,114.61
2025-07-04 10:36:02,720 - INFO - [PENDLE/USDT] Added to high volume list: $7,453,114.61
2025-07-04 10:36:02,963 - INFO - [ARKM/USDT] Volume check: 4,063,395.23
2025-07-04 10:36:02,963 - INFO - [ARKM/USDT] Added to high volume list: $4,063,395.23
2025-07-04 10:36:03,206 - INFO - [WBETH/USDT] Volume check: 995,924.15
2025-07-04 10:36:03,206 - INFO - [WBETH/USDT] Added to high volume list: $995,924.15
2025-07-04 10:36:03,449 - INFO - [WLD/USDT] Volume check: 23,640,912.22
2025-07-04 10:36:03,450 - INFO - [WLD/USDT] Added to high volume list: $23,640,912.22
2025-07-04 10:36:03,691 - INFO - [FDUSD/USDT] Volume check: 285,214,876.23
2025-07-04 10:36:03,692 - INFO - [FDUSD/USDT] Added to high volume list: $285,214,876.23
2025-07-04 10:36:03,937 - INFO - [SEI/USDT] Volume check: 41,906,884.14
2025-07-04 10:36:03,938 - INFO - [SEI/USDT] Added to high volume list: $41,906,884.14
2025-07-04 10:36:04,180 - INFO - [CYBER/USDT] Volume check: 867,362.06
2025-07-04 10:36:04,180 - INFO - [CYBER/USDT] Added to high volume list: $867,362.06
2025-07-04 10:36:04,430 - INFO - [ARK/USDT] Volume check: 3,059,101.13
2025-07-04 10:36:04,431 - INFO - [ARK/USDT] Added to high volume list: $3,059,101.13
2025-07-04 10:36:04,675 - INFO - [IQ/USDT] Volume check: 362,454.40
2025-07-04 10:36:04,676 - INFO - [IQ/USDT] Excluded due to low volume: $362,454.40
2025-07-04 10:36:04,928 - INFO - [NTRN/USDT] Volume check: 229,053.18
2025-07-04 10:36:04,928 - INFO - [NTRN/USDT] Excluded due to low volume: $229,053.18
2025-07-04 10:36:05,174 - INFO - [TIA/USDT] Volume check: 19,152,944.83
2025-07-04 10:36:05,174 - INFO - [TIA/USDT] Added to high volume list: $19,152,944.83
2025-07-04 10:36:05,416 - INFO - [MEME/USDT] Volume check: 2,879,809.36
2025-07-04 10:36:05,416 - INFO - [MEME/USDT] Added to high volume list: $2,879,809.36
2025-07-04 10:36:05,660 - INFO - [ORDI/USDT] Volume check: 7,595,422.11
2025-07-04 10:36:05,660 - INFO - [ORDI/USDT] Added to high volume list: $7,595,422.11
2025-07-04 10:36:05,906 - INFO - [BEAMX/USDT] Volume check: 11,749,027.82
2025-07-04 10:36:05,906 - INFO - [BEAMX/USDT] Added to high volume list: $11,749,027.82
2025-07-04 10:36:06,149 - INFO - [PIVX/USDT] Volume check: 262,150.84
2025-07-04 10:36:06,150 - INFO - [PIVX/USDT] Excluded due to low volume: $262,150.84
2025-07-04 10:36:06,403 - INFO - [VIC/USDT] Volume check: 231,339.35
2025-07-04 10:36:06,403 - INFO - [VIC/USDT] Excluded due to low volume: $231,339.35
2025-07-04 10:36:06,649 - INFO - [BLUR/USDT] Volume check: 1,525,895.90
2025-07-04 10:36:06,649 - INFO - [BLUR/USDT] Added to high volume list: $1,525,895.90
2025-07-04 10:36:06,894 - INFO - [VANRY/USDT] Volume check: 1,467,829.89
2025-07-04 10:36:06,895 - INFO - [VANRY/USDT] Added to high volume list: $1,467,829.89
2025-07-04 10:36:07,155 - INFO - [AEUR/USDT] Volume check: 31,652.83
2025-07-04 10:36:07,155 - INFO - [AEUR/USDT] Excluded due to low volume: $31,652.83
2025-07-04 10:36:07,403 - INFO - [JTO/USDT] Volume check: 2,987,663.71
2025-07-04 10:36:07,404 - INFO - [JTO/USDT] Added to high volume list: $2,987,663.71
2025-07-04 10:36:07,651 - INFO - [1000SATS/USDT] Volume check: 4,058,104.81
2025-07-04 10:36:07,651 - INFO - [1000SATS/USDT] Added to high volume list: $4,058,104.81
2025-07-04 10:36:07,894 - INFO - [BONK/USDT] Volume check: 39,647,318.60
2025-07-04 10:36:07,894 - INFO - [BONK/USDT] Added to high volume list: $39,647,318.60
2025-07-04 10:36:08,144 - INFO - [ACE/USDT] Volume check: 1,246,224.59
2025-07-04 10:36:08,144 - INFO - [ACE/USDT] Added to high volume list: $1,246,224.59
2025-07-04 10:36:08,390 - INFO - [NFP/USDT] Volume check: 719,947.76
2025-07-04 10:36:08,391 - INFO - [NFP/USDT] Added to high volume list: $719,947.76
2025-07-04 10:36:08,647 - INFO - [AI/USDT] Volume check: 1,272,587.66
2025-07-04 10:36:08,647 - INFO - [AI/USDT] Added to high volume list: $1,272,587.66
2025-07-04 10:36:08,901 - INFO - [XAI/USDT] Volume check: 2,827,147.18
2025-07-04 10:36:08,902 - INFO - [XAI/USDT] Added to high volume list: $2,827,147.18
2025-07-04 10:36:09,156 - INFO - [MANTA/USDT] Volume check: 2,489,504.66
2025-07-04 10:36:09,157 - INFO - [MANTA/USDT] Added to high volume list: $2,489,504.66
2025-07-04 10:36:09,397 - INFO - [ALT/USDT] Volume check: 2,388,374.46
2025-07-04 10:36:09,398 - INFO - [ALT/USDT] Added to high volume list: $2,388,374.46
2025-07-04 10:36:09,640 - INFO - [JUP/USDT] Volume check: 8,159,123.78
2025-07-04 10:36:09,640 - INFO - [JUP/USDT] Added to high volume list: $8,159,123.78
2025-07-04 10:36:09,886 - INFO - [PYTH/USDT] Volume check: 3,046,006.81
2025-07-04 10:36:09,886 - INFO - [PYTH/USDT] Added to high volume list: $3,046,006.81
2025-07-04 10:36:10,129 - INFO - [RONIN/USDT] Volume check: 17,314,976.69
2025-07-04 10:36:10,130 - INFO - [RONIN/USDT] Added to high volume list: $17,314,976.69
2025-07-04 10:36:10,370 - INFO - [DYM/USDT] Volume check: 1,351,100.29
2025-07-04 10:36:10,371 - INFO - [DYM/USDT] Added to high volume list: $1,351,100.29
2025-07-04 10:36:10,621 - INFO - [PIXEL/USDT] Volume check: 6,481,297.45
2025-07-04 10:36:10,621 - INFO - [PIXEL/USDT] Added to high volume list: $6,481,297.45
2025-07-04 10:36:10,869 - INFO - [STRK/USDT] Volume check: 2,342,579.71
2025-07-04 10:36:10,870 - INFO - [STRK/USDT] Added to high volume list: $2,342,579.71
2025-07-04 10:36:11,113 - INFO - [PORTAL/USDT] Volume check: 20,515,200.81
2025-07-04 10:36:11,113 - INFO - [PORTAL/USDT] Added to high volume list: $20,515,200.81
2025-07-04 10:36:11,356 - INFO - [AXL/USDT] Volume check: 1,242,536.53
2025-07-04 10:36:11,357 - INFO - [AXL/USDT] Added to high volume list: $1,242,536.53
2025-07-04 10:36:11,601 - INFO - [WIF/USDT] Volume check: 66,461,582.90
2025-07-04 10:36:11,601 - INFO - [WIF/USDT] Added to high volume list: $66,461,582.90
2025-07-04 10:36:11,854 - INFO - [METIS/USDT] Volume check: 1,881,464.68
2025-07-04 10:36:11,854 - INFO - [METIS/USDT] Added to high volume list: $1,881,464.68
2025-07-04 10:36:12,103 - INFO - [AEVO/USDT] Volume check: 865,664.29
2025-07-04 10:36:12,104 - INFO - [AEVO/USDT] Added to high volume list: $865,664.29
2025-07-04 10:36:12,360 - INFO - [BOME/USDT] Volume check: 5,750,902.09
2025-07-04 10:36:12,361 - INFO - [BOME/USDT] Added to high volume list: $5,750,902.09
2025-07-04 10:36:12,606 - INFO - [ETHFI/USDT] Volume check: 18,987,662.54
2025-07-04 10:36:12,607 - INFO - [ETHFI/USDT] Added to high volume list: $18,987,662.54
2025-07-04 10:36:12,849 - INFO - [ENA/USDT] Volume check: 41,094,284.67
2025-07-04 10:36:12,849 - INFO - [ENA/USDT] Added to high volume list: $41,094,284.67
2025-07-04 10:36:13,092 - INFO - [W/USDT] Volume check: 4,118,782.96
2025-07-04 10:36:13,093 - INFO - [W/USDT] Added to high volume list: $4,118,782.96
2025-07-04 10:36:13,343 - INFO - [TNSR/USDT] Volume check: 3,910,309.35
2025-07-04 10:36:13,343 - INFO - [TNSR/USDT] Added to high volume list: $3,910,309.35
2025-07-04 10:36:13,586 - INFO - [SAGA/USDT] Volume check: 2,753,629.75
2025-07-04 10:36:13,586 - INFO - [SAGA/USDT] Added to high volume list: $2,753,629.75
2025-07-04 10:36:13,828 - INFO - [TAO/USDT] Volume check: 19,386,337.57
2025-07-04 10:36:13,829 - INFO - [TAO/USDT] Added to high volume list: $19,386,337.57
2025-07-04 10:36:14,074 - INFO - [OMNI/USDT] Volume check: 2,533,211.26
2025-07-04 10:36:14,074 - INFO - [OMNI/USDT] Added to high volume list: $2,533,211.26
2025-07-04 10:36:14,316 - INFO - [REZ/USDT] Volume check: 1,446,026.63
2025-07-04 10:36:14,317 - INFO - [REZ/USDT] Added to high volume list: $1,446,026.63
2025-07-04 10:36:14,562 - INFO - [BB/USDT] Volume check: 1,678,499.62
2025-07-04 10:36:14,562 - INFO - [BB/USDT] Added to high volume list: $1,678,499.62
2025-07-04 10:36:14,819 - INFO - [NOT/USDT] Volume check: 1,822,483.87
2025-07-04 10:36:14,820 - INFO - [NOT/USDT] Added to high volume list: $1,822,483.87
2025-07-04 10:36:15,063 - INFO - [IO/USDT] Volume check: 3,887,069.24
2025-07-04 10:36:15,063 - INFO - [IO/USDT] Added to high volume list: $3,887,069.24
2025-07-04 10:36:15,323 - INFO - [ZK/USDT] Volume check: 5,460,964.09
2025-07-04 10:36:15,323 - INFO - [ZK/USDT] Added to high volume list: $5,460,964.09
2025-07-04 10:36:15,576 - INFO - [LISTA/USDT] Volume check: 2,797,302.81
2025-07-04 10:36:15,576 - INFO - [LISTA/USDT] Added to high volume list: $2,797,302.81
2025-07-04 10:36:15,828 - INFO - [ZRO/USDT] Volume check: 4,228,054.58
2025-07-04 10:36:15,828 - INFO - [ZRO/USDT] Added to high volume list: $4,228,054.58
2025-07-04 10:36:16,075 - INFO - [G/USDT] Volume check: 2,423,427.37
2025-07-04 10:36:16,075 - INFO - [G/USDT] Added to high volume list: $2,423,427.37
2025-07-04 10:36:16,319 - INFO - [BANANA/USDT] Volume check: 1,992,790.04
2025-07-04 10:36:16,319 - INFO - [BANANA/USDT] Added to high volume list: $1,992,790.04
2025-07-04 10:36:16,567 - INFO - [RENDER/USDT] Volume check: 10,046,988.09
2025-07-04 10:36:16,567 - INFO - [RENDER/USDT] Added to high volume list: $10,046,988.09
2025-07-04 10:36:16,813 - INFO - [TON/USDT] Volume check: 15,611,167.16
2025-07-04 10:36:16,813 - INFO - [TON/USDT] Added to high volume list: $15,611,167.16
2025-07-04 10:36:17,063 - INFO - [DOGS/USDT] Volume check: 1,862,643.82
2025-07-04 10:36:17,064 - INFO - [DOGS/USDT] Added to high volume list: $1,862,643.82
2025-07-04 10:36:17,308 - INFO - [EURI/USDT] Volume check: 4,579,155.21
2025-07-04 10:36:17,309 - INFO - [EURI/USDT] Added to high volume list: $4,579,155.21
2025-07-04 10:36:17,552 - INFO - [SLF/USDT] Volume check: 1,111,729.93
2025-07-04 10:36:17,553 - INFO - [SLF/USDT] Added to high volume list: $1,111,729.93
2025-07-04 10:36:17,805 - INFO - [POL/USDT] Volume check: 5,736,379.12
2025-07-04 10:36:17,805 - INFO - [POL/USDT] Added to high volume list: $5,736,379.12
2025-07-04 10:36:18,052 - INFO - [NEIRO/USDT] Volume check: 60,609,805.89
2025-07-04 10:36:18,053 - INFO - [NEIRO/USDT] Added to high volume list: $60,609,805.89
2025-07-04 10:36:18,311 - INFO - [TURBO/USDT] Volume check: 4,191,296.39
2025-07-04 10:36:18,313 - INFO - [TURBO/USDT] Added to high volume list: $4,191,296.39
2025-07-04 10:36:18,564 - INFO - [1MBABYDOGE/USDT] Volume check: 3,021,675.45
2025-07-04 10:36:18,565 - INFO - [1MBABYDOGE/USDT] Added to high volume list: $3,021,675.45
2025-07-04 10:36:18,822 - INFO - [CATI/USDT] Volume check: 804,848.77
2025-07-04 10:36:18,822 - INFO - [CATI/USDT] Added to high volume list: $804,848.77
2025-07-04 10:36:19,066 - INFO - [HMSTR/USDT] Volume check: 1,315,069.02
2025-07-04 10:36:19,067 - INFO - [HMSTR/USDT] Added to high volume list: $1,315,069.02
2025-07-04 10:36:19,311 - INFO - [EIGEN/USDT] Volume check: 10,662,121.35
2025-07-04 10:36:19,311 - INFO - [EIGEN/USDT] Added to high volume list: $10,662,121.35
2025-07-04 10:36:19,558 - INFO - [SCR/USDT] Volume check: 2,524,826.47
2025-07-04 10:36:19,558 - INFO - [SCR/USDT] Added to high volume list: $2,524,826.47
2025-07-04 10:36:19,804 - INFO - [BNSOL/USDT] Volume check: 1,248,653.67
2025-07-04 10:36:19,804 - INFO - [BNSOL/USDT] Added to high volume list: $1,248,653.67
2025-07-04 10:36:20,056 - INFO - [LUMIA/USDT] Volume check: 1,059,662.29
2025-07-04 10:36:20,057 - INFO - [LUMIA/USDT] Added to high volume list: $1,059,662.29
2025-07-04 10:36:20,306 - INFO - [KAIA/USDT] Volume check: 4,178,695.91
2025-07-04 10:36:20,306 - INFO - [KAIA/USDT] Added to high volume list: $4,178,695.91
2025-07-04 10:36:20,546 - INFO - [COW/USDT] Volume check: 12,176,570.31
2025-07-04 10:36:20,547 - INFO - [COW/USDT] Added to high volume list: $12,176,570.31
2025-07-04 10:36:20,790 - INFO - [CETUS/USDT] Volume check: 1,685,827.46
2025-07-04 10:36:20,791 - INFO - [CETUS/USDT] Added to high volume list: $1,685,827.46
2025-07-04 10:36:21,039 - INFO - [PNUT/USDT] Volume check: 34,263,210.44
2025-07-04 10:36:21,040 - INFO - [PNUT/USDT] Added to high volume list: $34,263,210.44
2025-07-04 10:36:21,285 - INFO - [ACT/USDT] Volume check: 2,098,354.67
2025-07-04 10:36:21,286 - INFO - [ACT/USDT] Added to high volume list: $2,098,354.67
2025-07-04 10:36:21,536 - INFO - [USUAL/USDT] Volume check: 2,870,777.94
2025-07-04 10:36:21,536 - INFO - [USUAL/USDT] Added to high volume list: $2,870,777.94
2025-07-04 10:36:21,783 - INFO - [THE/USDT] Volume check: 1,709,981.40
2025-07-04 10:36:21,784 - INFO - [THE/USDT] Added to high volume list: $1,709,981.40
2025-07-04 10:36:22,030 - INFO - [ACX/USDT] Volume check: 759,905.37
2025-07-04 10:36:22,031 - INFO - [ACX/USDT] Added to high volume list: $759,905.37
2025-07-04 10:36:22,279 - INFO - [ORCA/USDT] Volume check: 2,424,866.90
2025-07-04 10:36:22,279 - INFO - [ORCA/USDT] Added to high volume list: $2,424,866.90
2025-07-04 10:36:22,529 - INFO - [MOVE/USDT] Volume check: 2,259,584.46
2025-07-04 10:36:22,530 - INFO - [MOVE/USDT] Added to high volume list: $2,259,584.46
2025-07-04 10:36:22,773 - INFO - [ME/USDT] Volume check: 1,037,401.44
2025-07-04 10:36:22,773 - INFO - [ME/USDT] Added to high volume list: $1,037,401.44
2025-07-04 10:36:23,014 - INFO - [VELODROME/USDT] Volume check: 674,512.51
2025-07-04 10:36:23,015 - INFO - [VELODROME/USDT] Added to high volume list: $674,512.51
2025-07-04 10:36:23,268 - INFO - [VANA/USDT] Volume check: 2,165,719.10
2025-07-04 10:36:23,268 - INFO - [VANA/USDT] Added to high volume list: $2,165,719.10
2025-07-04 10:36:23,512 - INFO - [1000CAT/USDT] Volume check: 1,564,263.17
2025-07-04 10:36:23,513 - INFO - [1000CAT/USDT] Added to high volume list: $1,564,263.17
2025-07-04 10:36:23,755 - INFO - [PENGU/USDT] Volume check: 85,474,783.81
2025-07-04 10:36:23,756 - INFO - [PENGU/USDT] Added to high volume list: $85,474,783.81
2025-07-04 10:36:24,003 - INFO - [BIO/USDT] Volume check: 1,067,670.30
2025-07-04 10:36:24,003 - INFO - [BIO/USDT] Added to high volume list: $1,067,670.30
2025-07-04 10:36:24,254 - INFO - [D/USDT] Volume check: 4,591,497.22
2025-07-04 10:36:24,255 - INFO - [D/USDT] Added to high volume list: $4,591,497.22
2025-07-04 10:36:24,501 - INFO - [AIXBT/USDT] Volume check: 8,649,449.28
2025-07-04 10:36:24,501 - INFO - [AIXBT/USDT] Added to high volume list: $8,649,449.28
2025-07-04 10:36:24,756 - INFO - [CGPT/USDT] Volume check: 1,503,788.75
2025-07-04 10:36:24,757 - INFO - [CGPT/USDT] Added to high volume list: $1,503,788.75
2025-07-04 10:36:25,009 - INFO - [COOKIE/USDT] Volume check: 3,484,132.01
2025-07-04 10:36:25,010 - INFO - [COOKIE/USDT] Added to high volume list: $3,484,132.01
2025-07-04 10:36:25,256 - INFO - [S/USDT] Volume check: 14,750,309.93
2025-07-04 10:36:25,257 - INFO - [S/USDT] Added to high volume list: $14,750,309.93
2025-07-04 10:36:25,507 - INFO - [SOLV/USDT] Volume check: 1,546,808.22
2025-07-04 10:36:25,507 - INFO - [SOLV/USDT] Added to high volume list: $1,546,808.22
2025-07-04 10:36:25,753 - INFO - [TRUMP/USDT] Volume check: 27,214,837.79
2025-07-04 10:36:25,753 - INFO - [TRUMP/USDT] Added to high volume list: $27,214,837.79
2025-07-04 10:36:26,002 - INFO - [ANIME/USDT] Volume check: 1,449,333.23
2025-07-04 10:36:26,002 - INFO - [ANIME/USDT] Added to high volume list: $1,449,333.23
2025-07-04 10:36:26,245 - INFO - [BERA/USDT] Volume check: 4,060,751.79
2025-07-04 10:36:26,246 - INFO - [BERA/USDT] Added to high volume list: $4,060,751.79
2025-07-04 10:36:26,491 - INFO - [1000CHEEMS/USDT] Volume check: 871,214.61
2025-07-04 10:36:26,492 - INFO - [1000CHEEMS/USDT] Added to high volume list: $871,214.61
2025-07-04 10:36:26,761 - INFO - [TST/USDT] Volume check: 797,162.36
2025-07-04 10:36:26,762 - INFO - [TST/USDT] Added to high volume list: $797,162.36
2025-07-04 10:36:27,002 - INFO - [LAYER/USDT] Volume check: 1,239,868.23
2025-07-04 10:36:27,002 - INFO - [LAYER/USDT] Added to high volume list: $1,239,868.23
2025-07-04 10:36:27,255 - INFO - [HEI/USDT] Volume check: 829,096.56
2025-07-04 10:36:27,256 - INFO - [HEI/USDT] Added to high volume list: $829,096.56
2025-07-04 10:36:27,501 - INFO - [KAITO/USDT] Volume check: 5,554,650.24
2025-07-04 10:36:27,502 - INFO - [KAITO/USDT] Added to high volume list: $5,554,650.24
2025-07-04 10:36:27,748 - INFO - [SHELL/USDT] Volume check: 617,522.79
2025-07-04 10:36:27,750 - INFO - [SHELL/USDT] Added to high volume list: $617,522.79
2025-07-04 10:36:28,002 - INFO - [RED/USDT] Volume check: 631,937.67
2025-07-04 10:36:28,003 - INFO - [RED/USDT] Added to high volume list: $631,937.67
2025-07-04 10:36:28,250 - INFO - [GPS/USDT] Volume check: 1,439,117.27
2025-07-04 10:36:28,251 - INFO - [GPS/USDT] Added to high volume list: $1,439,117.27
2025-07-04 10:36:28,506 - INFO - [EPIC/USDT] Volume check: 1,052,263.46
2025-07-04 10:36:28,507 - INFO - [EPIC/USDT] Added to high volume list: $1,052,263.46
2025-07-04 10:36:28,755 - INFO - [BMT/USDT] Volume check: 2,284,833.45
2025-07-04 10:36:28,756 - INFO - [BMT/USDT] Added to high volume list: $2,284,833.45
2025-07-04 10:36:29,001 - INFO - [FORM/USDT] Volume check: 9,562,106.83
2025-07-04 10:36:29,002 - INFO - [FORM/USDT] Added to high volume list: $9,562,106.83
2025-07-04 10:36:29,245 - INFO - [XUSD/USDT] Volume check: 3,783,401.76
2025-07-04 10:36:29,246 - INFO - [XUSD/USDT] Added to high volume list: $3,783,401.76
2025-07-04 10:36:29,500 - INFO - [NIL/USDT] Volume check: 1,154,610.63
2025-07-04 10:36:29,500 - INFO - [NIL/USDT] Added to high volume list: $1,154,610.63
2025-07-04 10:36:29,746 - INFO - [PARTI/USDT] Volume check: 5,863,941.04
2025-07-04 10:36:29,746 - INFO - [PARTI/USDT] Added to high volume list: $5,863,941.04
2025-07-04 10:36:30,002 - INFO - [MUBARAK/USDT] Volume check: 6,317,860.27
2025-07-04 10:36:30,003 - INFO - [MUBARAK/USDT] Added to high volume list: $6,317,860.27
2025-07-04 10:36:30,248 - INFO - [TUT/USDT] Volume check: 2,839,224.79
2025-07-04 10:36:30,248 - INFO - [TUT/USDT] Added to high volume list: $2,839,224.79
2025-07-04 10:36:30,492 - INFO - [BROCCOLI714/USDT] Volume check: 10,101,875.48
2025-07-04 10:36:30,492 - INFO - [BROCCOLI714/USDT] Added to high volume list: $10,101,875.48
2025-07-04 10:36:30,737 - INFO - [BANANAS31/USDT] Volume check: 13,015,863.27
2025-07-04 10:36:30,737 - INFO - [BANANAS31/USDT] Added to high volume list: $13,015,863.27
2025-07-04 10:36:30,982 - INFO - [GUN/USDT] Volume check: 28,927,333.19
2025-07-04 10:36:30,983 - INFO - [GUN/USDT] Added to high volume list: $28,927,333.19
2025-07-04 10:36:31,225 - INFO - [BABY/USDT] Volume check: 1,453,912.99
2025-07-04 10:36:31,233 - INFO - [BABY/USDT] Added to high volume list: $1,453,912.99
2025-07-04 10:36:31,478 - INFO - [ONDO/USDT] Volume check: 11,904,940.64
2025-07-04 10:36:31,478 - INFO - [ONDO/USDT] Added to high volume list: $11,904,940.64
2025-07-04 10:36:31,726 - INFO - [BIGTIME/USDT] Volume check: 1,405,493.85
2025-07-04 10:36:31,726 - INFO - [BIGTIME/USDT] Added to high volume list: $1,405,493.85
2025-07-04 10:36:31,980 - INFO - [VIRTUAL/USDT] Volume check: 31,191,166.40
2025-07-04 10:36:31,981 - INFO - [VIRTUAL/USDT] Added to high volume list: $31,191,166.40
2025-07-04 10:36:32,232 - INFO - [KERNEL/USDT] Volume check: 686,874.34
2025-07-04 10:36:32,234 - INFO - [KERNEL/USDT] Added to high volume list: $686,874.34
2025-07-04 10:36:32,486 - INFO - [WCT/USDT] Volume check: 2,622,370.97
2025-07-04 10:36:32,487 - INFO - [WCT/USDT] Added to high volume list: $2,622,370.97
2025-07-04 10:36:32,729 - INFO - [HYPER/USDT] Volume check: 1,223,163.97
2025-07-04 10:36:32,729 - INFO - [HYPER/USDT] Added to high volume list: $1,223,163.97
2025-07-04 10:36:32,982 - INFO - [INIT/USDT] Volume check: 7,152,290.62
2025-07-04 10:36:32,983 - INFO - [INIT/USDT] Added to high volume list: $7,152,290.62
2025-07-04 10:36:33,237 - INFO - [SIGN/USDT] Volume check: 1,006,508.94
2025-07-04 10:36:33,238 - INFO - [SIGN/USDT] Added to high volume list: $1,006,508.94
2025-07-04 10:36:33,483 - INFO - [STO/USDT] Volume check: 951,971.18
2025-07-04 10:36:33,483 - INFO - [STO/USDT] Added to high volume list: $951,971.18
2025-07-04 10:36:33,727 - INFO - [SYRUP/USDT] Volume check: 27,778,210.41
2025-07-04 10:36:33,727 - INFO - [SYRUP/USDT] Added to high volume list: $27,778,210.41
2025-07-04 10:36:33,969 - INFO - [KMNO/USDT] Volume check: 829,207.56
2025-07-04 10:36:33,969 - INFO - [KMNO/USDT] Added to high volume list: $829,207.56
2025-07-04 10:36:34,222 - INFO - [SXT/USDT] Volume check: 2,544,387.83
2025-07-04 10:36:34,222 - INFO - [SXT/USDT] Added to high volume list: $2,544,387.83
2025-07-04 10:36:34,466 - INFO - [NXPC/USDT] Volume check: 2,737,163.78
2025-07-04 10:36:34,467 - INFO - [NXPC/USDT] Added to high volume list: $2,737,163.78
2025-07-04 10:36:34,711 - INFO - [AWE/USDT] Volume check: 5,334,333.96
2025-07-04 10:36:34,712 - INFO - [AWE/USDT] Added to high volume list: $5,334,333.96
2025-07-04 10:36:34,957 - INFO - [HAEDAL/USDT] Volume check: 2,942,491.57
2025-07-04 10:36:34,958 - INFO - [HAEDAL/USDT] Added to high volume list: $2,942,491.57
2025-07-04 10:36:35,212 - INFO - [USD1/USDT] Volume check: 2,281,586.56
2025-07-04 10:36:35,213 - INFO - [USD1/USDT] Added to high volume list: $2,281,586.56
2025-07-04 10:36:35,461 - INFO - [HUMA/USDT] Volume check: 10,578,938.42
2025-07-04 10:36:35,462 - INFO - [HUMA/USDT] Added to high volume list: $10,578,938.42
2025-07-04 10:36:35,723 - INFO - [A/USDT] Volume check: 3,085,883.75
2025-07-04 10:36:35,723 - INFO - [A/USDT] Added to high volume list: $3,085,883.75
2025-07-04 10:36:35,967 - INFO - [SOPH/USDT] Volume check: 2,781,500.76
2025-07-04 10:36:35,967 - INFO - [SOPH/USDT] Added to high volume list: $2,781,500.76
2025-07-04 10:36:36,218 - INFO - [RESOLV/USDT] Volume check: 5,960,155.86
2025-07-04 10:36:36,219 - INFO - [RESOLV/USDT] Added to high volume list: $5,960,155.86
2025-07-04 10:36:36,466 - INFO - [HOME/USDT] Volume check: 1,027,562.66
2025-07-04 10:36:36,466 - INFO - [HOME/USDT] Added to high volume list: $1,027,562.66
2025-07-04 10:36:36,710 - INFO - [SPK/USDT] Volume check: 7,125,269.74
2025-07-04 10:36:36,711 - INFO - [SPK/USDT] Added to high volume list: $7,125,269.74
2025-07-04 10:36:36,958 - INFO - [NEWT/USDT] Volume check: 58,096,359.55
2025-07-04 10:36:36,959 - INFO - [NEWT/USDT] Added to high volume list: $58,096,359.55
2025-07-04 10:36:37,208 - INFO - [SAHARA/USDT] Volume check: 26,135,776.22
2025-07-04 10:36:37,208 - INFO - [SAHARA/USDT] Added to high volume list: $26,135,776.22
2025-07-04 10:36:37,309 - INFO - Found 339 USDT pairs with volume > $500,000
2025-07-04 10:36:37,309 - INFO - Starting scan cycle for 339 symbols
2025-07-04 10:36:37,309 - INFO - [BTC/USDT] Scanning for signal
2025-07-04 10:36:37,455 - INFO - [BTC/USDT] Volume check: 1,165,046,068.49
2025-07-04 10:36:37,455 - INFO - [ETH/USDT] Scanning for signal
2025-07-04 10:36:37,596 - INFO - [ETH/USDT] Volume check: 1,194,395,025.73
2025-07-04 10:36:37,597 - INFO - [BNB/USDT] Scanning for signal
2025-07-04 10:36:37,741 - INFO - [BNB/USDT] Volume check: 62,933,010.35
2025-07-04 10:36:37,741 - INFO - [NEO/USDT] Scanning for signal
2025-07-04 10:36:37,889 - INFO - [NEO/USDT] Volume check: 1,897,269.74
2025-07-04 10:36:37,890 - INFO - [LTC/USDT] Scanning for signal
2025-07-04 10:36:38,039 - INFO - [LTC/USDT] Volume check: 44,814,343.14
2025-07-04 10:36:43,579 - INFO - DataFrame validated successfully
2025-07-04 10:36:43,581 - INFO - [BTC/USDT] Fetched 50 candles for 15m
2025-07-04 10:36:43,585 - INFO - DataFrame validated successfully
2025-07-04 10:36:43,585 - INFO - [NEO/USDT] Fetched 50 candles for 15m
2025-07-04 10:36:43,587 - INFO - DataFrame validated successfully
2025-07-04 10:36:43,588 - INFO - [LTC/USDT] Fetched 50 candles for 15m
2025-07-04 10:36:43,621 - INFO - DataFrame validated successfully
2025-07-04 10:36:43,621 - INFO - [BNB/USDT] Fetched 50 candles for 15m
2025-07-04 10:36:43,623 - INFO - DataFrame validated successfully
2025-07-04 10:36:43,623 - INFO - [ETH/USDT] Fetched 50 candles for 15m
2025-07-04 10:36:43,887 - INFO - [BTC/USDT] Calculated indicators for 15m: ['timestamp', 'open', 'high', 'low', 'close', 'volume', 'ma20', 'ma50', 'ma200', 'ema12', 'ema26', 'macd', 'signal_line', 'rsi', 'adx', 'vwap', 'stochastic', 'atr']
2025-07-04 10:36:43,956 - INFO - [NEO/USDT] Calculated indicators for 15m: ['timestamp', 'open', 'high', 'low', 'close', 'volume', 'ma20', 'ma50', 'ma200', 'ema12', 'ema26', 'macd', 'signal_line', 'rsi', 'adx', 'vwap', 'stochastic', 'atr']
2025-07-04 10:36:44,019 - INFO - [LTC/USDT] Calculated indicators for 15m: ['timestamp', 'open', 'high', 'low', 'close', 'volume', 'ma20', 'ma50', 'ma200', 'ema12', 'ema26', 'macd', 'signal_line', 'rsi', 'adx', 'vwap', 'stochastic', 'atr']
2025-07-04 10:36:44,077 - INFO - [BNB/USDT] Calculated indicators for 15m: ['timestamp', 'open', 'high', 'low', 'close', 'volume', 'ma20', 'ma50', 'ma200', 'ema12', 'ema26', 'macd', 'signal_line', 'rsi', 'adx', 'vwap', 'stochastic', 'atr']
2025-07-04 10:36:44,133 - INFO - [ETH/USDT] Calculated indicators for 15m: ['timestamp', 'open', 'high', 'low', 'close', 'volume', 'ma20', 'ma50', 'ma200', 'ema12', 'ema26', 'macd', 'signal_line', 'rsi', 'adx', 'vwap', 'stochastic', 'atr']
2025-07-04 10:36:49,872 - INFO - DataFrame validated successfully
2025-07-04 10:36:49,872 - INFO - [LTC/USDT] Fetched 50 candles for 1h
2025-07-04 10:36:49,877 - INFO - DataFrame validated successfully
2025-07-04 10:36:49,877 - INFO - [ETH/USDT] Fetched 50 candles for 1h
2025-07-04 10:36:49,880 - INFO - DataFrame validated successfully
2025-07-04 10:36:49,880 - INFO - [BNB/USDT] Fetched 50 candles for 1h
2025-07-04 10:36:49,919 - INFO - DataFrame validated successfully
2025-07-04 10:36:49,919 - INFO - [NEO/USDT] Fetched 50 candles for 1h
2025-07-04 10:36:49,921 - INFO - DataFrame validated successfully
2025-07-04 10:36:49,922 - INFO - [BTC/USDT] Fetched 50 candles for 1h
2025-07-04 10:36:50,182 - INFO - [LTC/USDT] Calculated indicators for 1h: ['timestamp', 'open', 'high', 'low', 'close', 'volume', 'ma20', 'ma50', 'ma200', 'ema12', 'ema26', 'macd', 'signal_line', 'rsi', 'adx', 'vwap', 'stochastic', 'atr']
2025-07-04 10:36:50,246 - INFO - [ETH/USDT] Calculated indicators for 1h: ['timestamp', 'open', 'high', 'low', 'close', 'volume', 'ma20', 'ma50', 'ma200', 'ema12', 'ema26', 'macd', 'signal_line', 'rsi', 'adx', 'vwap', 'stochastic', 'atr']
2025-07-04 10:36:50,303 - INFO - [BNB/USDT] Calculated indicators for 1h: ['timestamp', 'open', 'high', 'low', 'close', 'volume', 'ma20', 'ma50', 'ma200', 'ema12', 'ema26', 'macd', 'signal_line', 'rsi', 'adx', 'vwap', 'stochastic', 'atr']
2025-07-04 10:36:50,365 - INFO - [NEO/USDT] Calculated indicators for 1h: ['timestamp', 'open', 'high', 'low', 'close', 'volume', 'ma20', 'ma50', 'ma200', 'ema12', 'ema26', 'macd', 'signal_line', 'rsi', 'adx', 'vwap', 'stochastic', 'atr']
2025-07-04 10:36:50,431 - INFO - [BTC/USDT] Calculated indicators for 1h: ['timestamp', 'open', 'high', 'low', 'close', 'volume', 'ma20', 'ma50', 'ma200', 'ema12', 'ema26', 'macd', 'signal_line', 'rsi', 'adx', 'vwap', 'stochastic', 'atr']
2025-07-04 10:36:56,300 - INFO - DataFrame validated successfully
2025-07-04 10:36:56,300 - INFO - [LTC/USDT] Fetched 50 candles for 4h
2025-07-04 10:36:56,434 - INFO - DataFrame validated successfully
2025-07-04 10:36:56,434 - INFO - [ETH/USDT] Fetched 50 candles for 4h
2025-07-04 10:36:56,437 - INFO - DataFrame validated successfully
2025-07-04 10:36:56,437 - INFO - [BNB/USDT] Fetched 50 candles for 4h
2025-07-04 10:36:56,439 - INFO - DataFrame validated successfully
2025-07-04 10:36:56,439 - INFO - [NEO/USDT] Fetched 50 candles for 4h
2025-07-04 10:36:56,441 - INFO - DataFrame validated successfully
2025-07-04 10:36:56,442 - INFO - [BTC/USDT] Fetched 50 candles for 4h
2025-07-04 10:36:56,599 - INFO - [LTC/USDT] Calculated indicators for 4h: ['timestamp', 'open', 'high', 'low', 'close', 'volume', 'ma20', 'ma50', 'ma200', 'ema12', 'ema26', 'macd', 'signal_line', 'rsi', 'adx', 'vwap', 'stochastic', 'atr']
2025-07-04 10:36:56,744 - INFO - [ETH/USDT] Calculated indicators for 4h: ['timestamp', 'open', 'high', 'low', 'close', 'volume', 'ma20', 'ma50', 'ma200', 'ema12', 'ema26', 'macd', 'signal_line', 'rsi', 'adx', 'vwap', 'stochastic', 'atr']
2025-07-04 10:36:56,812 - INFO - [BNB/USDT] Calculated indicators for 4h: ['timestamp', 'open', 'high', 'low', 'close', 'volume', 'ma20', 'ma50', 'ma200', 'ema12', 'ema26', 'macd', 'signal_line', 'rsi', 'adx', 'vwap', 'stochastic', 'atr']
2025-07-04 10:36:56,868 - INFO - [NEO/USDT] Calculated indicators for 4h: ['timestamp', 'open', 'high', 'low', 'close', 'volume', 'ma20', 'ma50', 'ma200', 'ema12', 'ema26', 'macd', 'signal_line', 'rsi', 'adx', 'vwap', 'stochastic', 'atr']
2025-07-04 10:36:56,934 - INFO - [BTC/USDT] Calculated indicators for 4h: ['timestamp', 'open', 'high', 'low', 'close', 'volume', 'ma20', 'ma50', 'ma200', 'ema12', 'ema26', 'macd', 'signal_line', 'rsi', 'adx', 'vwap', 'stochastic', 'atr']
2025-07-04 10:37:01,649 - INFO - DataFrame validated successfully
2025-07-04 10:37:01,650 - INFO - [LTC/USDT] Fetched 50 candles for 1d
2025-07-04 10:37:01,691 - INFO - DataFrame validated successfully
2025-07-04 10:37:01,691 - INFO - [ETH/USDT] Fetched 50 candles for 1d
2025-07-04 10:37:01,693 - INFO - DataFrame validated successfully
2025-07-04 10:37:01,694 - INFO - [BTC/USDT] Fetched 50 candles for 1d
2025-07-04 10:37:01,696 - INFO - DataFrame validated successfully
2025-07-04 10:37:01,696 - INFO - [NEO/USDT] Fetched 50 candles for 1d
2025-07-04 10:37:01,698 - INFO - DataFrame validated successfully
2025-07-04 10:37:01,698 - INFO - [BNB/USDT] Fetched 50 candles for 1d
2025-07-04 10:37:01,967 - INFO - [LTC/USDT] Calculated indicators for 1d: ['timestamp', 'open', 'high', 'low', 'close', 'volume', 'ma20', 'ma50', 'ma200', 'ema12', 'ema26', 'macd', 'signal_line', 'rsi', 'adx', 'vwap', 'stochastic', 'atr']
2025-07-04 10:37:01,993 - ERROR - Error identifying candle patterns: The truth value of a Series is ambiguous. Use a.empty, a.bool(), a.item(), a.any() or a.all().
2025-07-04 10:37:01,993 - INFO - Fibonacci levels calculated: {'r1': np.float32(87.565155), 'r2': np.float32(87.90242), 'r3': np.float32(88.44758), 's1': np.float32(88.78484), 's2': np.float32(88.44758), 's3': np.float32(87.90242)}
2025-07-04 10:37:01,994 - INFO - Support: 87.0999984741211, Resistance: 88.83000183105469
2025-07-04 10:37:01,994 - INFO - [LTC/USDT] Analysis completed: ['VWAP', 'Stochastic']
2025-07-04 10:37:01,995 - INFO - Trade classification: Score=0, Direction=None
2025-07-04 10:37:01,995 - INFO - [LTC/USDT] No clear trade direction
2025-07-04 10:37:01,995 - INFO - [LTC/USDT] No signal generated
2025-07-04 10:37:01,995 - INFO - [LTC/USDT] No signal or low confidence
2025-07-04 10:37:02,047 - INFO - [ETH/USDT] Calculated indicators for 1d: ['timestamp', 'open', 'high', 'low', 'close', 'volume', 'ma20', 'ma50', 'ma200', 'ema12', 'ema26', 'macd', 'signal_line', 'rsi', 'adx', 'vwap', 'stochastic', 'atr']
2025-07-04 10:37:02,069 - ERROR - Error identifying candle patterns: The truth value of a Series is ambiguous. Use a.empty, a.bool(), a.item(), a.any() or a.all().
2025-07-04 10:37:02,070 - INFO - Fibonacci levels calculated: {'r1': np.float32(2545.2588), 'r2': np.float32(2556.3257), 'r3': np.float32(2574.2144), 's1': np.float32(2585.2812), 's2': np.float32(2574.2144), 's3': np.float32(2556.3257)}
2025-07-04 10:37:02,070 - INFO - Support: 2530.510009765625, Resistance: 2568.860107421875
2025-07-04 10:37:02,071 - INFO - [ETH/USDT] Analysis completed: ['Strong Trend', 'VWAP']
2025-07-04 10:37:02,071 - INFO - Trade classification: Score=2, Direction=LONG
2025-07-04 10:37:02,071 - INFO - [ETH/USDT] Signal generated: LONG, Confidence: 80.0%
2025-07-04 10:37:02,073 - ERROR - [ETH/USDT] Error logging signal: name 'os' is not defined
2025-07-04 10:37:02,073 - INFO - [ETH/USDT] Signal predicted: LONG, Confidence: 80.0%
2025-07-04 10:37:02,149 - INFO - [BTC/USDT] Calculated indicators for 1d: ['timestamp', 'open', 'high', 'low', 'close', 'volume', 'ma20', 'ma50', 'ma200', 'ema12', 'ema26', 'macd', 'signal_line', 'rsi', 'adx', 'vwap', 'stochastic', 'atr']
2025-07-04 10:37:02,175 - ERROR - Error identifying candle patterns: The truth value of a Series is ambiguous. Use a.empty, a.bool(), a.item(), a.any() or a.all().
2025-07-04 10:37:02,176 - INFO - Fibonacci levels calculated: {'r1': np.float32(108825.91), 'r2': np.float32(109015.875), 'r3': np.float32(109322.95), 's1': np.float32(109512.92), 's2': np.float32(109322.95), 's3': np.float32(109015.875)}
2025-07-04 10:37:02,177 - INFO - Support: 108575.1875, Resistance: 109057.5234375
2025-07-04 10:37:02,177 - INFO - [BTC/USDT] Analysis completed: ['VWAP']
2025-07-04 10:37:02,177 - INFO - Trade classification: Score=1, Direction=LONG
2025-07-04 10:37:02,178 - INFO - [BTC/USDT] Signal generated: LONG, Confidence: 75.0%
2025-07-04 10:37:02,179 - ERROR - [BTC/USDT] Error logging signal: name 'os' is not defined
2025-07-04 10:37:02,179 - INFO - [BTC/USDT] Signal predicted: LONG, Confidence: 75.0%
2025-07-04 10:37:02,254 - INFO - [NEO/USDT] Calculated indicators for 1d: ['timestamp', 'open', 'high', 'low', 'close', 'volume', 'ma20', 'ma50', 'ma200', 'ema12', 'ema26', 'macd', 'signal_line', 'rsi', 'adx', 'vwap', 'stochastic', 'atr']
2025-07-04 10:37:02,279 - ERROR - Error identifying candle patterns: The truth value of a Series is ambiguous. Use a.empty, a.bool(), a.item(), a.any() or a.all().
2025-07-04 10:37:02,279 - INFO - Fibonacci levels calculated: {'r1': np.float32(5.5419197), 'r2': np.float32(5.57404), 'r3': np.float32(5.62596), 's1': np.float32(5.65808), 's2': np.float32(5.62596), 's3': np.float32(5.57404)}
2025-07-04 10:37:02,280 - INFO - Support: 5.5, Resistance: 5.639999866485596
2025-07-04 10:37:02,281 - INFO - [NEO/USDT] Analysis completed: ['Strong Trend', 'VWAP']
2025-07-04 10:37:02,281 - INFO - Trade classification: Score=2, Direction=LONG
2025-07-04 10:37:02,281 - INFO - [NEO/USDT] Signal generated: LONG, Confidence: 80.0%
2025-07-04 10:37:02,283 - ERROR - [NEO/USDT] Error logging signal: name 'os' is not defined
2025-07-04 10:37:02,283 - INFO - [NEO/USDT] Signal predicted: LONG, Confidence: 80.0%
2025-07-04 10:37:02,354 - INFO - [BNB/USDT] Calculated indicators for 1d: ['timestamp', 'open', 'high', 'low', 'close', 'volume', 'ma20', 'ma50', 'ma200', 'ema12', 'ema26', 'macd', 'signal_line', 'rsi', 'adx', 'vwap', 'stochastic', 'atr']
2025-07-04 10:37:02,373 - ERROR - Error identifying candle patterns: The truth value of a Series is ambiguous. Use a.empty, a.bool(), a.item(), a.any() or a.all().
2025-07-04 10:37:02,374 - INFO - Fibonacci levels calculated: {'r1': np.float32(657.02167), 'r2': np.float32(658.4642), 'r3': np.float32(660.79584), 's1': np.float32(662.23834), 's2': np.float32(660.79584), 's3': np.float32(658.4642)}
2025-07-04 10:37:02,374 - INFO - Support: 655.1099853515625, Resistance: 660.3099975585938
2025-07-04 10:37:02,375 - INFO - [BNB/USDT] Analysis completed: ['Strong Trend', 'VWAP', 'Stochastic']
2025-07-04 10:37:02,375 - INFO - Trade classification: Score=1, Direction=LONG
2025-07-04 10:37:02,375 - INFO - [BNB/USDT] Signal generated: LONG, Confidence: 85.0%
2025-07-04 10:37:02,376 - ERROR - [BNB/USDT] Error logging signal: name 'os' is not defined
2025-07-04 10:37:02,376 - INFO - [BNB/USDT] Signal predicted: LONG, Confidence: 85.0%
2025-07-04 10:37:10,866 - INFO - DataFrame validated successfully
2025-07-04 10:37:10,866 - INFO - [BTC/USDT] Fetched 50 candles for 1h
2025-07-04 10:37:10,869 - INFO - DataFrame validated successfully
2025-07-04 10:37:10,869 - INFO - [NEO/USDT] Fetched 50 candles for 1h
2025-07-04 10:37:10,925 - INFO - DataFrame validated successfully
2025-07-04 10:37:10,925 - INFO - [BNB/USDT] Fetched 50 candles for 1h
2025-07-04 10:37:10,928 - INFO - DataFrame validated successfully
2025-07-04 10:37:10,928 - INFO - [ETH/USDT] Fetched 50 candles for 1h
2025-07-04 10:37:15,543 - INFO - DataFrame validated successfully
2025-07-04 10:37:15,543 - INFO - [NEO/USDT] Fetched 50 candles for 4h
2025-07-04 10:37:15,681 - INFO - DataFrame validated successfully
2025-07-04 10:37:15,681 - INFO - [BTC/USDT] Fetched 50 candles for 4h
2025-07-04 10:37:15,684 - INFO - DataFrame validated successfully
2025-07-04 10:37:15,684 - INFO - [BNB/USDT] Fetched 50 candles for 4h
2025-07-04 10:37:15,689 - INFO - DataFrame validated successfully
2025-07-04 10:37:15,689 - INFO - [ETH/USDT] Fetched 50 candles for 4h
2025-07-04 10:37:20,522 - INFO - DataFrame validated successfully
2025-07-04 10:37:20,522 - INFO - [NEO/USDT] Fetched 50 candles for 1d
2025-07-04 10:37:20,575 - INFO - DataFrame validated successfully
2025-07-04 10:37:20,575 - INFO - [ETH/USDT] Fetched 50 candles for 1d
2025-07-04 10:37:20,578 - INFO - DataFrame validated successfully
2025-07-04 10:37:20,578 - INFO - [BNB/USDT] Fetched 50 candles for 1d
2025-07-04 10:37:20,580 - INFO - DataFrame validated successfully
2025-07-04 10:37:20,580 - INFO - [BTC/USDT] Fetched 50 candles for 1d
2025-07-04 10:37:20,831 - INFO - [NEO/USDT] Multi-timeframe boost: 0.33
2025-07-04 10:37:20,832 - INFO - [NEO/USDT] Signal generated: LONG, Confidence: 80.00%, Indicators: ['Strong Trend', 'VWAP'], TP1: 1.00%, TP2: 0.43%, TP3: 1.37%, SL: -2.00%
2025-07-04 10:37:20,897 - INFO - [ETH/USDT] Multi-timeframe boost: 0.67
2025-07-04 10:37:20,898 - INFO - [ETH/USDT] Signal generated: LONG, Confidence: 80.00%, Indicators: ['Strong Trend', 'VWAP'], TP1: 1.00%, TP2: 0.25%, TP3: 0.95%, SL: -2.00%
2025-07-04 10:37:20,967 - INFO - [BNB/USDT] Multi-timeframe boost: 0.33
2025-07-04 10:37:20,967 - INFO - [BNB/USDT] Signal generated: LONG, Confidence: 85.00%, Indicators: ['Strong Trend', 'VWAP', 'Stochastic'], TP1: 1.00%, TP2: 0.02%, TP3: 0.38%, SL: -2.00%
2025-07-04 10:37:21,037 - INFO - [BTC/USDT] Multi-timeframe boost: 0.67
2025-07-04 10:37:21,037 - INFO - [BTC/USDT] Signal generated: LONG, Confidence: 75.00%, Indicators: ['VWAP'], TP1: 1.00%, TP2: 0.10%, TP3: 0.38%, SL: -2.00%
2025-07-04 10:37:21,633 - INFO - Signal sent to Telegram for ETH/USDT: LONG
2025-07-04 10:37:21,643 - INFO - Signal sent to Telegram for BNB/USDT: LONG
2025-07-04 10:37:21,661 - INFO - Signal sent to Telegram for NEO/USDT: LONG
2025-07-04 10:37:21,676 - INFO - Signal sent to Telegram for BTC/USDT: LONG
2025-07-04 10:37:21,679 - INFO - Processed 4 signals in batch
2025-07-04 10:37:26,680 - INFO - [QTUM/USDT] Scanning for signal
2025-07-04 10:37:26,822 - INFO - [QTUM/USDT] Volume check: 1,092,184.84
2025-07-04 10:37:26,823 - INFO - [ADA/USDT] Scanning for signal
2025-07-04 10:37:26,969 - INFO - [ADA/USDT] Volume check: 58,636,432.67
2025-07-04 10:37:26,970 - INFO - [XRP/USDT] Scanning for signal
2025-07-04 10:37:27,159 - INFO - [XRP/USDT] Volume check: 279,611,799.02
2025-07-04 10:37:27,159 - INFO - [IOTA/USDT] Scanning for signal
2025-07-04 10:37:27,316 - INFO - [IOTA/USDT] Volume check: 1,961,257.58
2025-07-04 10:37:27,317 - INFO - [XLM/USDT] Scanning for signal
2025-07-04 10:37:27,465 - INFO - [XLM/USDT] Volume check: 10,376,172.77
2025-07-04 10:37:33,367 - INFO - DataFrame validated successfully
2025-07-04 10:37:33,367 - INFO - [ADA/USDT] Fetched 50 candles for 15m
2025-07-04 10:37:33,513 - INFO - DataFrame validated successfully
2025-07-04 10:37:33,513 - INFO - [XRP/USDT] Fetched 50 candles for 15m
2025-07-04 10:37:33,549 - INFO - DataFrame validated successfully
2025-07-04 10:37:33,549 - INFO - [QTUM/USDT] Fetched 50 candles for 15m
2025-07-04 10:37:33,554 - INFO - DataFrame validated successfully
2025-07-04 10:37:33,554 - INFO - [XLM/USDT] Fetched 50 candles for 15m
2025-07-04 10:37:33,558 - INFO - DataFrame validated successfully
2025-07-04 10:37:33,558 - INFO - [IOTA/USDT] Fetched 50 candles for 15m
2025-07-04 10:37:33,672 - INFO - [ADA/USDT] Calculated indicators for 15m: ['timestamp', 'open', 'high', 'low', 'close', 'volume', 'ma20', 'ma50', 'ma200', 'ema12', 'ema26', 'macd', 'signal_line', 'rsi', 'adx', 'vwap', 'stochastic', 'atr']
2025-07-04 10:37:33,818 - INFO - [XRP/USDT] Calculated indicators for 15m: ['timestamp', 'open', 'high', 'low', 'close', 'volume', 'ma20', 'ma50', 'ma200', 'ema12', 'ema26', 'macd', 'signal_line', 'rsi', 'adx', 'vwap', 'stochastic', 'atr']
2025-07-04 10:37:33,889 - INFO - [QTUM/USDT] Calculated indicators for 15m: ['timestamp', 'open', 'high', 'low', 'close', 'volume', 'ma20', 'ma50', 'ma200', 'ema12', 'ema26', 'macd', 'signal_line', 'rsi', 'adx', 'vwap', 'stochastic', 'atr']
2025-07-04 10:37:33,961 - INFO - [XLM/USDT] Calculated indicators for 15m: ['timestamp', 'open', 'high', 'low', 'close', 'volume', 'ma20', 'ma50', 'ma200', 'ema12', 'ema26', 'macd', 'signal_line', 'rsi', 'adx', 'vwap', 'stochastic', 'atr']
2025-07-04 10:37:34,025 - INFO - [IOTA/USDT] Calculated indicators for 15m: ['timestamp', 'open', 'high', 'low', 'close', 'volume', 'ma20', 'ma50', 'ma200', 'ema12', 'ema26', 'macd', 'signal_line', 'rsi', 'adx', 'vwap', 'stochastic', 'atr']
2025-07-04 10:37:39,967 - INFO - DataFrame validated successfully
2025-07-04 10:37:39,968 - INFO - [IOTA/USDT] Fetched 50 candles for 1h
2025-07-04 10:37:40,016 - INFO - DataFrame validated successfully
2025-07-04 10:37:40,016 - INFO - [ADA/USDT] Fetched 50 candles for 1h
2025-07-04 10:37:40,019 - INFO - DataFrame validated successfully
2025-07-04 10:37:40,019 - INFO - [XRP/USDT] Fetched 50 candles for 1h
2025-07-04 10:37:40,021 - INFO - DataFrame validated successfully
2025-07-04 10:37:40,021 - INFO - [XLM/USDT] Fetched 50 candles for 1h
2025-07-04 10:37:40,024 - INFO - DataFrame validated successfully
2025-07-04 10:37:40,024 - INFO - [QTUM/USDT] Fetched 50 candles for 1h
2025-07-04 10:37:40,269 - INFO - [IOTA/USDT] Calculated indicators for 1h: ['timestamp', 'open', 'high', 'low', 'close', 'volume', 'ma20', 'ma50', 'ma200', 'ema12', 'ema26', 'macd', 'signal_line', 'rsi', 'adx', 'vwap', 'stochastic', 'atr']
2025-07-04 10:37:40,336 - INFO - [ADA/USDT] Calculated indicators for 1h: ['timestamp', 'open', 'high', 'low', 'close', 'volume', 'ma20', 'ma50', 'ma200', 'ema12', 'ema26', 'macd', 'signal_line', 'rsi', 'adx', 'vwap', 'stochastic', 'atr']
2025-07-04 10:37:40,396 - INFO - [XRP/USDT] Calculated indicators for 1h: ['timestamp', 'open', 'high', 'low', 'close', 'volume', 'ma20', 'ma50', 'ma200', 'ema12', 'ema26', 'macd', 'signal_line', 'rsi', 'adx', 'vwap', 'stochastic', 'atr']
2025-07-04 10:37:40,458 - INFO - [XLM/USDT] Calculated indicators for 1h: ['timestamp', 'open', 'high', 'low', 'close', 'volume', 'ma20', 'ma50', 'ma200', 'ema12', 'ema26', 'macd', 'signal_line', 'rsi', 'adx', 'vwap', 'stochastic', 'atr']
2025-07-04 10:37:40,522 - INFO - [QTUM/USDT] Calculated indicators for 1h: ['timestamp', 'open', 'high', 'low', 'close', 'volume', 'ma20', 'ma50', 'ma200', 'ema12', 'ema26', 'macd', 'signal_line', 'rsi', 'adx', 'vwap', 'stochastic', 'atr']
2025-07-04 10:37:46,816 - INFO - DataFrame validated successfully
2025-07-04 10:37:46,816 - INFO - [XRP/USDT] Fetched 50 candles for 4h
2025-07-04 10:37:46,818 - INFO - DataFrame validated successfully
2025-07-04 10:37:46,818 - INFO - [ADA/USDT] Fetched 50 candles for 4h
2025-07-04 10:37:46,820 - INFO - DataFrame validated successfully
2025-07-04 10:37:46,820 - INFO - [XLM/USDT] Fetched 50 candles for 4h
2025-07-04 10:37:46,822 - INFO - DataFrame validated successfully
2025-07-04 10:37:46,822 - INFO - [QTUM/USDT] Fetched 50 candles for 4h
2025-07-04 10:37:46,873 - INFO - DataFrame validated successfully
2025-07-04 10:37:46,874 - INFO - [IOTA/USDT] Fetched 50 candles for 4h
2025-07-04 10:37:47,131 - INFO - [XRP/USDT] Calculated indicators for 4h: ['timestamp', 'open', 'high', 'low', 'close', 'volume', 'ma20', 'ma50', 'ma200', 'ema12', 'ema26', 'macd', 'signal_line', 'rsi', 'adx', 'vwap', 'stochastic', 'atr']
2025-07-04 10:37:47,192 - INFO - [ADA/USDT] Calculated indicators for 4h: ['timestamp', 'open', 'high', 'low', 'close', 'volume', 'ma20', 'ma50', 'ma200', 'ema12', 'ema26', 'macd', 'signal_line', 'rsi', 'adx', 'vwap', 'stochastic', 'atr']
2025-07-04 10:37:47,258 - INFO - [XLM/USDT] Calculated indicators for 4h: ['timestamp', 'open', 'high', 'low', 'close', 'volume', 'ma20', 'ma50', 'ma200', 'ema12', 'ema26', 'macd', 'signal_line', 'rsi', 'adx', 'vwap', 'stochastic', 'atr']
2025-07-04 10:37:47,323 - INFO - [QTUM/USDT] Calculated indicators for 4h: ['timestamp', 'open', 'high', 'low', 'close', 'volume', 'ma20', 'ma50', 'ma200', 'ema12', 'ema26', 'macd', 'signal_line', 'rsi', 'adx', 'vwap', 'stochastic', 'atr']
2025-07-04 10:37:47,404 - INFO - [IOTA/USDT] Calculated indicators for 4h: ['timestamp', 'open', 'high', 'low', 'close', 'volume', 'ma20', 'ma50', 'ma200', 'ema12', 'ema26', 'macd', 'signal_line', 'rsi', 'adx', 'vwap', 'stochastic', 'atr']
2025-07-04 10:37:54,222 - INFO - DataFrame validated successfully
2025-07-04 10:37:54,223 - INFO - [IOTA/USDT] Fetched 50 candles for 1d
2025-07-04 10:37:54,227 - INFO - DataFrame validated successfully
2025-07-04 10:37:54,228 - INFO - [ADA/USDT] Fetched 50 candles for 1d
2025-07-04 10:37:54,271 - INFO - DataFrame validated successfully
2025-07-04 10:37:54,272 - INFO - [XRP/USDT] Fetched 50 candles for 1d
2025-07-04 10:37:54,275 - INFO - DataFrame validated successfully
2025-07-04 10:37:54,275 - INFO - [QTUM/USDT] Fetched 50 candles for 1d
2025-07-04 10:37:54,279 - INFO - DataFrame validated successfully
2025-07-04 10:37:54,279 - INFO - [XLM/USDT] Fetched 50 candles for 1d
2025-07-04 10:37:54,534 - INFO - [IOTA/USDT] Calculated indicators for 1d: ['timestamp', 'open', 'high', 'low', 'close', 'volume', 'ma20', 'ma50', 'ma200', 'ema12', 'ema26', 'macd', 'signal_line', 'rsi', 'adx', 'vwap', 'stochastic', 'atr']
2025-07-04 10:37:54,554 - ERROR - Error identifying candle patterns: The truth value of a Series is ambiguous. Use a.empty, a.bool(), a.item(), a.any() or a.all().
2025-07-04 10:37:54,554 - INFO - Fibonacci levels calculated: {'r1': np.float32(0.1584588), 'r2': np.float32(0.1596706), 'r3': np.float32(0.1616294), 's1': np.float32(0.1628412), 's2': np.float32(0.1616294), 's3': np.float32(0.1596706)}
2025-07-04 10:37:54,555 - INFO - Support: 0.1565999984741211, Resistance: 0.16110000014305115
2025-07-04 10:37:54,555 - INFO - [IOTA/USDT] Analysis completed: ['Strong Trend', 'VWAP']
2025-07-04 10:37:54,555 - INFO - Trade classification: Score=2, Direction=LONG
2025-07-04 10:37:54,556 - INFO - [IOTA/USDT] Signal generated: LONG, Confidence: 80.0%
2025-07-04 10:37:54,557 - ERROR - [IOTA/USDT] Error logging signal: name 'os' is not defined
2025-07-04 10:37:54,557 - INFO - [IOTA/USDT] Signal predicted: LONG, Confidence: 80.0%
2025-07-04 10:37:54,614 - INFO - [ADA/USDT] Calculated indicators for 1d: ['timestamp', 'open', 'high', 'low', 'close', 'volume', 'ma20', 'ma50', 'ma200', 'ema12', 'ema26', 'macd', 'signal_line', 'rsi', 'adx', 'vwap', 'stochastic', 'atr']
2025-07-04 10:37:54,637 - ERROR - Error identifying candle patterns: The truth value of a Series is ambiguous. Use a.empty, a.bool(), a.item(), a.any() or a.all().
2025-07-04 10:37:54,638 - INFO - Fibonacci levels calculated: {'r1': np.float32(0.58109117), 'r2': np.float32(0.5853544), 'r3': np.float32(0.5922456), 's1': np.float32(0.5965088), 's2': np.float32(0.5922456), 's3': np.float32(0.5853544)}
2025-07-04 10:37:54,638 - INFO - Support: 0.5748999714851379, Resistance: 0.5910999774932861
2025-07-04 10:37:54,639 - INFO - [ADA/USDT] Analysis completed: ['Strong Trend', 'VWAP']
2025-07-04 10:37:54,639 - INFO - Trade classification: Score=2, Direction=LONG
2025-07-04 10:37:54,639 - INFO - [ADA/USDT] Signal generated: LONG, Confidence: 80.0%
2025-07-04 10:37:54,640 - ERROR - [ADA/USDT] Error logging signal: name 'os' is not defined
2025-07-04 10:37:54,640 - INFO - [ADA/USDT] Signal predicted: LONG, Confidence: 80.0%
2025-07-04 10:37:54,733 - INFO - [XRP/USDT] Calculated indicators for 1d: ['timestamp', 'open', 'high', 'low', 'close', 'volume', 'ma20', 'ma50', 'ma200', 'ema12', 'ema26', 'macd', 'signal_line', 'rsi', 'adx', 'vwap', 'stochastic', 'atr']
2025-07-04 10:37:54,754 - ERROR - Error identifying candle patterns: The truth value of a Series is ambiguous. Use a.empty, a.bool(), a.item(), a.any() or a.all().
2025-07-04 10:37:54,754 - INFO - Fibonacci levels calculated: {'r1': np.float32(2.2221904), 'r2': np.float32(2.2311547), 'r3': np.float32(2.2456453), 's1': np.float32(2.2546096), 's2': np.float32(2.2456453), 's3': np.float32(2.2311547)}
2025-07-04 10:37:54,755 - INFO - Support: 2.213099956512451, Resistance: 2.24429988861084
2025-07-04 10:37:54,755 - INFO - [XRP/USDT] Analysis completed: ['Strong Trend', 'VWAP', 'Stochastic']
2025-07-04 10:37:54,755 - INFO - Trade classification: Score=1, Direction=LONG
2025-07-04 10:37:54,755 - INFO - [XRP/USDT] Signal generated: LONG, Confidence: 85.0%
2025-07-04 10:37:54,756 - ERROR - [XRP/USDT] Error logging signal: name 'os' is not defined
2025-07-04 10:37:54,756 - INFO - [XRP/USDT] Signal predicted: LONG, Confidence: 85.0%
2025-07-04 10:37:54,822 - INFO - [QTUM/USDT] Calculated indicators for 1d: ['timestamp', 'open', 'high', 'low', 'close', 'volume', 'ma20', 'ma50', 'ma200', 'ema12', 'ema26', 'macd', 'signal_line', 'rsi', 'adx', 'vwap', 'stochastic', 'atr']
2025-07-04 10:37:54,842 - ERROR - Error identifying candle patterns: The truth value of a Series is ambiguous. Use a.empty, a.bool(), a.item(), a.any() or a.all().
2025-07-04 10:37:54,843 - INFO - Fibonacci levels calculated: {'r1': np.float32(1.994352), 'r2': np.float32(2.006324), 'r3': np.float32(2.025676), 's1': np.float32(2.037648), 's2': np.float32(2.025676), 's3': np.float32(2.006324)}
2025-07-04 10:37:54,843 - INFO - Support: 1.9769999980926514, Resistance: 2.0290000438690186
2025-07-04 10:37:54,844 - INFO - [QTUM/USDT] Analysis completed: ['Strong Trend', 'VWAP']
2025-07-04 10:37:54,844 - INFO - Trade classification: Score=2, Direction=LONG
2025-07-04 10:37:54,844 - INFO - [QTUM/USDT] Signal generated: LONG, Confidence: 80.0%
2025-07-04 10:37:54,845 - ERROR - [QTUM/USDT] Error logging signal: name 'os' is not defined
2025-07-04 10:37:54,845 - INFO - [QTUM/USDT] Signal predicted: LONG, Confidence: 80.0%
2025-07-04 10:37:54,906 - INFO - [XLM/USDT] Calculated indicators for 1d: ['timestamp', 'open', 'high', 'low', 'close', 'volume', 'ma20', 'ma50', 'ma200', 'ema12', 'ema26', 'macd', 'signal_line', 'rsi', 'adx', 'vwap', 'stochastic', 'atr']
2025-07-04 10:37:54,933 - ERROR - Error identifying candle patterns: The truth value of a Series is ambiguous. Use a.empty, a.bool(), a.item(), a.any() or a.all().
2025-07-04 10:37:54,934 - INFO - Fibonacci levels calculated: {'r1': np.float32(0.2388644), 'r2': np.float32(0.2400178), 'r3': np.float32(0.2418822), 's1': np.float32(0.2430356), 's2': np.float32(0.2418822), 's3': np.float32(0.2400178)}
2025-07-04 10:37:54,934 - INFO - Support: 0.23729999363422394, Resistance: 0.24070000648498535
2025-07-04 10:37:54,935 - INFO - [XLM/USDT] Analysis completed: ['Strong Trend', 'VWAP', 'Stochastic']
2025-07-04 10:37:54,935 - INFO - Trade classification: Score=1, Direction=LONG
2025-07-04 10:37:54,935 - INFO - [XLM/USDT] Signal generated: LONG, Confidence: 85.0%
2025-07-04 10:37:54,936 - ERROR - [XLM/USDT] Error logging signal: name 'os' is not defined
2025-07-04 10:37:54,936 - INFO - [XLM/USDT] Signal predicted: LONG, Confidence: 85.0%
2025-07-04 10:38:06,970 - INFO - DataFrame validated successfully
2025-07-04 10:38:06,970 - INFO - [IOTA/USDT] Fetched 50 candles for 1h
2025-07-04 10:38:06,973 - INFO - DataFrame validated successfully
2025-07-04 10:38:06,973 - INFO - [ADA/USDT] Fetched 50 candles for 1h
2025-07-04 10:38:07,021 - INFO - DataFrame validated successfully
2025-07-04 10:38:07,021 - INFO - [QTUM/USDT] Fetched 50 candles for 1h
2025-07-04 10:38:07,024 - INFO - DataFrame validated successfully
2025-07-04 10:38:07,025 - INFO - [XRP/USDT] Fetched 50 candles for 1h
2025-07-04 10:38:07,029 - INFO - DataFrame validated successfully
2025-07-04 10:38:07,029 - INFO - [XLM/USDT] Fetched 50 candles for 1h
2025-07-04 10:38:13,928 - INFO - DataFrame validated successfully
2025-07-04 10:38:13,929 - INFO - [IOTA/USDT] Fetched 50 candles for 4h
2025-07-04 10:38:13,932 - INFO - DataFrame validated successfully
2025-07-04 10:38:13,932 - INFO - [QTUM/USDT] Fetched 50 candles for 4h
2025-07-04 10:38:13,936 - INFO - DataFrame validated successfully
2025-07-04 10:38:13,936 - INFO - [ADA/USDT] Fetched 50 candles for 4h
2025-07-04 10:38:13,938 - INFO - DataFrame validated successfully
2025-07-04 10:38:13,938 - INFO - [XLM/USDT] Fetched 50 candles for 4h
2025-07-04 10:38:13,942 - INFO - DataFrame validated successfully
2025-07-04 10:38:13,942 - INFO - [XRP/USDT] Fetched 50 candles for 4h
2025-07-04 10:38:20,637 - INFO - DataFrame validated successfully
2025-07-04 10:38:20,638 - INFO - [ADA/USDT] Fetched 50 candles for 1d
2025-07-04 10:38:20,684 - INFO - DataFrame validated successfully
2025-07-04 10:38:20,685 - INFO - [QTUM/USDT] Fetched 50 candles for 1d
2025-07-04 10:38:20,694 - INFO - DataFrame validated successfully
2025-07-04 10:38:20,695 - INFO - [XLM/USDT] Fetched 50 candles for 1d
2025-07-04 10:38:20,701 - INFO - DataFrame validated successfully
2025-07-04 10:38:20,701 - INFO - [XRP/USDT] Fetched 50 candles for 1d
2025-07-04 10:38:20,717 - INFO - DataFrame validated successfully
2025-07-04 10:38:20,718 - INFO - [IOTA/USDT] Fetched 50 candles for 1d
2025-07-04 10:38:20,961 - INFO - [ADA/USDT] Multi-timeframe boost: 0.67
2025-07-04 10:38:20,962 - INFO - [ADA/USDT] Signal generated: LONG, Confidence: 80.00%, Indicators: ['Strong Trend', 'VWAP'], TP1: 1.00%, TP2: 0.73%, TP3: 1.92%, SL: -2.00%
2025-07-04 10:38:21,084 - INFO - [QTUM/USDT] Multi-timeframe boost: 0.67
2025-07-04 10:38:21,085 - INFO - [QTUM/USDT] Signal generated: LONG, Confidence: 80.00%, Indicators: ['Strong Trend', 'VWAP'], TP1: 1.00%, TP2: 0.97%, TP3: 1.95%, SL: -2.00%
2025-07-04 10:38:21,212 - INFO - [XLM/USDT] Multi-timeframe boost: 0.67
2025-07-04 10:38:21,217 - INFO - [XLM/USDT] Signal generated: LONG, Confidence: 85.00%, Indicators: ['Strong Trend', 'VWAP', 'Stochastic'], TP1: 1.00%, TP2: 0.09%, TP3: 0.87%, SL: -2.00%
2025-07-04 10:38:21,337 - INFO - [XRP/USDT] Multi-timeframe boost: 0.33
2025-07-04 10:38:21,339 - INFO - [XRP/USDT] Signal generated: LONG, Confidence: 85.00%, Indicators: ['Strong Trend', 'VWAP', 'Stochastic'], TP1: 1.00%, TP2: 0.07%, TP3: 0.72%, SL: -2.00%
2025-07-04 10:38:21,455 - INFO - [IOTA/USDT] Multi-timeframe boost: 0.33
2025-07-04 10:38:21,459 - INFO - [IOTA/USDT] Signal generated: LONG, Confidence: 80.00%, Indicators: ['Strong Trend', 'VWAP'], TP1: 1.00%, TP2: 1.19%, TP3: 2.43%, SL: -2.00%
2025-07-04 10:38:22,074 - INFO - Signal sent to Telegram for ADA/USDT: LONG
2025-07-04 10:38:22,097 - INFO - Signal sent to Telegram for XLM/USDT: LONG
2025-07-04 10:38:22,112 - INFO - Signal sent to Telegram for QTUM/USDT: LONG
2025-07-04 10:38:22,132 - INFO - Signal sent to Telegram for IOTA/USDT: LONG
2025-07-04 10:38:22,160 - INFO - Signal sent to Telegram for XRP/USDT: LONG
2025-07-04 10:38:22,164 - INFO - Processed 5 signals in batch
2025-07-04 10:38:27,167 - INFO - [TRX/USDT] Scanning for signal
2025-07-04 10:38:27,329 - INFO - [TRX/USDT] Volume check: 50,860,453.41
2025-07-04 10:38:27,330 - INFO - [ETC/USDT] Scanning for signal
2025-07-04 10:38:27,490 - INFO - [ETC/USDT] Volume check: 4,543,564.14
2025-07-04 10:38:27,490 - INFO - [ICX/USDT] Scanning for signal
2025-07-04 10:38:27,633 - INFO - [ICX/USDT] Volume check: 594,713.27
2025-07-04 10:38:27,634 - INFO - [VET/USDT] Scanning for signal
2025-07-04 10:38:27,779 - INFO - [VET/USDT] Volume check: 4,099,538.15
2025-07-04 10:38:27,782 - INFO - [USDC/USDT] Scanning for signal
2025-07-04 10:38:27,932 - INFO - [USDC/USDT] Volume check: 836,925,743.88
2025-07-04 10:38:34,336 - INFO - DataFrame validated successfully
2025-07-04 10:38:34,336 - INFO - [TRX/USDT] Fetched 50 candles for 15m
2025-07-04 10:38:34,472 - INFO - DataFrame validated successfully
2025-07-04 10:38:34,472 - INFO - [ICX/USDT] Fetched 50 candles for 15m
2025-07-04 10:38:34,475 - INFO - DataFrame validated successfully
2025-07-04 10:38:34,476 - INFO - [ETC/USDT] Fetched 50 candles for 15m
2025-07-04 10:38:34,478 - INFO - DataFrame validated successfully
2025-07-04 10:38:34,478 - INFO - [VET/USDT] Fetched 50 candles for 15m
2025-07-04 10:38:34,481 - INFO - DataFrame validated successfully
2025-07-04 10:38:34,481 - INFO - [USDC/USDT] Fetched 50 candles for 15m
2025-07-04 10:38:34,646 - INFO - [TRX/USDT] Calculated indicators for 15m: ['timestamp', 'open', 'high', 'low', 'close', 'volume', 'ma20', 'ma50', 'ma200', 'ema12', 'ema26', 'macd', 'signal_line', 'rsi', 'adx', 'vwap', 'stochastic', 'atr']
2025-07-04 10:38:34,781 - INFO - [ICX/USDT] Calculated indicators for 15m: ['timestamp', 'open', 'high', 'low', 'close', 'volume', 'ma20', 'ma50', 'ma200', 'ema12', 'ema26', 'macd', 'signal_line', 'rsi', 'adx', 'vwap', 'stochastic', 'atr']
2025-07-04 10:38:34,843 - INFO - [ETC/USDT] Calculated indicators for 15m: ['timestamp', 'open', 'high', 'low', 'close', 'volume', 'ma20', 'ma50', 'ma200', 'ema12', 'ema26', 'macd', 'signal_line', 'rsi', 'adx', 'vwap', 'stochastic', 'atr']
2025-07-04 10:38:34,909 - INFO - [VET/USDT] Calculated indicators for 15m: ['timestamp', 'open', 'high', 'low', 'close', 'volume', 'ma20', 'ma50', 'ma200', 'ema12', 'ema26', 'macd', 'signal_line', 'rsi', 'adx', 'vwap', 'stochastic', 'atr']
2025-07-04 10:38:34,982 - INFO - [USDC/USDT] Calculated indicators for 15m: ['timestamp', 'open', 'high', 'low', 'close', 'volume', 'ma20', 'ma50', 'ma200', 'ema12', 'ema26', 'macd', 'signal_line', 'rsi', 'adx', 'vwap', 'stochastic', 'atr']
2025-07-04 10:38:39,643 - INFO - DataFrame validated successfully
2025-07-04 10:38:39,643 - INFO - [TRX/USDT] Fetched 50 candles for 1h
2025-07-04 10:38:40,448 - INFO - DataFrame validated successfully
2025-07-04 10:38:40,448 - INFO - [ETC/USDT] Fetched 50 candles for 1h
2025-07-04 10:38:40,451 - INFO - DataFrame validated successfully
2025-07-04 10:38:40,451 - INFO - [VET/USDT] Fetched 50 candles for 1h
2025-07-04 10:38:40,456 - INFO - DataFrame validated successfully
2025-07-04 10:38:40,457 - INFO - [USDC/USDT] Fetched 50 candles for 1h
2025-07-04 10:38:40,497 - INFO - DataFrame validated successfully
2025-07-04 10:38:40,497 - INFO - [ICX/USDT] Fetched 50 candles for 1h
2025-07-04 10:38:40,624 - INFO - [TRX/USDT] Calculated indicators for 1h: ['timestamp', 'open', 'high', 'low', 'close', 'volume', 'ma20', 'ma50', 'ma200', 'ema12', 'ema26', 'macd', 'signal_line', 'rsi', 'adx', 'vwap', 'stochastic', 'atr']
2025-07-04 10:38:40,753 - INFO - [ETC/USDT] Calculated indicators for 1h: ['timestamp', 'open', 'high', 'low', 'close', 'volume', 'ma20', 'ma50', 'ma200', 'ema12', 'ema26', 'macd', 'signal_line', 'rsi', 'adx', 'vwap', 'stochastic', 'atr']
2025-07-04 10:38:40,822 - INFO - [VET/USDT] Calculated indicators for 1h: ['timestamp', 'open', 'high', 'low', 'close', 'volume', 'ma20', 'ma50', 'ma200', 'ema12', 'ema26', 'macd', 'signal_line', 'rsi', 'adx', 'vwap', 'stochastic', 'atr']
2025-07-04 10:38:40,887 - INFO - [USDC/USDT] Calculated indicators for 1h: ['timestamp', 'open', 'high', 'low', 'close', 'volume', 'ma20', 'ma50', 'ma200', 'ema12', 'ema26', 'macd', 'signal_line', 'rsi', 'adx', 'vwap', 'stochastic', 'atr']
2025-07-04 10:38:40,946 - INFO - [ICX/USDT] Calculated indicators for 1h: ['timestamp', 'open', 'high', 'low', 'close', 'volume', 'ma20', 'ma50', 'ma200', 'ema12', 'ema26', 'macd', 'signal_line', 'rsi', 'adx', 'vwap', 'stochastic', 'atr']
2025-07-04 10:38:46,041 - INFO - DataFrame validated successfully
2025-07-04 10:38:46,041 - INFO - [TRX/USDT] Fetched 50 candles for 4h
2025-07-04 10:38:46,947 - INFO - DataFrame validated successfully
2025-07-04 10:38:46,948 - INFO - [ETC/USDT] Fetched 50 candles for 4h
2025-07-04 10:38:46,950 - INFO - DataFrame validated successfully
2025-07-04 10:38:46,950 - INFO - [ICX/USDT] Fetched 50 candles for 4h
2025-07-04 10:38:46,998 - INFO - DataFrame validated successfully
2025-07-04 10:38:46,999 - INFO - [VET/USDT] Fetched 50 candles for 4h
2025-07-04 10:38:47,005 - INFO - DataFrame validated successfully
2025-07-04 10:38:47,005 - INFO - [USDC/USDT] Fetched 50 candles for 4h
2025-07-04 10:38:47,116 - INFO - [TRX/USDT] Calculated indicators for 4h: ['timestamp', 'open', 'high', 'low', 'close', 'volume', 'ma20', 'ma50', 'ma200', 'ema12', 'ema26', 'macd', 'signal_line', 'rsi', 'adx', 'vwap', 'stochastic', 'atr']
2025-07-04 10:38:47,254 - INFO - [ETC/USDT] Calculated indicators for 4h: ['timestamp', 'open', 'high', 'low', 'close', 'volume', 'ma20', 'ma50', 'ma200', 'ema12', 'ema26', 'macd', 'signal_line', 'rsi', 'adx', 'vwap', 'stochastic', 'atr']
2025-07-04 10:38:47,315 - INFO - [ICX/USDT] Calculated indicators for 4h: ['timestamp', 'open', 'high', 'low', 'close', 'volume', 'ma20', 'ma50', 'ma200', 'ema12', 'ema26', 'macd', 'signal_line', 'rsi', 'adx', 'vwap', 'stochastic', 'atr']
2025-07-04 10:38:47,377 - INFO - [VET/USDT] Calculated indicators for 4h: ['timestamp', 'open', 'high', 'low', 'close', 'volume', 'ma20', 'ma50', 'ma200', 'ema12', 'ema26', 'macd', 'signal_line', 'rsi', 'adx', 'vwap', 'stochastic', 'atr']
2025-07-04 10:38:47,445 - INFO - [USDC/USDT] Calculated indicators for 4h: ['timestamp', 'open', 'high', 'low', 'close', 'volume', 'ma20', 'ma50', 'ma200', 'ema12', 'ema26', 'macd', 'signal_line', 'rsi', 'adx', 'vwap', 'stochastic', 'atr']
2025-07-04 10:38:54,248 - INFO - DataFrame validated successfully
2025-07-04 10:38:54,249 - INFO - [TRX/USDT] Fetched 50 candles for 1d
2025-07-04 10:38:54,298 - INFO - DataFrame validated successfully
2025-07-04 10:38:54,299 - INFO - [ETC/USDT] Fetched 50 candles for 1d
2025-07-04 10:38:54,302 - INFO - DataFrame validated successfully
2025-07-04 10:38:54,302 - INFO - [USDC/USDT] Fetched 50 candles for 1d
2025-07-04 10:38:54,304 - INFO - DataFrame validated successfully
2025-07-04 10:38:54,304 - INFO - [VET/USDT] Fetched 50 candles for 1d
2025-07-04 10:38:54,307 - INFO - DataFrame validated successfully
2025-07-04 10:38:54,307 - INFO - [ICX/USDT] Fetched 50 candles for 1d
2025-07-04 10:38:54,570 - INFO - [TRX/USDT] Calculated indicators for 1d: ['timestamp', 'open', 'high', 'low', 'close', 'volume', 'ma20', 'ma50', 'ma200', 'ema12', 'ema26', 'macd', 'signal_line', 'rsi', 'adx', 'vwap', 'stochastic', 'atr']
2025-07-04 10:38:54,597 - ERROR - Error identifying candle patterns: The truth value of a Series is ambiguous. Use a.empty, a.bool(), a.item(), a.any() or a.all().
2025-07-04 10:38:54,597 - INFO - Fibonacci levels calculated: {'r1': np.float32(0.28570798), 'r2': np.float32(0.286146), 'r3': np.float32(0.286854), 's1': np.float32(0.287292), 's2': np.float32(0.286854), 's3': np.float32(0.286146)}
2025-07-04 10:38:54,598 - INFO - Support: 0.28519999980926514, Resistance: 0.28780001401901245
2025-07-04 10:38:54,599 - INFO - [TRX/USDT] Analysis completed: ['Strong Trend']
2025-07-04 10:38:54,599 - INFO - Trade classification: Score=1, Direction=LONG
2025-07-04 10:38:54,600 - INFO - [TRX/USDT] Signal generated: LONG, Confidence: 75.0%
2025-07-04 10:38:54,601 - ERROR - [TRX/USDT] Error logging signal: name 'os' is not defined
2025-07-04 10:38:54,602 - INFO - [TRX/USDT] Signal predicted: LONG, Confidence: 75.0%
2025-07-04 10:38:54,687 - INFO - [ETC/USDT] Calculated indicators for 1d: ['timestamp', 'open', 'high', 'low', 'close', 'volume', 'ma20', 'ma50', 'ma200', 'ema12', 'ema26', 'macd', 'signal_line', 'rsi', 'adx', 'vwap', 'stochastic', 'atr']
2025-07-04 10:38:54,711 - ERROR - Error identifying candle patterns: The truth value of a Series is ambiguous. Use a.empty, a.bool(), a.item(), a.any() or a.all().
2025-07-04 10:38:54,712 - INFO - Fibonacci levels calculated: {'r1': np.float32(16.604519), 'r2': np.float32(16.68774), 'r3': np.float32(16.82226), 's1': np.float32(16.905481), 's2': np.float32(16.82226), 's3': np.float32(16.68774)}
2025-07-04 10:38:54,713 - INFO - Support: 16.489999771118164, Resistance: 16.809999465942383
2025-07-04 10:38:54,713 - INFO - [ETC/USDT] Analysis completed: ['Strong Trend', 'VWAP']
2025-07-04 10:38:54,714 - INFO - Trade classification: Score=2, Direction=LONG
2025-07-04 10:38:54,714 - INFO - [ETC/USDT] Signal generated: LONG, Confidence: 80.0%
2025-07-04 10:38:54,715 - ERROR - [ETC/USDT] Error logging signal: name 'os' is not defined
2025-07-04 10:38:54,715 - INFO - [ETC/USDT] Signal predicted: LONG, Confidence: 80.0%
2025-07-04 10:38:54,790 - INFO - [USDC/USDT] Calculated indicators for 1d: ['timestamp', 'open', 'high', 'low', 'close', 'volume', 'ma20', 'ma50', 'ma200', 'ema12', 'ema26', 'macd', 'signal_line', 'rsi', 'adx', 'vwap', 'stochastic', 'atr']
2025-07-04 10:38:54,812 - ERROR - Error identifying candle patterns: The truth value of a Series is ambiguous. Use a.empty, a.bool(), a.item(), a.any() or a.all().
2025-07-04 10:38:54,812 - INFO - Fibonacci levels calculated: {'r1': np.float32(0.9996236), 'r2': np.float32(0.9996382), 'r3': np.float32(0.9996618), 's1': np.float32(0.9996764), 's2': np.float32(0.9996618), 's3': np.float32(0.9996382)}
2025-07-04 10:38:54,813 - INFO - Support: 0.9995999932289124, Resistance: 0.9997000098228455
2025-07-04 10:38:54,813 - INFO - [USDC/USDT] Analysis completed: ['Stochastic']
2025-07-04 10:38:54,813 - INFO - Trade classification: Score=-1, Direction=SHORT
2025-07-04 10:38:54,814 - INFO - [USDC/USDT] Signal generated: SHORT, Confidence: 75.0%
2025-07-04 10:38:54,815 - ERROR - [USDC/USDT] Error logging signal: name 'os' is not defined
2025-07-04 10:38:54,815 - INFO - [USDC/USDT] Signal predicted: SHORT, Confidence: 75.0%
2025-07-04 10:38:54,887 - INFO - [VET/USDT] Calculated indicators for 1d: ['timestamp', 'open', 'high', 'low', 'close', 'volume', 'ma20', 'ma50', 'ma200', 'ema12', 'ema26', 'macd', 'signal_line', 'rsi', 'adx', 'vwap', 'stochastic', 'atr']
2025-07-04 10:38:54,910 - ERROR - Error identifying candle patterns: The truth value of a Series is ambiguous. Use a.empty, a.bool(), a.item(), a.any() or a.all().
2025-07-04 10:38:54,910 - INFO - Fibonacci levels calculated: {'r1': np.float32(0.021307241), 'r2': np.float32(0.02146638), 'r3': np.float32(0.02172362), 's1': np.float32(0.02188276), 's2': np.float32(0.02172362), 's3': np.float32(0.02146638)}
2025-07-04 10:38:54,911 - INFO - Support: 0.021080000326037407, Resistance: 0.02167999930679798
2025-07-04 10:38:54,911 - INFO - [VET/USDT] Analysis completed: ['Strong Trend', 'VWAP']
2025-07-04 10:38:54,911 - INFO - Trade classification: Score=2, Direction=LONG
2025-07-04 10:38:54,911 - INFO - [VET/USDT] Signal generated: LONG, Confidence: 80.0%
2025-07-04 10:38:54,913 - ERROR - [VET/USDT] Error logging signal: name 'os' is not defined
2025-07-04 10:38:54,913 - INFO - [VET/USDT] Signal predicted: LONG, Confidence: 80.0%
2025-07-04 10:38:54,990 - INFO - [ICX/USDT] Calculated indicators for 1d: ['timestamp', 'open', 'high', 'low', 'close', 'volume', 'ma20', 'ma50', 'ma200', 'ema12', 'ema26', 'macd', 'signal_line', 'rsi', 'adx', 'vwap', 'stochastic', 'atr']
2025-07-04 10:38:55,021 - ERROR - Error identifying candle patterns: The truth value of a Series is ambiguous. Use a.empty, a.bool(), a.item(), a.any() or a.all().
2025-07-04 10:38:55,021 - INFO - Fibonacci levels calculated: {'r1': np.float32(0.122396804), 'r2': np.float32(0.122951604), 'r3': np.float32(0.1238484), 's1': np.float32(0.1244032), 's2': np.float32(0.1238484), 's3': np.float32(0.122951604)}
2025-07-04 10:38:55,022 - INFO - Support: 0.1216999962925911, Resistance: 0.12370000034570694
2025-07-04 10:38:55,023 - INFO - [ICX/USDT] Analysis completed: ['Overbought RSI', 'Strong Trend', 'Stochastic']
2025-07-04 10:38:55,023 - INFO - Trade classification: Score=-2, Direction=SHORT
2025-07-04 10:38:55,023 - INFO - [ICX/USDT] Signal generated: SHORT, Confidence: 85.0%
2025-07-04 10:38:55,024 - ERROR - [ICX/USDT] Error logging signal: name 'os' is not defined
2025-07-04 10:38:55,024 - INFO - [ICX/USDT] Signal predicted: SHORT, Confidence: 85.0%
2025-07-04 10:39:08,185 - INFO - [TRX/USDT] Trade status: tp3
2025-07-04 10:39:08,209 - ERROR - [TRX/USDT] Error updating signal log: status
2025-07-04 10:39:08,324 - INFO - DataFrame validated successfully
2025-07-04 10:39:08,324 - INFO - [USDC/USDT] Fetched 50 candles for 1h
2025-07-04 10:39:08,345 - INFO - [USDC/USDT] Trade status: tp3
2025-07-04 10:39:08,346 - ERROR - [USDC/USDT] Error updating signal log: status
2025-07-04 10:39:08,350 - INFO - DataFrame validated successfully
2025-07-04 10:39:08,351 - INFO - [ICX/USDT] Fetched 50 candles for 1h
2025-07-04 10:39:08,354 - INFO - DataFrame validated successfully
2025-07-04 10:39:08,355 - INFO - [VET/USDT] Fetched 50 candles for 1h
2025-07-04 10:39:08,359 - INFO - DataFrame validated successfully
2025-07-04 10:39:08,359 - INFO - [ETC/USDT] Fetched 50 candles for 1h
2025-07-04 10:39:08,361 - INFO - DataFrame validated successfully
2025-07-04 10:39:08,362 - INFO - [TRX/USDT] Fetched 50 candles for 1h
2025-07-04 10:39:14,583 - INFO - DataFrame validated successfully
2025-07-04 10:39:14,583 - INFO - [USDC/USDT] Fetched 50 candles for 4h
2025-07-04 10:39:14,585 - INFO - DataFrame validated successfully
2025-07-04 10:39:14,585 - INFO - [VET/USDT] Fetched 50 candles for 4h
2025-07-04 10:39:14,587 - INFO - DataFrame validated successfully
2025-07-04 10:39:14,587 - INFO - [TRX/USDT] Fetched 50 candles for 4h
2025-07-04 10:39:14,725 - INFO - DataFrame validated successfully
2025-07-04 10:39:14,725 - INFO - [ETC/USDT] Fetched 50 candles for 4h
2025-07-04 10:39:14,728 - INFO - DataFrame validated successfully
2025-07-04 10:39:14,728 - INFO - [ICX/USDT] Fetched 50 candles for 4h
2025-07-04 10:39:20,828 - INFO - DataFrame validated successfully
2025-07-04 10:39:20,828 - INFO - [ICX/USDT] Fetched 50 candles for 1d
2025-07-04 10:39:20,831 - INFO - DataFrame validated successfully
2025-07-04 10:39:20,831 - INFO - [USDC/USDT] Fetched 50 candles for 1d
2025-07-04 10:39:20,967 - INFO - DataFrame validated successfully
2025-07-04 10:39:20,967 - INFO - [TRX/USDT] Fetched 50 candles for 1d
2025-07-04 10:39:20,970 - INFO - DataFrame validated successfully
2025-07-04 10:39:20,970 - INFO - [VET/USDT] Fetched 50 candles for 1d
2025-07-04 10:39:20,975 - INFO - DataFrame validated successfully
2025-07-04 10:39:20,975 - INFO - [ETC/USDT] Fetched 50 candles for 1d
2025-07-04 10:39:21,142 - INFO - [ICX/USDT] Multi-timeframe boost: 1.00
2025-07-04 10:39:21,142 - INFO - [ICX/USDT] Signal generated: SHORT, Confidence: 85.00%, Indicators: ['Overbought RSI', 'Strong Trend', 'Stochastic'], TP1: 1.00%, TP2: -0.12%, TP3: 0.61%, SL: -2.00%
2025-07-04 10:39:21,221 - INFO - [USDC/USDT] Multi-timeframe boost: 0.33
2025-07-04 10:39:21,222 - INFO - [USDC/USDT] Signal generated: SHORT, Confidence: 75.00%, Indicators: ['Stochastic'], TP1: 1.00%, TP2: 0.00%, TP3: 0.01%, SL: -2.00%
2025-07-04 10:39:21,331 - INFO - [TRX/USDT] Multi-timeframe boost: 1.00
2025-07-04 10:39:21,332 - INFO - [TRX/USDT] Signal generated: LONG, Confidence: 75.00%, Indicators: ['Strong Trend'], TP1: 1.00%, TP2: -0.30%, TP3: -0.05%, SL: -2.00%
2025-07-04 10:39:21,399 - INFO - [VET/USDT] Multi-timeframe boost: 0.33
2025-07-04 10:39:21,399 - INFO - [VET/USDT] Signal generated: LONG, Confidence: 80.00%, Indicators: ['Strong Trend', 'VWAP'], TP1: 1.00%, TP2: 0.64%, TP3: 1.85%, SL: -2.00%
2025-07-04 10:39:21,463 - INFO - [ETC/USDT] Multi-timeframe boost: 0.33
2025-07-04 10:39:21,463 - INFO - [ETC/USDT] Signal generated: LONG, Confidence: 80.00%, Indicators: ['Strong Trend', 'VWAP'], TP1: 1.00%, TP2: 0.53%, TP3: 1.34%, SL: -2.00%
2025-07-04 10:39:22,137 - INFO - Signal sent to Telegram for ETC/USDT: LONG
2025-07-04 10:39:22,154 - INFO - Signal sent to Telegram for TRX/USDT: LONG
2025-07-04 10:39:22,171 - INFO - Signal sent to Telegram for VET/USDT: LONG
2025-07-04 10:39:22,184 - INFO - Signal sent to Telegram for USDC/USDT: SHORT
2025-07-04 10:39:22,207 - INFO - Signal sent to Telegram for ICX/USDT: SHORT
2025-07-04 10:39:22,210 - INFO - Processed 5 signals in batch
2025-07-04 10:39:27,212 - INFO - [LINK/USDT] Scanning for signal
2025-07-04 10:39:27,364 - INFO - [LINK/USDT] Volume check: 41,241,850.42
2025-07-04 10:39:27,365 - INFO - [ONG/USDT] Scanning for signal
2025-07-04 10:39:27,516 - INFO - [ONG/USDT] Volume check: 992,562.21
2025-07-04 10:39:27,516 - INFO - [HOT/USDT] Scanning for signal
2025-07-04 10:39:27,663 - INFO - [HOT/USDT] Volume check: 1,169,879.20
2025-07-04 10:39:27,664 - INFO - [ZIL/USDT] Scanning for signal
2025-07-04 10:39:27,824 - INFO - [ZIL/USDT] Volume check: 1,314,440.65
2025-07-04 10:39:27,825 - INFO - [ZRX/USDT] Scanning for signal
2025-07-04 10:39:27,987 - INFO - [ZRX/USDT] Volume check: 2,933,223.25
2025-07-04 10:39:34,283 - INFO - DataFrame validated successfully
2025-07-04 10:39:34,284 - INFO - [HOT/USDT] Fetched 50 candles for 15m
2025-07-04 10:39:34,287 - INFO - DataFrame validated successfully
2025-07-04 10:39:34,287 - INFO - [LINK/USDT] Fetched 50 candles for 15m
2025-07-04 10:39:34,290 - INFO - DataFrame validated successfully
2025-07-04 10:39:34,290 - INFO - [ONG/USDT] Fetched 50 candles for 15m
2025-07-04 10:39:34,294 - INFO - DataFrame validated successfully
2025-07-04 10:39:34,294 - INFO - [ZIL/USDT] Fetched 50 candles for 15m
2025-07-04 10:39:34,344 - INFO - DataFrame validated successfully
2025-07-04 10:39:34,345 - INFO - [ZRX/USDT] Fetched 50 candles for 15m
2025-07-04 10:39:34,623 - INFO - [HOT/USDT] Calculated indicators for 15m: ['timestamp', 'open', 'high', 'low', 'close', 'volume', 'ma20', 'ma50', 'ma200', 'ema12', 'ema26', 'macd', 'signal_line', 'rsi', 'adx', 'vwap', 'stochastic', 'atr']
2025-07-04 10:39:34,715 - INFO - [LINK/USDT] Calculated indicators for 15m: ['timestamp', 'open', 'high', 'low', 'close', 'volume', 'ma20', 'ma50', 'ma200', 'ema12', 'ema26', 'macd', 'signal_line', 'rsi', 'adx', 'vwap', 'stochastic', 'atr']
2025-07-04 10:39:34,802 - INFO - [ONG/USDT] Calculated indicators for 15m: ['timestamp', 'open', 'high', 'low', 'close', 'volume', 'ma20', 'ma50', 'ma200', 'ema12', 'ema26', 'macd', 'signal_line', 'rsi', 'adx', 'vwap', 'stochastic', 'atr']
2025-07-04 10:39:34,885 - INFO - [ZIL/USDT] Calculated indicators for 15m: ['timestamp', 'open', 'high', 'low', 'close', 'volume', 'ma20', 'ma50', 'ma200', 'ema12', 'ema26', 'macd', 'signal_line', 'rsi', 'adx', 'vwap', 'stochastic', 'atr']
2025-07-04 10:39:34,978 - INFO - [ZRX/USDT] Calculated indicators for 15m: ['timestamp', 'open', 'high', 'low', 'close', 'volume', 'ma20', 'ma50', 'ma200', 'ema12', 'ema26', 'macd', 'signal_line', 'rsi', 'adx', 'vwap', 'stochastic', 'atr']
2025-07-04 10:39:42,377 - INFO - DataFrame validated successfully
2025-07-04 10:39:42,377 - INFO - [LINK/USDT] Fetched 50 candles for 1h
2025-07-04 10:39:42,381 - INFO - DataFrame validated successfully
2025-07-04 10:39:42,382 - INFO - [HOT/USDT] Fetched 50 candles for 1h
2025-07-04 10:39:42,384 - INFO - DataFrame validated successfully
2025-07-04 10:39:42,384 - INFO - [ZIL/USDT] Fetched 50 candles for 1h
2025-07-04 10:39:42,387 - INFO - DataFrame validated successfully
2025-07-04 10:39:42,387 - INFO - [ZRX/USDT] Fetched 50 candles for 1h
2025-07-04 10:39:42,392 - INFO - DataFrame validated successfully
2025-07-04 10:39:42,392 - INFO - [ONG/USDT] Fetched 50 candles for 1h
2025-07-04 10:39:42,695 - INFO - [LINK/USDT] Calculated indicators for 1h: ['timestamp', 'open', 'high', 'low', 'close', 'volume', 'ma20', 'ma50', 'ma200', 'ema12', 'ema26', 'macd', 'signal_line', 'rsi', 'adx', 'vwap', 'stochastic', 'atr']
2025-07-04 10:39:42,763 - INFO - [HOT/USDT] Calculated indicators for 1h: ['timestamp', 'open', 'high', 'low', 'close', 'volume', 'ma20', 'ma50', 'ma200', 'ema12', 'ema26', 'macd', 'signal_line', 'rsi', 'adx', 'vwap', 'stochastic', 'atr']
2025-07-04 10:39:42,826 - INFO - [ZIL/USDT] Calculated indicators for 1h: ['timestamp', 'open', 'high', 'low', 'close', 'volume', 'ma20', 'ma50', 'ma200', 'ema12', 'ema26', 'macd', 'signal_line', 'rsi', 'adx', 'vwap', 'stochastic', 'atr']
2025-07-04 10:39:42,890 - INFO - [ZRX/USDT] Calculated indicators for 1h: ['timestamp', 'open', 'high', 'low', 'close', 'volume', 'ma20', 'ma50', 'ma200', 'ema12', 'ema26', 'macd', 'signal_line', 'rsi', 'adx', 'vwap', 'stochastic', 'atr']
2025-07-04 10:39:42,959 - INFO - [ONG/USDT] Calculated indicators for 1h: ['timestamp', 'open', 'high', 'low', 'close', 'volume', 'ma20', 'ma50', 'ma200', 'ema12', 'ema26', 'macd', 'signal_line', 'rsi', 'adx', 'vwap', 'stochastic', 'atr']
2025-07-04 10:39:49,841 - INFO - DataFrame validated successfully
2025-07-04 10:39:49,842 - INFO - [LINK/USDT] Fetched 50 candles for 4h
2025-07-04 10:39:49,892 - INFO - DataFrame validated successfully
2025-07-04 10:39:49,894 - INFO - [ZRX/USDT] Fetched 50 candles for 4h
2025-07-04 10:39:49,899 - INFO - DataFrame validated successfully
2025-07-04 10:39:49,900 - INFO - [HOT/USDT] Fetched 50 candles for 4h
2025-07-04 10:39:49,905 - INFO - DataFrame validated successfully
2025-07-04 10:39:49,905 - INFO - [ZIL/USDT] Fetched 50 candles for 4h
2025-07-04 10:39:49,907 - INFO - DataFrame validated successfully
2025-07-04 10:39:49,907 - INFO - [ONG/USDT] Fetched 50 candles for 4h
2025-07-04 10:39:50,151 - INFO - [LINK/USDT] Calculated indicators for 4h: ['timestamp', 'open', 'high', 'low', 'close', 'volume', 'ma20', 'ma50', 'ma200', 'ema12', 'ema26', 'macd', 'signal_line', 'rsi', 'adx', 'vwap', 'stochastic', 'atr']
2025-07-04 10:39:50,236 - INFO - [ZRX/USDT] Calculated indicators for 4h: ['timestamp', 'open', 'high', 'low', 'close', 'volume', 'ma20', 'ma50', 'ma200', 'ema12', 'ema26', 'macd', 'signal_line', 'rsi', 'adx', 'vwap', 'stochastic', 'atr']
2025-07-04 10:39:50,347 - INFO - [HOT/USDT] Calculated indicators for 4h: ['timestamp', 'open', 'high', 'low', 'close', 'volume', 'ma20', 'ma50', 'ma200', 'ema12', 'ema26', 'macd', 'signal_line', 'rsi', 'adx', 'vwap', 'stochastic', 'atr']
2025-07-04 10:39:50,418 - INFO - [ZIL/USDT] Calculated indicators for 4h: ['timestamp', 'open', 'high', 'low', 'close', 'volume', 'ma20', 'ma50', 'ma200', 'ema12', 'ema26', 'macd', 'signal_line', 'rsi', 'adx', 'vwap', 'stochastic', 'atr']
2025-07-04 10:39:50,485 - INFO - [ONG/USDT] Calculated indicators for 4h: ['timestamp', 'open', 'high', 'low', 'close', 'volume', 'ma20', 'ma50', 'ma200', 'ema12', 'ema26', 'macd', 'signal_line', 'rsi', 'adx', 'vwap', 'stochastic', 'atr']
2025-07-04 10:39:58,882 - INFO - DataFrame validated successfully
2025-07-04 10:39:58,889 - INFO - [ZRX/USDT] Fetched 50 candles for 1d
2025-07-04 10:39:58,896 - INFO - DataFrame validated successfully
2025-07-04 10:39:58,901 - INFO - [ZIL/USDT] Fetched 50 candles for 1d
2025-07-04 10:39:59,022 - INFO - DataFrame validated successfully
2025-07-04 10:39:59,022 - INFO - [LINK/USDT] Fetched 50 candles for 1d
2025-07-04 10:39:59,076 - INFO - DataFrame validated successfully
2025-07-04 10:39:59,099 - INFO - [HOT/USDT] Fetched 50 candles for 1d
2025-07-04 10:39:59,111 - INFO - DataFrame validated successfully
2025-07-04 10:39:59,116 - INFO - [ONG/USDT] Fetched 50 candles for 1d
2025-07-04 10:39:59,485 - INFO - [ZRX/USDT] Calculated indicators for 1d: ['timestamp', 'open', 'high', 'low', 'close', 'volume', 'ma20', 'ma50', 'ma200', 'ema12', 'ema26', 'macd', 'signal_line', 'rsi', 'adx', 'vwap', 'stochastic', 'atr']
2025-07-04 10:39:59,515 - ERROR - Error identifying candle patterns: The truth value of a Series is ambiguous. Use a.empty, a.bool(), a.item(), a.any() or a.all().
2025-07-04 10:39:59,515 - INFO - Fibonacci levels calculated: {'r1': np.float32(0.2193656), 'r2': np.float32(0.2207672), 'r3': np.float32(0.22303279), 's1': np.float32(0.22443439), 's2': np.float32(0.22303279), 's3': np.float32(0.2207672)}
2025-07-04 10:39:59,516 - INFO - Support: 0.21719999611377716, Resistance: 0.22349999845027924
2025-07-04 10:39:59,516 - INFO - [ZRX/USDT] Analysis completed: ['Strong Trend', 'VWAP']
2025-07-04 10:39:59,516 - INFO - Trade classification: Score=2, Direction=LONG
2025-07-04 10:39:59,517 - INFO - [ZRX/USDT] Signal generated: LONG, Confidence: 80.0%
2025-07-04 10:39:59,518 - ERROR - [ZRX/USDT] Error logging signal: name 'os' is not defined
2025-07-04 10:39:59,518 - INFO - [ZRX/USDT] Signal predicted: LONG, Confidence: 80.0%
2025-07-04 10:39:59,632 - INFO - [ZIL/USDT] Calculated indicators for 1d: ['timestamp', 'open', 'high', 'low', 'close', 'volume', 'ma20', 'ma50', 'ma200', 'ema12', 'ema26', 'macd', 'signal_line', 'rsi', 'adx', 'vwap', 'stochastic', 'atr']
2025-07-04 10:39:59,657 - ERROR - Error identifying candle patterns: The truth value of a Series is ambiguous. Use a.empty, a.bool(), a.item(), a.any() or a.all().
2025-07-04 10:39:59,657 - INFO - Fibonacci levels calculated: {'r1': np.float32(0.01073564), 'r2': np.float32(0.01080718), 'r3': np.float32(0.01092282), 's1': np.float32(0.01099436), 's2': np.float32(0.01092282), 's3': np.float32(0.01080718)}
2025-07-04 10:39:59,657 - INFO - Support: 0.010619999840855598, Resistance: 0.010950000025331974
2025-07-04 10:39:59,658 - INFO - [ZIL/USDT] Analysis completed: ['Strong Trend', 'VWAP']
2025-07-04 10:39:59,658 - INFO - Trade classification: Score=2, Direction=LONG
2025-07-04 10:39:59,658 - INFO - [ZIL/USDT] Signal generated: LONG, Confidence: 80.0%
2025-07-04 10:39:59,659 - ERROR - [ZIL/USDT] Error logging signal: name 'os' is not defined
2025-07-04 10:39:59,660 - INFO - [ZIL/USDT] Signal predicted: LONG, Confidence: 80.0%
2025-07-04 10:39:59,843 - INFO - [LINK/USDT] Calculated indicators for 1d: ['timestamp', 'open', 'high', 'low', 'close', 'volume', 'ma20', 'ma50', 'ma200', 'ema12', 'ema26', 'macd', 'signal_line', 'rsi', 'adx', 'vwap', 'stochastic', 'atr']
2025-07-04 10:40:00,022 - ERROR - Error identifying candle patterns: The truth value of a Series is ambiguous. Use a.empty, a.bool(), a.item(), a.any() or a.all().
2025-07-04 10:40:00,023 - INFO - Fibonacci levels calculated: {'r1': np.float32(13.35216), 'r2': np.float32(13.43392), 'r3': np.float32(13.56608), 's1': np.float32(13.64784), 's2': np.float32(13.56608), 's3': np.float32(13.43392)}
2025-07-04 10:40:00,024 - INFO - Support: 13.289999961853027, Resistance: 13.539999961853027
2025-07-04 10:40:00,025 - INFO - [LINK/USDT] Analysis completed: ['Strong Trend', 'VWAP']
2025-07-04 10:40:00,025 - INFO - Trade classification: Score=2, Direction=LONG
2025-07-04 10:40:00,025 - INFO - [LINK/USDT] Signal generated: LONG, Confidence: 80.0%
2025-07-04 10:40:00,026 - ERROR - [LINK/USDT] Error logging signal: name 'os' is not defined
2025-07-04 10:40:00,026 - INFO - [LINK/USDT] Signal predicted: LONG, Confidence: 80.0%
2025-07-04 10:40:00,576 - INFO - [HOT/USDT] Calculated indicators for 1d: ['timestamp', 'open', 'high', 'low', 'close', 'volume', 'ma20', 'ma50', 'ma200', 'ema12', 'ema26', 'macd', 'signal_line', 'rsi', 'adx', 'vwap', 'stochastic', 'atr']
2025-07-04 10:40:00,616 - ERROR - Error identifying candle patterns: The truth value of a Series is ambiguous. Use a.empty, a.bool(), a.item(), a.any() or a.all().
2025-07-04 10:40:00,617 - INFO - Fibonacci levels calculated: {'r1': np.float32(0.000845148), 'r2': np.float32(0.000851426), 'r3': np.float32(0.000861574), 's1': np.float32(0.000867852), 's2': np.float32(0.000861574), 's3': np.float32(0.000851426)}
2025-07-04 10:40:00,617 - INFO - Support: 0.0008360000210814178, Resistance: 0.0008590000215917826
2025-07-04 10:40:00,618 - INFO - [HOT/USDT] Analysis completed: ['Strong Trend', 'VWAP']
2025-07-04 10:40:00,619 - INFO - Trade classification: Score=2, Direction=LONG
2025-07-04 10:40:00,619 - INFO - [HOT/USDT] Signal generated: LONG, Confidence: 80.0%
2025-07-04 10:40:00,621 - ERROR - [HOT/USDT] Error logging signal: name 'os' is not defined
2025-07-04 10:40:00,621 - INFO - [HOT/USDT] Signal predicted: LONG, Confidence: 80.0%
2025-07-04 10:40:00,748 - INFO - [ONG/USDT] Calculated indicators for 1d: ['timestamp', 'open', 'high', 'low', 'close', 'volume', 'ma20', 'ma50', 'ma200', 'ema12', 'ema26', 'macd', 'signal_line', 'rsi', 'adx', 'vwap', 'stochastic', 'atr']
2025-07-04 10:40:00,798 - ERROR - Error identifying candle patterns: The truth value of a Series is ambiguous. Use a.empty, a.bool(), a.item(), a.any() or a.all().
2025-07-04 10:40:00,799 - INFO - Fibonacci levels calculated: {'r1': np.float32(0.1688048), 'r2': np.float32(0.1697976), 'r3': np.float32(0.1714024), 's1': np.float32(0.1723952), 's2': np.float32(0.1714024), 's3': np.float32(0.1697976)}
2025-07-04 10:40:00,800 - INFO - Support: 0.16750000417232513, Resistance: 0.17020000517368317
2025-07-04 10:40:00,801 - INFO - [ONG/USDT] Analysis completed: ['Strong Trend', 'VWAP', 'Stochastic']
2025-07-04 10:40:00,809 - INFO - Trade classification: Score=1, Direction=LONG
2025-07-04 10:40:00,810 - INFO - [ONG/USDT] Signal generated: LONG, Confidence: 85.0%
2025-07-04 10:40:00,811 - ERROR - [ONG/USDT] Error logging signal: name 'os' is not defined
2025-07-04 10:40:00,811 - INFO - [ONG/USDT] Signal predicted: LONG, Confidence: 85.0%
2025-07-04 10:40:14,393 - ERROR - [HOT/USDT] Error fetching OHLCV data: binance GET https://dapi.binance.com/dapi/v1/exchangeInfo
2025-07-04 10:40:14,394 - ERROR - [LINK/USDT] Error tracking trade: binance GET https://dapi.binance.com/dapi/v1/exchangeInfo
2025-07-04 10:40:14,394 - ERROR - [ZIL/USDT] Error tracking trade: binance GET https://dapi.binance.com/dapi/v1/exchangeInfo
2025-07-04 10:40:14,395 - ERROR - [ONG/USDT] Error fetching OHLCV data: binance GET https://dapi.binance.com/dapi/v1/exchangeInfo
2025-07-04 10:40:14,395 - ERROR - [LINK/USDT] Error fetching OHLCV data: binance GET https://dapi.binance.com/dapi/v1/exchangeInfo
2025-07-04 10:40:14,423 - INFO - DataFrame validated successfully
2025-07-04 10:40:14,423 - INFO - [ZRX/USDT] Fetched 50 candles for 1h
2025-07-04 10:40:14,430 - INFO - DataFrame validated successfully
2025-07-04 10:40:14,430 - INFO - [ZIL/USDT] Fetched 50 candles for 1h
2025-07-04 10:40:14,506 - ERROR - [HOT/USDT] Error tracking trade: binance GET https://dapi.binance.com/dapi/v1/exchangeInfo
2025-07-04 10:40:14,506 - ERROR - [ONG/USDT] Error tracking trade: binance GET https://dapi.binance.com/dapi/v1/exchangeInfo
2025-07-04 10:40:14,760 - WARNING - [HOT/USDT] Insufficient data for 1h
2025-07-04 10:40:14,782 - WARNING - [ONG/USDT] Insufficient data for 1h
2025-07-04 10:40:14,805 - WARNING - [LINK/USDT] Insufficient data for 1h
2025-07-04 10:40:25,184 - INFO - DataFrame validated successfully
2025-07-04 10:40:25,185 - INFO - [ZIL/USDT] Fetched 50 candles for 4h
2025-07-04 10:40:25,196 - INFO - DataFrame validated successfully
2025-07-04 10:40:25,199 - INFO - [HOT/USDT] Fetched 50 candles for 4h
2025-07-04 10:40:25,234 - INFO - DataFrame validated successfully
2025-07-04 10:40:25,235 - INFO - [LINK/USDT] Fetched 50 candles for 4h
2025-07-04 10:40:25,239 - INFO - DataFrame validated successfully
2025-07-04 10:40:25,239 - INFO - [ONG/USDT] Fetched 50 candles for 4h
2025-07-04 10:40:25,245 - INFO - DataFrame validated successfully
2025-07-04 10:40:25,246 - INFO - [ZRX/USDT] Fetched 50 candles for 4h
2025-07-04 10:40:33,991 - INFO - DataFrame validated successfully
2025-07-04 10:40:33,992 - INFO - [HOT/USDT] Fetched 50 candles for 1d
2025-07-04 10:40:34,054 - INFO - DataFrame validated successfully
2025-07-04 10:40:34,056 - INFO - [ZRX/USDT] Fetched 50 candles for 1d
2025-07-04 10:40:34,061 - INFO - DataFrame validated successfully
2025-07-04 10:40:34,063 - INFO - [LINK/USDT] Fetched 50 candles for 1d
2025-07-04 10:40:34,066 - INFO - DataFrame validated successfully
2025-07-04 10:40:34,066 - INFO - [ONG/USDT] Fetched 50 candles for 1d
2025-07-04 10:40:34,077 - INFO - DataFrame validated successfully
2025-07-04 10:40:34,078 - INFO - [ZIL/USDT] Fetched 50 candles for 1d
2025-07-04 10:40:34,369 - INFO - [HOT/USDT] Multi-timeframe boost: 0.33
2025-07-04 10:40:34,369 - INFO - [HOT/USDT] Signal generated: LONG, Confidence: 80.00%, Indicators: ['Strong Trend', 'VWAP'], TP1: 1.00%, TP2: 1.12%, TP3: 2.32%, SL: -2.00%
2025-07-04 10:40:34,547 - INFO - [ZRX/USDT] Multi-timeframe boost: 0.33
2025-07-04 10:40:34,548 - INFO - [ZRX/USDT] Signal generated: LONG, Confidence: 80.00%, Indicators: ['Strong Trend', 'VWAP'], TP1: 1.00%, TP2: 0.67%, TP3: 1.70%, SL: -2.00%
2025-07-04 10:40:34,712 - INFO - [LINK/USDT] Multi-timeframe boost: 0.33
2025-07-04 10:40:34,713 - INFO - [LINK/USDT] Signal generated: LONG, Confidence: 80.00%, Indicators: ['Strong Trend', 'VWAP'], TP1: 1.00%, TP2: 0.40%, TP3: 1.39%, SL: -2.00%
2025-07-04 10:40:34,890 - INFO - [ONG/USDT] Multi-timeframe boost: 0.67
2025-07-04 10:40:34,892 - INFO - [ONG/USDT] Signal generated: LONG, Confidence: 85.00%, Indicators: ['Strong Trend', 'VWAP', 'Stochastic'], TP1: 1.00%, TP2: 0.12%, TP3: 1.06%, SL: -2.00%
2025-07-04 10:40:35,161 - INFO - [ZIL/USDT] Multi-timeframe boost: 0.33
2025-07-04 10:40:35,161 - INFO - [ZIL/USDT] Signal generated: LONG, Confidence: 80.00%, Indicators: ['Strong Trend', 'VWAP'], TP1: 1.00%, TP2: 0.91%, TP3: 1.99%, SL: -2.00%
2025-07-04 10:40:35,822 - INFO - Signal sent to Telegram for HOT/USDT: LONG
2025-07-04 10:40:35,841 - INFO - Signal sent to Telegram for ONG/USDT: LONG
2025-07-04 10:40:35,862 - INFO - Signal sent to Telegram for LINK/USDT: LONG
2025-07-04 10:40:35,876 - INFO - Signal sent to Telegram for ZIL/USDT: LONG
2025-07-04 10:40:35,894 - INFO - Signal sent to Telegram for ZRX/USDT: LONG
2025-07-04 10:40:35,899 - INFO - Processed 5 signals in batch
2025-07-04 10:40:40,904 - INFO - [FET/USDT] Scanning for signal
2025-07-04 10:40:41,051 - INFO - [FET/USDT] Volume check: 20,663,256.64
2025-07-04 10:40:41,052 - INFO - [BAT/USDT] Scanning for signal
2025-07-04 10:40:41,203 - INFO - [BAT/USDT] Volume check: 1,324,416.58
2025-07-04 10:40:41,204 - INFO - [ZEC/USDT] Scanning for signal
2025-07-04 10:40:41,349 - INFO - [ZEC/USDT] Volume check: 3,309,806.34
2025-07-04 10:40:41,350 - INFO - [IOST/USDT] Scanning for signal
2025-07-04 10:40:41,494 - INFO - [IOST/USDT] Volume check: 562,537.78
2025-07-04 10:40:41,495 - INFO - [DASH/USDT] Scanning for signal
2025-07-04 10:40:41,639 - INFO - [DASH/USDT] Volume check: 1,036,847.69
2025-07-04 10:40:48,621 - INFO - DataFrame validated successfully
2025-07-04 10:40:48,622 - INFO - [BAT/USDT] Fetched 50 candles for 15m
2025-07-04 10:40:48,626 - INFO - DataFrame validated successfully
2025-07-04 10:40:48,626 - INFO - [IOST/USDT] Fetched 50 candles for 15m
2025-07-04 10:40:48,755 - INFO - DataFrame validated successfully
2025-07-04 10:40:48,756 - INFO - [ZEC/USDT] Fetched 50 candles for 15m
2025-07-04 10:40:48,767 - INFO - DataFrame validated successfully
2025-07-04 10:40:48,767 - INFO - [DASH/USDT] Fetched 50 candles for 15m
2025-07-04 10:40:48,774 - INFO - DataFrame validated successfully
2025-07-04 10:40:48,775 - INFO - [FET/USDT] Fetched 50 candles for 15m
2025-07-04 10:40:48,933 - INFO - [BAT/USDT] Calculated indicators for 15m: ['timestamp', 'open', 'high', 'low', 'close', 'volume', 'ma20', 'ma50', 'ma200', 'ema12', 'ema26', 'macd', 'signal_line', 'rsi', 'adx', 'vwap', 'stochastic', 'atr']
2025-07-04 10:40:48,997 - INFO - [IOST/USDT] Calculated indicators for 15m: ['timestamp', 'open', 'high', 'low', 'close', 'volume', 'ma20', 'ma50', 'ma200', 'ema12', 'ema26', 'macd', 'signal_line', 'rsi', 'adx', 'vwap', 'stochastic', 'atr']
2025-07-04 10:40:49,061 - INFO - [ZEC/USDT] Calculated indicators for 15m: ['timestamp', 'open', 'high', 'low', 'close', 'volume', 'ma20', 'ma50', 'ma200', 'ema12', 'ema26', 'macd', 'signal_line', 'rsi', 'adx', 'vwap', 'stochastic', 'atr']
2025-07-04 10:40:49,157 - INFO - [DASH/USDT] Calculated indicators for 15m: ['timestamp', 'open', 'high', 'low', 'close', 'volume', 'ma20', 'ma50', 'ma200', 'ema12', 'ema26', 'macd', 'signal_line', 'rsi', 'adx', 'vwap', 'stochastic', 'atr']
2025-07-04 10:40:49,224 - INFO - [FET/USDT] Calculated indicators for 15m: ['timestamp', 'open', 'high', 'low', 'close', 'volume', 'ma20', 'ma50', 'ma200', 'ema12', 'ema26', 'macd', 'signal_line', 'rsi', 'adx', 'vwap', 'stochastic', 'atr']
2025-07-04 10:40:52,949 - INFO - DataFrame validated successfully
2025-07-04 10:40:52,949 - INFO - [BAT/USDT] Fetched 50 candles for 1h
2025-07-04 10:40:53,005 - INFO - DataFrame validated successfully
2025-07-04 10:40:53,005 - INFO - [IOST/USDT] Fetched 50 candles for 1h
2025-07-04 10:40:54,816 - INFO - [BAT/USDT] Calculated indicators for 1h: ['timestamp', 'open', 'high', 'low', 'close', 'volume', 'ma20', 'ma50', 'ma200', 'ema12', 'ema26', 'macd', 'signal_line', 'rsi', 'adx', 'vwap', 'stochastic', 'atr']
2025-07-04 10:40:54,881 - INFO - [IOST/USDT] Calculated indicators for 1h: ['timestamp', 'open', 'high', 'low', 'close', 'volume', 'ma20', 'ma50', 'ma200', 'ema12', 'ema26', 'macd', 'signal_line', 'rsi', 'adx', 'vwap', 'stochastic', 'atr']
2025-07-04 10:40:55,911 - INFO - DataFrame validated successfully
2025-07-04 10:40:55,911 - INFO - [DASH/USDT] Fetched 50 candles for 1h
2025-07-04 10:40:55,915 - INFO - DataFrame validated successfully
2025-07-04 10:40:55,915 - INFO - [ZEC/USDT] Fetched 50 candles for 1h
2025-07-04 10:40:55,924 - INFO - DataFrame validated successfully
2025-07-04 10:40:55,925 - INFO - [FET/USDT] Fetched 50 candles for 1h
2025-07-04 10:40:56,436 - INFO - [DASH/USDT] Calculated indicators for 1h: ['timestamp', 'open', 'high', 'low', 'close', 'volume', 'ma20', 'ma50', 'ma200', 'ema12', 'ema26', 'macd', 'signal_line', 'rsi', 'adx', 'vwap', 'stochastic', 'atr']
2025-07-04 10:40:56,547 - INFO - [ZEC/USDT] Calculated indicators for 1h: ['timestamp', 'open', 'high', 'low', 'close', 'volume', 'ma20', 'ma50', 'ma200', 'ema12', 'ema26', 'macd', 'signal_line', 'rsi', 'adx', 'vwap', 'stochastic', 'atr']
2025-07-04 10:40:56,627 - INFO - [FET/USDT] Calculated indicators for 1h: ['timestamp', 'open', 'high', 'low', 'close', 'volume', 'ma20', 'ma50', 'ma200', 'ema12', 'ema26', 'macd', 'signal_line', 'rsi', 'adx', 'vwap', 'stochastic', 'atr']
2025-07-04 10:41:01,401 - INFO - DataFrame validated successfully
2025-07-04 10:41:01,401 - INFO - [IOST/USDT] Fetched 50 candles for 4h
2025-07-04 10:41:01,415 - INFO - DataFrame validated successfully
2025-07-04 10:41:01,415 - INFO - [BAT/USDT] Fetched 50 candles for 4h
2025-07-04 10:41:03,600 - INFO - [IOST/USDT] Calculated indicators for 4h: ['timestamp', 'open', 'high', 'low', 'close', 'volume', 'ma20', 'ma50', 'ma200', 'ema12', 'ema26', 'macd', 'signal_line', 'rsi', 'adx', 'vwap', 'stochastic', 'atr']
2025-07-04 10:41:03,725 - INFO - [BAT/USDT] Calculated indicators for 4h: ['timestamp', 'open', 'high', 'low', 'close', 'volume', 'ma20', 'ma50', 'ma200', 'ema12', 'ema26', 'macd', 'signal_line', 'rsi', 'adx', 'vwap', 'stochastic', 'atr']
2025-07-04 10:41:04,675 - INFO - DataFrame validated successfully
2025-07-04 10:41:04,675 - INFO - [DASH/USDT] Fetched 50 candles for 4h
2025-07-04 10:41:04,811 - INFO - DataFrame validated successfully
2025-07-04 10:41:04,811 - INFO - [ZEC/USDT] Fetched 50 candles for 4h
2025-07-04 10:41:04,815 - INFO - DataFrame validated successfully
2025-07-04 10:41:04,815 - INFO - [FET/USDT] Fetched 50 candles for 4h
2025-07-04 10:41:05,325 - INFO - [DASH/USDT] Calculated indicators for 4h: ['timestamp', 'open', 'high', 'low', 'close', 'volume', 'ma20', 'ma50', 'ma200', 'ema12', 'ema26', 'macd', 'signal_line', 'rsi', 'adx', 'vwap', 'stochastic', 'atr']
2025-07-04 10:41:05,412 - INFO - [ZEC/USDT] Calculated indicators for 4h: ['timestamp', 'open', 'high', 'low', 'close', 'volume', 'ma20', 'ma50', 'ma200', 'ema12', 'ema26', 'macd', 'signal_line', 'rsi', 'adx', 'vwap', 'stochastic', 'atr']
2025-07-04 10:41:05,503 - INFO - [FET/USDT] Calculated indicators for 4h: ['timestamp', 'open', 'high', 'low', 'close', 'volume', 'ma20', 'ma50', 'ma200', 'ema12', 'ema26', 'macd', 'signal_line', 'rsi', 'adx', 'vwap', 'stochastic', 'atr']
2025-07-04 10:41:09,054 - INFO - DataFrame validated successfully
2025-07-04 10:41:09,054 - INFO - [BAT/USDT] Fetched 50 candles for 1d
2025-07-04 10:41:09,061 - INFO - DataFrame validated successfully
2025-07-04 10:41:09,061 - INFO - [IOST/USDT] Fetched 50 candles for 1d
2025-07-04 10:41:11,281 - INFO - [BAT/USDT] Calculated indicators for 1d: ['timestamp', 'open', 'high', 'low', 'close', 'volume', 'ma20', 'ma50', 'ma200', 'ema12', 'ema26', 'macd', 'signal_line', 'rsi', 'adx', 'vwap', 'stochastic', 'atr']
2025-07-04 10:41:11,306 - ERROR - Error identifying candle patterns: The truth value of a Series is ambiguous. Use a.empty, a.bool(), a.item(), a.any() or a.all().
2025-07-04 10:41:11,307 - INFO - Fibonacci levels calculated: {'r1': np.float32(0.1266036), 'r2': np.float32(0.1273482), 'r3': np.float32(0.12855181), 's1': np.float32(0.1292964), 's2': np.float32(0.12855181), 's3': np.float32(0.1273482)}
2025-07-04 10:41:11,308 - INFO - Support: 0.12559999525547028, Resistance: 0.12790000438690186
2025-07-04 10:41:11,308 - INFO - [BAT/USDT] Analysis completed: ['Strong Trend', 'VWAP']
2025-07-04 10:41:11,309 - INFO - Trade classification: Score=2, Direction=LONG
2025-07-04 10:41:11,313 - INFO - [BAT/USDT] Signal generated: LONG, Confidence: 80.0%
2025-07-04 10:41:11,315 - ERROR - [BAT/USDT] Error logging signal: name 'os' is not defined
2025-07-04 10:41:11,315 - INFO - [BAT/USDT] Signal predicted: LONG, Confidence: 80.0%
2025-07-04 10:41:11,381 - INFO - [IOST/USDT] Calculated indicators for 1d: ['timestamp', 'open', 'high', 'low', 'close', 'volume', 'ma20', 'ma50', 'ma200', 'ema12', 'ema26', 'macd', 'signal_line', 'rsi', 'adx', 'vwap', 'stochastic', 'atr']
2025-07-04 10:41:11,409 - ERROR - Error identifying candle patterns: The truth value of a Series is ambiguous. Use a.empty, a.bool(), a.item(), a.any() or a.all().
2025-07-04 10:41:11,409 - INFO - Fibonacci levels calculated: {'r1': np.float32(0.003309288), 'r2': np.float32(0.003332356), 'r3': np.float32(0.003369644), 's1': np.float32(0.003392712), 's2': np.float32(0.003369644), 's3': np.float32(0.003332356)}
2025-07-04 10:41:11,410 - INFO - Support: 0.003278000047430396, Resistance: 0.003338000038638711
2025-07-04 10:41:11,410 - INFO - [IOST/USDT] Analysis completed: ['Strong Trend', 'VWAP']
2025-07-04 10:41:11,411 - INFO - Trade classification: Score=2, Direction=LONG
2025-07-04 10:41:11,411 - INFO - [IOST/USDT] Signal generated: LONG, Confidence: 80.0%
2025-07-04 10:41:11,412 - ERROR - [IOST/USDT] Error logging signal: name 'os' is not defined
2025-07-04 10:41:11,412 - INFO - [IOST/USDT] Signal predicted: LONG, Confidence: 80.0%
2025-07-04 10:41:11,585 - INFO - DataFrame validated successfully
2025-07-04 10:41:11,586 - INFO - [DASH/USDT] Fetched 50 candles for 1d
2025-07-04 10:41:11,637 - INFO - DataFrame validated successfully
2025-07-04 10:41:11,637 - INFO - [ZEC/USDT] Fetched 50 candles for 1d
2025-07-04 10:41:11,654 - INFO - DataFrame validated successfully
2025-07-04 10:41:11,654 - INFO - [FET/USDT] Fetched 50 candles for 1d
2025-07-04 10:41:13,690 - INFO - [DASH/USDT] Calculated indicators for 1d: ['timestamp', 'open', 'high', 'low', 'close', 'volume', 'ma20', 'ma50', 'ma200', 'ema12', 'ema26', 'macd', 'signal_line', 'rsi', 'adx', 'vwap', 'stochastic', 'atr']
2025-07-04 10:41:13,714 - ERROR - Error identifying candle patterns: The truth value of a Series is ambiguous. Use a.empty, a.bool(), a.item(), a.any() or a.all().
2025-07-04 10:41:13,715 - INFO - Fibonacci levels calculated: {'r1': np.float32(20.01048), 'r2': np.float32(20.10976), 'r3': np.float32(20.27024), 's1': np.float32(20.36952), 's2': np.float32(20.27024), 's3': np.float32(20.10976)}
2025-07-04 10:41:13,715 - INFO - Support: 19.8700008392334, Resistance: 20.239999771118164
2025-07-04 10:41:13,716 - INFO - [DASH/USDT] Analysis completed: ['VWAP']
2025-07-04 10:41:13,716 - INFO - Trade classification: Score=1, Direction=LONG
2025-07-04 10:41:13,716 - INFO - [DASH/USDT] Signal generated: LONG, Confidence: 75.0%
2025-07-04 10:41:13,717 - ERROR - [DASH/USDT] Error logging signal: name 'os' is not defined
2025-07-04 10:41:13,717 - INFO - [DASH/USDT] Signal predicted: LONG, Confidence: 75.0%
2025-07-04 10:41:13,788 - INFO - [ZEC/USDT] Calculated indicators for 1d: ['timestamp', 'open', 'high', 'low', 'close', 'volume', 'ma20', 'ma50', 'ma200', 'ema12', 'ema26', 'macd', 'signal_line', 'rsi', 'adx', 'vwap', 'stochastic', 'atr']
2025-07-04 10:41:13,812 - ERROR - Error identifying candle patterns: The truth value of a Series is ambiguous. Use a.empty, a.bool(), a.item(), a.any() or a.all().
2025-07-04 10:41:13,813 - INFO - Fibonacci levels calculated: {'r1': np.float32(40.32716), 'r2': np.float32(40.59142), 'r3': np.float32(41.01858), 's1': np.float32(41.28284), 's2': np.float32(41.01858), 's3': np.float32(40.59142)}
2025-07-04 10:41:13,813 - INFO - Support: 40.029998779296875, Resistance: 41.59000015258789
2025-07-04 10:41:13,814 - INFO - [ZEC/USDT] Analysis completed: ['Overbought RSI', 'Strong Trend', 'Stochastic']
2025-07-04 10:41:13,814 - INFO - Trade classification: Score=-2, Direction=SHORT
2025-07-04 10:41:13,814 - INFO - [ZEC/USDT] Signal generated: SHORT, Confidence: 85.0%
2025-07-04 10:41:13,821 - ERROR - [ZEC/USDT] Error logging signal: name 'os' is not defined
2025-07-04 10:41:13,821 - INFO - [ZEC/USDT] Signal predicted: SHORT, Confidence: 85.0%
2025-07-04 10:41:13,899 - INFO - [FET/USDT] Calculated indicators for 1d: ['timestamp', 'open', 'high', 'low', 'close', 'volume', 'ma20', 'ma50', 'ma200', 'ema12', 'ema26', 'macd', 'signal_line', 'rsi', 'adx', 'vwap', 'stochastic', 'atr']
2025-07-04 10:41:13,923 - ERROR - Error identifying candle patterns: The truth value of a Series is ambiguous. Use a.empty, a.bool(), a.item(), a.any() or a.all().
2025-07-04 10:41:13,924 - INFO - Fibonacci levels calculated: {'r1': np.float32(0.695856), 'r2': np.float32(0.702572), 'r3': np.float32(0.713428), 's1': np.float32(0.72014403), 's2': np.float32(0.713428), 's3': np.float32(0.702572)}
2025-07-04 10:41:13,924 - INFO - Support: 0.6859999895095825, Resistance: 0.7070000171661377
2025-07-04 10:41:13,925 - INFO - [FET/USDT] Analysis completed: ['Strong Trend', 'VWAP']
2025-07-04 10:41:13,925 - INFO - Trade classification: Score=2, Direction=LONG
2025-07-04 10:41:13,925 - INFO - [FET/USDT] Signal generated: LONG, Confidence: 80.0%
2025-07-04 10:41:13,926 - ERROR - [FET/USDT] Error logging signal: name 'os' is not defined
2025-07-04 10:41:13,926 - INFO - [FET/USDT] Signal predicted: LONG, Confidence: 80.0%
2025-07-04 10:41:19,518 - INFO - DataFrame validated successfully
2025-07-04 10:41:19,518 - INFO - [BAT/USDT] Fetched 50 candles for 1h
2025-07-04 10:41:19,521 - INFO - DataFrame validated successfully
2025-07-04 10:41:19,522 - INFO - [IOST/USDT] Fetched 50 candles for 1h
2025-07-04 10:41:25,946 - INFO - DataFrame validated successfully
2025-07-04 10:41:25,947 - INFO - [DASH/USDT] Fetched 50 candles for 1h
2025-07-04 10:41:25,951 - INFO - DataFrame validated successfully
2025-07-04 10:41:25,951 - INFO - [FET/USDT] Fetched 50 candles for 1h
2025-07-04 10:41:25,954 - INFO - DataFrame validated successfully
2025-07-04 10:41:25,954 - INFO - [ZEC/USDT] Fetched 50 candles for 1h
2025-07-04 10:41:37,463 - ERROR - [IOST/USDT] Error fetching OHLCV data: binance GET https://api.binance.com/api/v3/exchangeInfo
2025-07-04 10:41:37,464 - ERROR - [BAT/USDT] Error fetching OHLCV data: binance GET https://dapi.binance.com/dapi/v1/exchangeInfo
2025-07-04 10:41:38,533 - WARNING - [IOST/USDT] Insufficient data for 4h
2025-07-04 10:41:38,545 - WARNING - [BAT/USDT] Insufficient data for 4h
2025-07-04 10:44:03,223 - INFO - Starting bot initialization
2025-07-04 10:44:03,224 - INFO - Initializing Binance exchange
2025-07-04 10:44:03,235 - INFO - Testing Binance API keys
2025-07-04 10:44:05,292 - INFO - API key test successful: BTC/USDT - 108928.19
2025-07-04 10:44:05,293 - INFO - Setting up Telegram bot
2025-07-04 10:44:06,072 - INFO - Telegram bot polling started
2025-07-04 10:44:06,073 - INFO - Attempting to fetch USDT pairs
2025-07-04 10:44:06,074 - INFO - Fetching USDT pairs from Binance
2025-07-04 10:44:06,074 - INFO - Loaded 3746 markets
2025-07-04 10:44:06,345 - INFO - [BTC/USDT] Volume check: 1,160,488,010.91
2025-07-04 10:44:06,346 - INFO - [BTC/USDT] Added to high volume list: $1,160,488,010.91
2025-07-04 10:44:06,600 - INFO - [ETH/USDT] Volume check: 1,193,479,635.42
2025-07-04 10:44:06,601 - INFO - [ETH/USDT] Added to high volume list: $1,193,479,635.42
2025-07-04 10:44:06,852 - INFO - [BNB/USDT] Volume check: 62,801,951.00
2025-07-04 10:44:06,852 - INFO - [BNB/USDT] Added to high volume list: $62,801,951.00
2025-07-04 10:44:07,100 - INFO - [NEO/USDT] Volume check: 1,906,345.58
2025-07-04 10:44:07,100 - INFO - [NEO/USDT] Added to high volume list: $1,906,345.58
2025-07-04 10:44:07,353 - INFO - [LTC/USDT] Volume check: 44,601,769.47
2025-07-04 10:44:07,354 - INFO - [LTC/USDT] Added to high volume list: $44,601,769.47
2025-07-04 10:44:07,619 - INFO - [QTUM/USDT] Volume check: 1,103,775.00
2025-07-04 10:44:07,620 - INFO - [QTUM/USDT] Added to high volume list: $1,103,775.00
2025-07-04 10:44:07,874 - INFO - [ADA/USDT] Volume check: 58,651,931.33
2025-07-04 10:44:07,875 - INFO - [ADA/USDT] Added to high volume list: $58,651,931.33
2025-07-04 10:44:08,126 - INFO - [XRP/USDT] Volume check: 277,439,278.37
2025-07-04 10:44:08,126 - INFO - [XRP/USDT] Added to high volume list: $277,439,278.37
2025-07-04 10:44:08,375 - INFO - [TUSD/USDT] Volume check: 137,246.37
2025-07-04 10:44:08,376 - INFO - [TUSD/USDT] Excluded due to low volume: $137,246.37
2025-07-04 10:44:08,631 - INFO - [IOTA/USDT] Volume check: 1,944,880.23
2025-07-04 10:44:08,632 - INFO - [IOTA/USDT] Added to high volume list: $1,944,880.23
2025-07-04 10:44:08,877 - INFO - [XLM/USDT] Volume check: 10,338,725.71
2025-07-04 10:44:08,877 - INFO - [XLM/USDT] Added to high volume list: $10,338,725.71
2025-07-04 10:44:09,121 - INFO - [ONT/USDT] Volume check: 333,890.32
2025-07-04 10:44:09,122 - INFO - [ONT/USDT] Excluded due to low volume: $333,890.32
2025-07-04 10:44:09,381 - INFO - [TRX/USDT] Volume check: 50,604,157.93
2025-07-04 10:44:09,382 - INFO - [TRX/USDT] Added to high volume list: $50,604,157.93
2025-07-04 10:44:09,626 - INFO - [ETC/USDT] Volume check: 4,542,099.32
2025-07-04 10:44:09,626 - INFO - [ETC/USDT] Added to high volume list: $4,542,099.32
2025-07-04 10:44:09,872 - INFO - [ICX/USDT] Volume check: 598,836.52
2025-07-04 10:44:09,872 - INFO - [ICX/USDT] Added to high volume list: $598,836.52
2025-07-04 10:44:10,115 - INFO - [VET/USDT] Volume check: 4,098,201.89
2025-07-04 10:44:10,115 - INFO - [VET/USDT] Added to high volume list: $4,098,201.89
2025-07-04 10:44:10,358 - INFO - [USDC/USDT] Volume check: 835,703,369.00
2025-07-04 10:44:10,359 - INFO - [USDC/USDT] Added to high volume list: $835,703,369.00
2025-07-04 10:44:10,611 - INFO - [LINK/USDT] Volume check: 41,269,694.94
2025-07-04 10:44:10,612 - INFO - [LINK/USDT] Added to high volume list: $41,269,694.94
2025-07-04 10:44:10,867 - INFO - [ONG/USDT] Volume check: 992,029.78
2025-07-04 10:44:10,868 - INFO - [ONG/USDT] Added to high volume list: $992,029.78
2025-07-04 10:44:11,112 - INFO - [HOT/USDT] Volume check: 1,163,606.24
2025-07-04 10:44:11,112 - INFO - [HOT/USDT] Added to high volume list: $1,163,606.24
2025-07-04 10:44:11,360 - INFO - [ZIL/USDT] Volume check: 1,304,937.26
2025-07-04 10:44:11,360 - INFO - [ZIL/USDT] Added to high volume list: $1,304,937.26
2025-07-04 10:44:11,603 - INFO - [ZRX/USDT] Volume check: 2,932,811.85
2025-07-04 10:44:11,604 - INFO - [ZRX/USDT] Added to high volume list: $2,932,811.85
2025-07-04 10:44:11,857 - INFO - [FET/USDT] Volume check: 20,766,155.40
2025-07-04 10:44:11,857 - INFO - [FET/USDT] Added to high volume list: $20,766,155.40
2025-07-04 10:44:12,099 - INFO - [BAT/USDT] Volume check: 1,323,892.06
2025-07-04 10:44:12,100 - INFO - [BAT/USDT] Added to high volume list: $1,323,892.06
2025-07-04 10:44:12,344 - INFO - [ZEC/USDT] Volume check: 3,340,046.73
2025-07-04 10:44:12,345 - INFO - [ZEC/USDT] Added to high volume list: $3,340,046.73
2025-07-04 10:44:12,589 - INFO - [IOST/USDT] Volume check: 562,636.76
2025-07-04 10:44:12,589 - INFO - [IOST/USDT] Added to high volume list: $562,636.76
2025-07-04 10:44:12,833 - INFO - [CELR/USDT] Volume check: 432,791.28
2025-07-04 10:44:12,834 - INFO - [CELR/USDT] Excluded due to low volume: $432,791.28
2025-07-04 10:44:13,082 - INFO - [DASH/USDT] Volume check: 1,036,076.87
2025-07-04 10:44:13,084 - INFO - [DASH/USDT] Added to high volume list: $1,036,076.87
2025-07-04 10:44:13,328 - INFO - [THETA/USDT] Volume check: 1,884,426.10
2025-07-04 10:44:13,329 - INFO - [THETA/USDT] Added to high volume list: $1,884,426.10
2025-07-04 10:44:13,574 - INFO - [ENJ/USDT] Volume check: 1,385,099.50
2025-07-04 10:44:13,575 - INFO - [ENJ/USDT] Added to high volume list: $1,385,099.50
2025-07-04 10:44:13,819 - INFO - [ATOM/USDT] Volume check: 4,757,316.20
2025-07-04 10:44:13,819 - INFO - [ATOM/USDT] Added to high volume list: $4,757,316.20
2025-07-04 10:44:14,068 - INFO - [TFUEL/USDT] Volume check: 426,663.95
2025-07-04 10:44:14,068 - INFO - [TFUEL/USDT] Excluded due to low volume: $426,663.95
2025-07-04 10:44:14,316 - INFO - [ONE/USDT] Volume check: 1,048,125.12
2025-07-04 10:44:14,317 - INFO - [ONE/USDT] Added to high volume list: $1,048,125.12
2025-07-04 10:44:14,571 - INFO - [ALGO/USDT] Volume check: 5,066,030.47
2025-07-04 10:44:14,572 - INFO - [ALGO/USDT] Added to high volume list: $5,066,030.47
2025-07-04 10:44:14,815 - INFO - [DOGE/USDT] Volume check: 149,969,892.47
2025-07-04 10:44:14,816 - INFO - [DOGE/USDT] Added to high volume list: $149,969,892.47
2025-07-04 10:44:15,069 - INFO - [DUSK/USDT] Volume check: 447,597.14
2025-07-04 10:44:15,069 - INFO - [DUSK/USDT] Excluded due to low volume: $447,597.14
2025-07-04 10:44:15,315 - INFO - [ANKR/USDT] Volume check: 756,745.76
2025-07-04 10:44:15,316 - INFO - [ANKR/USDT] Added to high volume list: $756,745.76
2025-07-04 10:44:15,569 - INFO - [WIN/USDT] Volume check: 566,312.84
2025-07-04 10:44:15,571 - INFO - [WIN/USDT] Added to high volume list: $566,312.84
2025-07-04 10:44:15,819 - INFO - [COS/USDT] Volume check: 723,043.94
2025-07-04 10:44:15,819 - INFO - [COS/USDT] Added to high volume list: $723,043.94
2025-07-04 10:44:16,063 - INFO - [MTL/USDT] Volume check: 297,898.17
2025-07-04 10:44:16,064 - INFO - [MTL/USDT] Excluded due to low volume: $297,898.17
2025-07-04 10:44:16,308 - INFO - [DENT/USDT] Volume check: 371,166.48
2025-07-04 10:44:16,309 - INFO - [DENT/USDT] Excluded due to low volume: $371,166.48
2025-07-04 10:44:16,556 - INFO - [WAN/USDT] Volume check: 165,982.73
2025-07-04 10:44:16,556 - INFO - [WAN/USDT] Excluded due to low volume: $165,982.73
2025-07-04 10:44:16,806 - INFO - [FUN/USDT] Volume check: 42,782,627.70
2025-07-04 10:44:16,807 - INFO - [FUN/USDT] Added to high volume list: $42,782,627.70
2025-07-04 10:44:17,047 - INFO - [CVC/USDT] Volume check: 367,925.80
2025-07-04 10:44:17,047 - INFO - [CVC/USDT] Excluded due to low volume: $367,925.80
2025-07-04 10:44:17,295 - INFO - [CHZ/USDT] Volume check: 3,655,938.83
2025-07-04 10:44:17,295 - INFO - [CHZ/USDT] Added to high volume list: $3,655,938.83
2025-07-04 10:44:17,539 - INFO - [BAND/USDT] Volume check: 701,044.54
2025-07-04 10:44:17,539 - INFO - [BAND/USDT] Added to high volume list: $701,044.54
2025-07-04 10:44:17,784 - INFO - [XTZ/USDT] Volume check: 1,173,559.96
2025-07-04 10:44:17,786 - INFO - [XTZ/USDT] Added to high volume list: $1,173,559.96
2025-07-04 10:44:18,029 - INFO - [RVN/USDT] Volume check: 1,634,967.88
2025-07-04 10:44:18,029 - INFO - [RVN/USDT] Added to high volume list: $1,634,967.88
2025-07-04 10:44:18,290 - INFO - [HBAR/USDT] Volume check: 22,980,699.43
2025-07-04 10:44:18,291 - INFO - [HBAR/USDT] Added to high volume list: $22,980,699.43
2025-07-04 10:44:18,540 - INFO - [NKN/USDT] Volume check: 1,030,886.58
2025-07-04 10:44:18,540 - INFO - [NKN/USDT] Added to high volume list: $1,030,886.58
2025-07-04 10:44:18,792 - INFO - [STX/USDT] Volume check: 4,486,103.94
2025-07-04 10:44:18,793 - INFO - [STX/USDT] Added to high volume list: $4,486,103.94
2025-07-04 10:44:19,041 - INFO - [KAVA/USDT] Volume check: 2,204,788.64
2025-07-04 10:44:19,041 - INFO - [KAVA/USDT] Added to high volume list: $2,204,788.64
2025-07-04 10:44:19,289 - INFO - [ARPA/USDT] Volume check: 2,457,618.02
2025-07-04 10:44:19,290 - INFO - [ARPA/USDT] Added to high volume list: $2,457,618.02
2025-07-04 10:44:19,533 - INFO - [IOTX/USDT] Volume check: 1,116,946.41
2025-07-04 10:44:19,533 - INFO - [IOTX/USDT] Added to high volume list: $1,116,946.41
2025-07-04 10:44:19,787 - INFO - [RLC/USDT] Volume check: 367,832.15
2025-07-04 10:44:19,787 - INFO - [RLC/USDT] Excluded due to low volume: $367,832.15
2025-07-04 10:44:20,031 - INFO - [BCH/USDT] Volume check: 26,216,035.00
2025-07-04 10:44:20,032 - INFO - [BCH/USDT] Added to high volume list: $26,216,035.00
2025-07-04 10:44:20,284 - INFO - [FTT/USDT] Volume check: 902,622.33
2025-07-04 10:44:20,284 - INFO - [FTT/USDT] Added to high volume list: $902,622.33
2025-07-04 10:44:20,530 - INFO - [EUR/USDT] Volume check: 36,038,958.06
2025-07-04 10:44:20,531 - INFO - [EUR/USDT] Added to high volume list: $36,038,958.06
2025-07-04 10:44:20,784 - INFO - [OGN/USDT] Volume check: 1,051,306.11
2025-07-04 10:44:20,785 - INFO - [OGN/USDT] Added to high volume list: $1,051,306.11
2025-07-04 10:44:21,027 - INFO - [LSK/USDT] Volume check: 274,972.89
2025-07-04 10:44:21,027 - INFO - [LSK/USDT] Excluded due to low volume: $274,972.89
2025-07-04 10:44:21,270 - INFO - [BNT/USDT] Volume check: 230,565.79
2025-07-04 10:44:21,270 - INFO - [BNT/USDT] Excluded due to low volume: $230,565.79
2025-07-04 10:44:21,519 - INFO - [MBL/USDT] Volume check: 1,666,694.38
2025-07-04 10:44:21,520 - INFO - [MBL/USDT] Added to high volume list: $1,666,694.38
2025-07-04 10:44:21,763 - INFO - [COTI/USDT] Volume check: 1,019,572.69
2025-07-04 10:44:21,764 - INFO - [COTI/USDT] Added to high volume list: $1,019,572.69
2025-07-04 10:44:22,010 - INFO - [DATA/USDT] Volume check: 609,948.68
2025-07-04 10:44:22,011 - INFO - [DATA/USDT] Added to high volume list: $609,948.68
2025-07-04 10:44:22,254 - INFO - [SOL/USDT] Volume check: 399,170,370.10
2025-07-04 10:44:22,255 - INFO - [SOL/USDT] Added to high volume list: $399,170,370.10
2025-07-04 10:44:22,509 - INFO - [CTSI/USDT] Volume check: 253,033.79
2025-07-04 10:44:22,510 - INFO - [CTSI/USDT] Excluded due to low volume: $253,033.79
2025-07-04 10:44:22,765 - INFO - [HIVE/USDT] Volume check: 1,114,848.89
2025-07-04 10:44:22,766 - INFO - [HIVE/USDT] Added to high volume list: $1,114,848.89
2025-07-04 10:44:23,022 - INFO - [CHR/USDT] Volume check: 883,965.77
2025-07-04 10:44:23,024 - INFO - [CHR/USDT] Added to high volume list: $883,965.77
2025-07-04 10:44:23,272 - INFO - [ARDR/USDT] Volume check: 288,453.71
2025-07-04 10:44:23,273 - INFO - [ARDR/USDT] Excluded due to low volume: $288,453.71
2025-07-04 10:44:23,517 - INFO - [MDT/USDT] Volume check: 661,492.51
2025-07-04 10:44:23,518 - INFO - [MDT/USDT] Added to high volume list: $661,492.51
2025-07-04 10:44:23,768 - INFO - [KNC/USDT] Volume check: 346,079.55
2025-07-04 10:44:23,768 - INFO - [KNC/USDT] Excluded due to low volume: $346,079.55
2025-07-04 10:44:24,023 - INFO - [LRC/USDT] Volume check: 1,680,891.41
2025-07-04 10:44:24,023 - INFO - [LRC/USDT] Added to high volume list: $1,680,891.41
2025-07-04 10:44:24,267 - INFO - [COMP/USDT] Volume check: 5,976,641.89
2025-07-04 10:44:24,268 - INFO - [COMP/USDT] Added to high volume list: $5,976,641.89
2025-07-04 10:44:24,513 - INFO - [SC/USDT] Volume check: 311,303.33
2025-07-04 10:44:24,514 - INFO - [SC/USDT] Excluded due to low volume: $311,303.33
2025-07-04 10:44:24,768 - INFO - [ZEN/USDT] Volume check: 2,347,857.34
2025-07-04 10:44:24,770 - INFO - [ZEN/USDT] Added to high volume list: $2,347,857.34
2025-07-04 10:44:25,011 - INFO - [SNX/USDT] Volume check: 702,366.25
2025-07-04 10:44:25,012 - INFO - [SNX/USDT] Added to high volume list: $702,366.25
2025-07-04 10:44:25,257 - INFO - [VTHO/USDT] Volume check: 547,294.90
2025-07-04 10:44:25,258 - INFO - [VTHO/USDT] Added to high volume list: $547,294.90
2025-07-04 10:44:25,518 - INFO - [DGB/USDT] Volume check: 380,513.16
2025-07-04 10:44:25,520 - INFO - [DGB/USDT] Excluded due to low volume: $380,513.16
2025-07-04 10:44:25,763 - INFO - [SXP/USDT] Volume check: 2,421,949.00
2025-07-04 10:44:25,765 - INFO - [SXP/USDT] Added to high volume list: $2,421,949.00
2025-07-04 10:44:26,014 - INFO - [MKR/USDT] Volume check: 5,310,862.09
2025-07-04 10:44:26,020 - INFO - [MKR/USDT] Added to high volume list: $5,310,862.09
2025-07-04 10:44:26,265 - INFO - [DCR/USDT] Volume check: 431,502.92
2025-07-04 10:44:26,266 - INFO - [DCR/USDT] Excluded due to low volume: $431,502.92
2025-07-04 10:44:26,520 - INFO - [STORJ/USDT] Volume check: 729,488.78
2025-07-04 10:44:26,521 - INFO - [STORJ/USDT] Added to high volume list: $729,488.78
2025-07-04 10:44:26,767 - INFO - [MANA/USDT] Volume check: 2,189,939.89
2025-07-04 10:44:26,768 - INFO - [MANA/USDT] Added to high volume list: $2,189,939.89
2025-07-04 10:44:27,028 - INFO - [YFI/USDT] Volume check: 1,614,880.93
2025-07-04 10:44:27,029 - INFO - [YFI/USDT] Added to high volume list: $1,614,880.93
2025-07-04 10:44:27,279 - INFO - [JST/USDT] Volume check: 1,271,264.73
2025-07-04 10:44:27,279 - INFO - [JST/USDT] Added to high volume list: $1,271,264.73
2025-07-04 10:44:27,523 - INFO - [CRV/USDT] Volume check: 13,540,260.78
2025-07-04 10:44:27,524 - INFO - [CRV/USDT] Added to high volume list: $13,540,260.78
2025-07-04 10:44:27,768 - INFO - [SAND/USDT] Volume check: 2,380,125.02
2025-07-04 10:44:27,769 - INFO - [SAND/USDT] Added to high volume list: $2,380,125.02
2025-07-04 10:44:28,023 - INFO - [NMR/USDT] Volume check: 1,110,311.80
2025-07-04 10:44:28,023 - INFO - [NMR/USDT] Added to high volume list: $1,110,311.80
2025-07-04 10:44:28,267 - INFO - [DOT/USDT] Volume check: 19,144,216.84
2025-07-04 10:44:28,268 - INFO - [DOT/USDT] Added to high volume list: $19,144,216.84
2025-07-04 10:44:28,513 - INFO - [LUNA/USDT] Volume check: 1,581,513.45
2025-07-04 10:44:28,513 - INFO - [LUNA/USDT] Added to high volume list: $1,581,513.45
2025-07-04 10:44:28,758 - INFO - [RSR/USDT] Volume check: 3,592,871.58
2025-07-04 10:44:28,759 - INFO - [RSR/USDT] Added to high volume list: $3,592,871.58
2025-07-04 10:44:29,003 - INFO - [PAXG/USDT] Volume check: 8,981,408.76
2025-07-04 10:44:29,004 - INFO - [PAXG/USDT] Added to high volume list: $8,981,408.76
2025-07-04 10:44:29,248 - INFO - [TRB/USDT] Volume check: 4,171,007.37
2025-07-04 10:44:29,248 - INFO - [TRB/USDT] Added to high volume list: $4,171,007.37
2025-07-04 10:44:29,500 - INFO - [SUSHI/USDT] Volume check: 2,489,207.33
2025-07-04 10:44:29,500 - INFO - [SUSHI/USDT] Added to high volume list: $2,489,207.33
2025-07-04 10:44:29,749 - INFO - [KSM/USDT] Volume check: 1,030,770.74
2025-07-04 10:44:29,750 - INFO - [KSM/USDT] Added to high volume list: $1,030,770.74
2025-07-04 10:44:29,992 - INFO - [EGLD/USDT] Volume check: 1,003,933.88
2025-07-04 10:44:29,993 - INFO - [EGLD/USDT] Added to high volume list: $1,003,933.88
2025-07-04 10:44:30,246 - INFO - [DIA/USDT] Volume check: 422,136.50
2025-07-04 10:44:30,247 - INFO - [DIA/USDT] Excluded due to low volume: $422,136.50
2025-07-04 10:44:30,491 - INFO - [RUNE/USDT] Volume check: 10,874,445.28
2025-07-04 10:44:30,491 - INFO - [RUNE/USDT] Added to high volume list: $10,874,445.28
2025-07-04 10:44:30,733 - INFO - [FIO/USDT] Volume check: 526,622.74
2025-07-04 10:44:30,734 - INFO - [FIO/USDT] Added to high volume list: $526,622.74
2025-07-04 10:44:30,990 - INFO - [UMA/USDT] Volume check: 519,290.62
2025-07-04 10:44:30,990 - INFO - [UMA/USDT] Added to high volume list: $519,290.62
2025-07-04 10:44:31,236 - INFO - [BEL/USDT] Volume check: 2,877,850.20
2025-07-04 10:44:31,237 - INFO - [BEL/USDT] Added to high volume list: $2,877,850.20
2025-07-04 10:44:31,481 - INFO - [UNI/USDT] Volume check: 75,261,309.54
2025-07-04 10:44:31,482 - INFO - [UNI/USDT] Added to high volume list: $75,261,309.54
2025-07-04 10:44:31,733 - INFO - [OXT/USDT] Volume check: 257,207.65
2025-07-04 10:44:31,734 - INFO - [OXT/USDT] Excluded due to low volume: $257,207.65
2025-07-04 10:44:31,987 - INFO - [SUN/USDT] Volume check: 440,370.95
2025-07-04 10:44:31,987 - INFO - [SUN/USDT] Excluded due to low volume: $440,370.95
2025-07-04 10:44:32,231 - INFO - [AVAX/USDT] Volume check: 43,117,062.48
2025-07-04 10:44:32,232 - INFO - [AVAX/USDT] Added to high volume list: $43,117,062.48
2025-07-04 10:44:32,479 - INFO - [FLM/USDT] Volume check: 1,008,794.15
2025-07-04 10:44:32,479 - INFO - [FLM/USDT] Added to high volume list: $1,008,794.15
2025-07-04 10:44:32,725 - INFO - [UTK/USDT] Volume check: 392,037.01
2025-07-04 10:44:32,725 - INFO - [UTK/USDT] Excluded due to low volume: $392,037.01
2025-07-04 10:44:32,975 - INFO - [XVS/USDT] Volume check: 453,258.76
2025-07-04 10:44:32,975 - INFO - [XVS/USDT] Excluded due to low volume: $453,258.76
2025-07-04 10:44:33,239 - INFO - [AAVE/USDT] Volume check: 49,670,545.48
2025-07-04 10:44:33,241 - INFO - [AAVE/USDT] Added to high volume list: $49,670,545.48
2025-07-04 10:44:33,487 - INFO - [NEAR/USDT] Volume check: 28,580,209.72
2025-07-04 10:44:33,488 - INFO - [NEAR/USDT] Added to high volume list: $28,580,209.72
2025-07-04 10:44:33,751 - INFO - [FIL/USDT] Volume check: 11,970,734.44
2025-07-04 10:44:33,753 - INFO - [FIL/USDT] Added to high volume list: $11,970,734.44
2025-07-04 10:44:34,006 - INFO - [INJ/USDT] Volume check: 11,576,303.89
2025-07-04 10:44:34,007 - INFO - [INJ/USDT] Added to high volume list: $11,576,303.89
2025-07-04 10:44:34,252 - INFO - [AUDIO/USDT] Volume check: 676,757.01
2025-07-04 10:44:34,253 - INFO - [AUDIO/USDT] Added to high volume list: $676,757.01
2025-07-04 10:44:34,496 - INFO - [CTK/USDT] Volume check: 1,824,095.27
2025-07-04 10:44:34,498 - INFO - [CTK/USDT] Added to high volume list: $1,824,095.27
2025-07-04 10:44:34,742 - INFO - [AXS/USDT] Volume check: 3,717,124.54
2025-07-04 10:44:34,742 - INFO - [AXS/USDT] Added to high volume list: $3,717,124.54
2025-07-04 10:44:34,995 - INFO - [STRAX/USDT] Volume check: 6,588,428.51
2025-07-04 10:44:34,995 - INFO - [STRAX/USDT] Added to high volume list: $6,588,428.51
2025-07-04 10:44:35,242 - INFO - [ROSE/USDT] Volume check: 2,013,792.22
2025-07-04 10:44:35,242 - INFO - [ROSE/USDT] Added to high volume list: $2,013,792.22
2025-07-04 10:44:35,493 - INFO - [AVA/USDT] Volume check: 571,586.24
2025-07-04 10:44:35,494 - INFO - [AVA/USDT] Added to high volume list: $571,586.24
2025-07-04 10:44:35,746 - INFO - [SKL/USDT] Volume check: 672,470.87
2025-07-04 10:44:35,747 - INFO - [SKL/USDT] Added to high volume list: $672,470.87
2025-07-04 10:44:35,992 - INFO - [GRT/USDT] Volume check: 2,477,633.50
2025-07-04 10:44:35,992 - INFO - [GRT/USDT] Added to high volume list: $2,477,633.50
2025-07-04 10:44:36,234 - INFO - [JUV/USDT] Volume check: 812,106.91
2025-07-04 10:44:36,235 - INFO - [JUV/USDT] Added to high volume list: $812,106.91
2025-07-04 10:44:36,477 - INFO - [PSG/USDT] Volume check: 387,491.29
2025-07-04 10:44:36,478 - INFO - [PSG/USDT] Excluded due to low volume: $387,491.29
2025-07-04 10:44:36,730 - INFO - [1INCH/USDT] Volume check: 2,052,042.71
2025-07-04 10:44:36,730 - INFO - [1INCH/USDT] Added to high volume list: $2,052,042.71
2025-07-04 10:44:36,971 - INFO - [OG/USDT] Volume check: 767,748.20
2025-07-04 10:44:36,974 - INFO - [OG/USDT] Added to high volume list: $767,748.20
2025-07-04 10:44:37,233 - INFO - [ATM/USDT] Volume check: 245,454.32
2025-07-04 10:44:37,233 - INFO - [ATM/USDT] Excluded due to low volume: $245,454.32
2025-07-04 10:44:37,486 - INFO - [ASR/USDT] Volume check: 448,622.19
2025-07-04 10:44:37,487 - INFO - [ASR/USDT] Excluded due to low volume: $448,622.19
2025-07-04 10:44:37,733 - INFO - [CELO/USDT] Volume check: 1,733,903.00
2025-07-04 10:44:37,735 - INFO - [CELO/USDT] Added to high volume list: $1,733,903.00
2025-07-04 10:44:37,978 - INFO - [RIF/USDT] Volume check: 233,923.34
2025-07-04 10:44:37,978 - INFO - [RIF/USDT] Excluded due to low volume: $233,923.34
2025-07-04 10:44:38,228 - INFO - [TRU/USDT] Volume check: 826,543.53
2025-07-04 10:44:38,228 - INFO - [TRU/USDT] Added to high volume list: $826,543.53
2025-07-04 10:44:38,483 - INFO - [CKB/USDT] Volume check: 978,899.23
2025-07-04 10:44:38,485 - INFO - [CKB/USDT] Added to high volume list: $978,899.23
2025-07-04 10:44:38,745 - INFO - [TWT/USDT] Volume check: 448,139.01
2025-07-04 10:44:38,747 - INFO - [TWT/USDT] Excluded due to low volume: $448,139.01
2025-07-04 10:44:39,000 - INFO - [SFP/USDT] Volume check: 310,777.13
2025-07-04 10:44:39,002 - INFO - [SFP/USDT] Excluded due to low volume: $310,777.13
2025-07-04 10:44:39,248 - INFO - [DODO/USDT] Volume check: 502,861.23
2025-07-04 10:44:39,249 - INFO - [DODO/USDT] Added to high volume list: $502,861.23
2025-07-04 10:44:39,495 - INFO - [CAKE/USDT] Volume check: 9,067,668.04
2025-07-04 10:44:39,496 - INFO - [CAKE/USDT] Added to high volume list: $9,067,668.04
2025-07-04 10:44:39,740 - INFO - [ACM/USDT] Volume check: 551,974.40
2025-07-04 10:44:39,740 - INFO - [ACM/USDT] Added to high volume list: $551,974.40
2025-07-04 10:44:39,988 - INFO - [FIS/USDT] Volume check: 919,366.81
2025-07-04 10:44:39,989 - INFO - [FIS/USDT] Added to high volume list: $919,366.81
2025-07-04 10:44:40,231 - INFO - [OM/USDT] Volume check: 6,087,179.29
2025-07-04 10:44:40,232 - INFO - [OM/USDT] Added to high volume list: $6,087,179.29
2025-07-04 10:44:40,897 - INFO - [POND/USDT] Volume check: 377,505.50
2025-07-04 10:44:40,897 - INFO - [POND/USDT] Excluded due to low volume: $377,505.50
2025-07-04 10:44:41,144 - INFO - [DEGO/USDT] Volume check: 627,132.69
2025-07-04 10:44:41,144 - INFO - [DEGO/USDT] Added to high volume list: $627,132.69
2025-07-04 10:44:41,397 - INFO - [ALICE/USDT] Volume check: 966,657.20
2025-07-04 10:44:41,397 - INFO - [ALICE/USDT] Added to high volume list: $966,657.20
2025-07-04 10:44:41,646 - INFO - [PERP/USDT] Volume check: 860,763.26
2025-07-04 10:44:41,646 - INFO - [PERP/USDT] Added to high volume list: $860,763.26
2025-07-04 10:44:41,899 - INFO - [SUPER/USDT] Volume check: 2,269,821.16
2025-07-04 10:44:41,900 - INFO - [SUPER/USDT] Added to high volume list: $2,269,821.16
2025-07-04 10:44:42,144 - INFO - [CFX/USDT] Volume check: 3,528,347.18
2025-07-04 10:44:42,144 - INFO - [CFX/USDT] Added to high volume list: $3,528,347.18
2025-07-04 10:44:42,389 - INFO - [TKO/USDT] Volume check: 441,450.54
2025-07-04 10:44:42,390 - INFO - [TKO/USDT] Excluded due to low volume: $441,450.54
2025-07-04 10:44:42,635 - INFO - [PUNDIX/USDT] Volume check: 661,404.48
2025-07-04 10:44:42,635 - INFO - [PUNDIX/USDT] Added to high volume list: $661,404.48
2025-07-04 10:44:42,880 - INFO - [TLM/USDT] Volume check: 637,249.70
2025-07-04 10:44:42,881 - INFO - [TLM/USDT] Added to high volume list: $637,249.70
2025-07-04 10:44:43,132 - INFO - [BAR/USDT] Volume check: 456,149.77
2025-07-04 10:44:43,133 - INFO - [BAR/USDT] Excluded due to low volume: $456,149.77
2025-07-04 10:44:43,385 - INFO - [FORTH/USDT] Volume check: 431,230.69
2025-07-04 10:44:43,385 - INFO - [FORTH/USDT] Excluded due to low volume: $431,230.69
2025-07-04 10:44:43,631 - INFO - [BAKE/USDT] Volume check: 1,105,072.70
2025-07-04 10:44:43,631 - INFO - [BAKE/USDT] Added to high volume list: $1,105,072.70
2025-07-04 10:44:43,873 - INFO - [SLP/USDT] Volume check: 399,043.71
2025-07-04 10:44:43,873 - INFO - [SLP/USDT] Excluded due to low volume: $399,043.71
2025-07-04 10:44:44,119 - INFO - [SHIB/USDT] Volume check: 13,910,330.20
2025-07-04 10:44:44,120 - INFO - [SHIB/USDT] Added to high volume list: $13,910,330.20
2025-07-04 10:44:44,376 - INFO - [ICP/USDT] Volume check: 7,299,616.00
2025-07-04 10:44:44,377 - INFO - [ICP/USDT] Added to high volume list: $7,299,616.00
2025-07-04 10:44:44,632 - INFO - [AR/USDT] Volume check: 3,204,104.90
2025-07-04 10:44:44,633 - INFO - [AR/USDT] Added to high volume list: $3,204,104.90
2025-07-04 10:44:44,882 - INFO - [MASK/USDT] Volume check: 2,799,466.37
2025-07-04 10:44:44,883 - INFO - [MASK/USDT] Added to high volume list: $2,799,466.37
2025-07-04 10:44:45,126 - INFO - [LPT/USDT] Volume check: 3,760,219.75
2025-07-04 10:44:45,127 - INFO - [LPT/USDT] Added to high volume list: $3,760,219.75
2025-07-04 10:44:45,385 - INFO - [XVG/USDT] Volume check: 680,296.28
2025-07-04 10:44:45,385 - INFO - [XVG/USDT] Added to high volume list: $680,296.28
2025-07-04 10:44:45,634 - INFO - [ATA/USDT] Volume check: 1,987,504.71
2025-07-04 10:44:45,634 - INFO - [ATA/USDT] Added to high volume list: $1,987,504.71
2025-07-04 10:44:45,881 - INFO - [GTC/USDT] Volume check: 171,524.95
2025-07-04 10:44:45,881 - INFO - [GTC/USDT] Excluded due to low volume: $171,524.95
2025-07-04 10:44:46,129 - INFO - [PHA/USDT] Volume check: 767,994.83
2025-07-04 10:44:46,130 - INFO - [PHA/USDT] Added to high volume list: $767,994.83
2025-07-04 10:44:46,378 - INFO - [MLN/USDT] Volume check: 454,528.17
2025-07-04 10:44:46,379 - INFO - [MLN/USDT] Excluded due to low volume: $454,528.17
2025-07-04 10:44:46,634 - INFO - [DEXE/USDT] Volume check: 1,198,068.05
2025-07-04 10:44:46,634 - INFO - [DEXE/USDT] Added to high volume list: $1,198,068.05
2025-07-04 10:44:46,876 - INFO - [C98/USDT] Volume check: 653,314.24
2025-07-04 10:44:46,876 - INFO - [C98/USDT] Added to high volume list: $653,314.24
2025-07-04 10:44:47,122 - INFO - [QNT/USDT] Volume check: 1,958,335.77
2025-07-04 10:44:47,124 - INFO - [QNT/USDT] Added to high volume list: $1,958,335.77
2025-07-04 10:44:47,385 - INFO - [FLOW/USDT] Volume check: 1,057,818.12
2025-07-04 10:44:47,385 - INFO - [FLOW/USDT] Added to high volume list: $1,057,818.12
2025-07-04 10:44:47,641 - INFO - [MINA/USDT] Volume check: 1,555,120.61
2025-07-04 10:44:47,641 - INFO - [MINA/USDT] Added to high volume list: $1,555,120.61
2025-07-04 10:44:47,899 - INFO - [RAY/USDT] Volume check: 7,052,024.60
2025-07-04 10:44:47,899 - INFO - [RAY/USDT] Added to high volume list: $7,052,024.60
2025-07-04 10:44:48,147 - INFO - [FARM/USDT] Volume check: 338,156.57
2025-07-04 10:44:48,147 - INFO - [FARM/USDT] Excluded due to low volume: $338,156.57
2025-07-04 10:44:48,392 - INFO - [QUICK/USDT] Volume check: 612,010.15
2025-07-04 10:44:48,393 - INFO - [QUICK/USDT] Added to high volume list: $612,010.15
2025-07-04 10:44:48,642 - INFO - [MBOX/USDT] Volume check: 1,562,444.40
2025-07-04 10:44:48,643 - INFO - [MBOX/USDT] Added to high volume list: $1,562,444.40
2025-07-04 10:44:48,893 - INFO - [REQ/USDT] Volume check: 214,969.07
2025-07-04 10:44:48,893 - INFO - [REQ/USDT] Excluded due to low volume: $214,969.07
2025-07-04 10:44:49,137 - INFO - [GHST/USDT] Volume check: 267,272.68
2025-07-04 10:44:49,138 - INFO - [GHST/USDT] Excluded due to low volume: $267,272.68
2025-07-04 10:44:49,390 - INFO - [WAXP/USDT] Volume check: 370,934.74
2025-07-04 10:44:49,390 - INFO - [WAXP/USDT] Excluded due to low volume: $370,934.74
2025-07-04 10:44:49,643 - INFO - [GNO/USDT] Volume check: 349,104.45
2025-07-04 10:44:49,644 - INFO - [GNO/USDT] Excluded due to low volume: $349,104.45
2025-07-04 10:44:49,885 - INFO - [XEC/USDT] Volume check: 299,448.97
2025-07-04 10:44:49,886 - INFO - [XEC/USDT] Excluded due to low volume: $299,448.97
2025-07-04 10:44:50,129 - INFO - [DYDX/USDT] Volume check: 4,462,872.19
2025-07-04 10:44:50,129 - INFO - [DYDX/USDT] Added to high volume list: $4,462,872.19
2025-07-04 10:44:50,375 - INFO - [IDEX/USDT] Volume check: 523,714.67
2025-07-04 10:44:50,376 - INFO - [IDEX/USDT] Added to high volume list: $523,714.67
2025-07-04 10:44:50,624 - INFO - [USDP/USDT] Volume check: 1,579,239.27
2025-07-04 10:44:50,624 - INFO - [USDP/USDT] Added to high volume list: $1,579,239.27
2025-07-04 10:44:50,866 - INFO - [GALA/USDT] Volume check: 10,034,312.99
2025-07-04 10:44:50,867 - INFO - [GALA/USDT] Added to high volume list: $10,034,312.99
2025-07-04 10:44:51,112 - INFO - [ILV/USDT] Volume check: 915,438.26
2025-07-04 10:44:51,112 - INFO - [ILV/USDT] Added to high volume list: $915,438.26
2025-07-04 10:44:51,353 - INFO - [YGG/USDT] Volume check: 1,808,336.36
2025-07-04 10:44:51,355 - INFO - [YGG/USDT] Added to high volume list: $1,808,336.36
2025-07-04 10:44:51,614 - INFO - [SYS/USDT] Volume check: 339,789.85
2025-07-04 10:44:51,615 - INFO - [SYS/USDT] Excluded due to low volume: $339,789.85
2025-07-04 10:44:51,867 - INFO - [DF/USDT] Volume check: 454,218.45
2025-07-04 10:44:51,867 - INFO - [DF/USDT] Excluded due to low volume: $454,218.45
2025-07-04 10:44:52,120 - INFO - [FIDA/USDT] Volume check: 3,750,568.42
2025-07-04 10:44:52,121 - INFO - [FIDA/USDT] Added to high volume list: $3,750,568.42
2025-07-04 10:44:52,369 - INFO - [AGLD/USDT] Volume check: 1,433,926.92
2025-07-04 10:44:52,369 - INFO - [AGLD/USDT] Added to high volume list: $1,433,926.92
2025-07-04 10:44:52,617 - INFO - [RAD/USDT] Volume check: 339,489.48
2025-07-04 10:44:52,617 - INFO - [RAD/USDT] Excluded due to low volume: $339,489.48
2025-07-04 10:44:52,865 - INFO - [RARE/USDT] Volume check: 1,395,226.24
2025-07-04 10:44:52,865 - INFO - [RARE/USDT] Added to high volume list: $1,395,226.24
2025-07-04 10:44:53,114 - INFO - [LAZIO/USDT] Volume check: 626,382.01
2025-07-04 10:44:53,115 - INFO - [LAZIO/USDT] Added to high volume list: $626,382.01
2025-07-04 10:44:53,370 - INFO - [CHESS/USDT] Volume check: 6,692,815.05
2025-07-04 10:44:53,371 - INFO - [CHESS/USDT] Added to high volume list: $6,692,815.05
2025-07-04 10:44:53,617 - INFO - [ADX/USDT] Volume check: 635,557.66
2025-07-04 10:44:53,618 - INFO - [ADX/USDT] Added to high volume list: $635,557.66
2025-07-04 10:44:53,875 - INFO - [AUCTION/USDT] Volume check: 1,264,498.05
2025-07-04 10:44:53,876 - INFO - [AUCTION/USDT] Added to high volume list: $1,264,498.05
2025-07-04 10:44:54,129 - INFO - [MOVR/USDT] Volume check: 415,935.09
2025-07-04 10:44:54,131 - INFO - [MOVR/USDT] Excluded due to low volume: $415,935.09
2025-07-04 10:44:54,392 - INFO - [CITY/USDT] Volume check: 733,740.16
2025-07-04 10:44:54,394 - INFO - [CITY/USDT] Added to high volume list: $733,740.16
2025-07-04 10:44:54,647 - INFO - [ENS/USDT] Volume check: 4,541,600.85
2025-07-04 10:44:54,648 - INFO - [ENS/USDT] Added to high volume list: $4,541,600.85
2025-07-04 10:44:54,892 - INFO - [QI/USDT] Volume check: 413,104.61
2025-07-04 10:44:54,892 - INFO - [QI/USDT] Excluded due to low volume: $413,104.61
2025-07-04 10:44:55,143 - INFO - [PORTO/USDT] Volume check: 298,645.80
2025-07-04 10:44:55,143 - INFO - [PORTO/USDT] Excluded due to low volume: $298,645.80
2025-07-04 10:44:55,394 - INFO - [POWR/USDT] Volume check: 202,911.51
2025-07-04 10:44:55,394 - INFO - [POWR/USDT] Excluded due to low volume: $202,911.51
2025-07-04 10:44:55,639 - INFO - [JASMY/USDT] Volume check: 4,661,020.02
2025-07-04 10:44:55,640 - INFO - [JASMY/USDT] Added to high volume list: $4,661,020.02
2025-07-04 10:44:55,893 - INFO - [AMP/USDT] Volume check: 5,164,941.93
2025-07-04 10:44:55,893 - INFO - [AMP/USDT] Added to high volume list: $5,164,941.93
2025-07-04 10:44:56,137 - INFO - [PYR/USDT] Volume check: 1,222,517.87
2025-07-04 10:44:56,137 - INFO - [PYR/USDT] Added to high volume list: $1,222,517.87
2025-07-04 10:44:56,381 - INFO - [ALCX/USDT] Volume check: 358,034.32
2025-07-04 10:44:56,382 - INFO - [ALCX/USDT] Excluded due to low volume: $358,034.32
2025-07-04 10:44:56,625 - INFO - [SANTOS/USDT] Volume check: 1,141,925.83
2025-07-04 10:44:56,626 - INFO - [SANTOS/USDT] Added to high volume list: $1,141,925.83
2025-07-04 10:44:56,888 - INFO - [BICO/USDT] Volume check: 581,012.42
2025-07-04 10:44:56,888 - INFO - [BICO/USDT] Added to high volume list: $581,012.42
2025-07-04 10:44:57,134 - INFO - [FLUX/USDT] Volume check: 1,704,650.20
2025-07-04 10:44:57,135 - INFO - [FLUX/USDT] Added to high volume list: $1,704,650.20
2025-07-04 10:44:57,376 - INFO - [FXS/USDT] Volume check: 685,975.84
2025-07-04 10:44:57,377 - INFO - [FXS/USDT] Added to high volume list: $685,975.84
2025-07-04 10:44:57,626 - INFO - [VOXEL/USDT] Volume check: 4,413,422.83
2025-07-04 10:44:57,627 - INFO - [VOXEL/USDT] Added to high volume list: $4,413,422.83
2025-07-04 10:44:57,877 - INFO - [HIGH/USDT] Volume check: 662,932.28
2025-07-04 10:44:57,877 - INFO - [HIGH/USDT] Added to high volume list: $662,932.28
2025-07-04 10:44:58,125 - INFO - [CVX/USDT] Volume check: 722,751.49
2025-07-04 10:44:58,125 - INFO - [CVX/USDT] Added to high volume list: $722,751.49
2025-07-04 10:44:58,386 - INFO - [PEOPLE/USDT] Volume check: 5,659,094.49
2025-07-04 10:44:58,387 - INFO - [PEOPLE/USDT] Added to high volume list: $5,659,094.49
2025-07-04 10:44:58,630 - INFO - [SPELL/USDT] Volume check: 693,251.57
2025-07-04 10:44:58,631 - INFO - [SPELL/USDT] Added to high volume list: $693,251.57
2025-07-04 10:44:58,884 - INFO - [JOE/USDT] Volume check: 428,966.78
2025-07-04 10:44:58,885 - INFO - [JOE/USDT] Excluded due to low volume: $428,966.78
2025-07-04 10:44:59,128 - INFO - [ACH/USDT] Volume check: 2,646,848.00
2025-07-04 10:44:59,128 - INFO - [ACH/USDT] Added to high volume list: $2,646,848.00
2025-07-04 10:44:59,376 - INFO - [IMX/USDT] Volume check: 2,215,925.81
2025-07-04 10:44:59,377 - INFO - [IMX/USDT] Added to high volume list: $2,215,925.81
2025-07-04 10:44:59,623 - INFO - [GLMR/USDT] Volume check: 520,796.03
2025-07-04 10:44:59,623 - INFO - [GLMR/USDT] Added to high volume list: $520,796.03
2025-07-04 10:44:59,869 - INFO - [LOKA/USDT] Volume check: 9,104,025.03
2025-07-04 10:44:59,869 - INFO - [LOKA/USDT] Added to high volume list: $9,104,025.03
2025-07-04 10:45:00,128 - INFO - [SCRT/USDT] Volume check: 216,784.37
2025-07-04 10:45:00,129 - INFO - [SCRT/USDT] Excluded due to low volume: $216,784.37
2025-07-04 10:45:00,384 - INFO - [API3/USDT] Volume check: 1,380,494.47
2025-07-04 10:45:00,385 - INFO - [API3/USDT] Added to high volume list: $1,380,494.47
2025-07-04 10:45:00,639 - INFO - [BTTC/USDT] Volume check: 719,549.14
2025-07-04 10:45:00,641 - INFO - [BTTC/USDT] Added to high volume list: $719,549.14
2025-07-04 10:45:00,885 - INFO - [ACA/USDT] Volume check: 660,323.57
2025-07-04 10:45:00,886 - INFO - [ACA/USDT] Added to high volume list: $660,323.57
2025-07-04 10:45:01,131 - INFO - [XNO/USDT] Volume check: 187,403.94
2025-07-04 10:45:01,131 - INFO - [XNO/USDT] Excluded due to low volume: $187,403.94
2025-07-04 10:45:01,386 - INFO - [WOO/USDT] Volume check: 722,674.74
2025-07-04 10:45:01,386 - INFO - [WOO/USDT] Added to high volume list: $722,674.74
2025-07-04 10:45:01,628 - INFO - [ALPINE/USDT] Volume check: 318,280.82
2025-07-04 10:45:01,628 - INFO - [ALPINE/USDT] Excluded due to low volume: $318,280.82
2025-07-04 10:45:01,868 - INFO - [T/USDT] Volume check: 1,096,272.75
2025-07-04 10:45:01,869 - INFO - [T/USDT] Added to high volume list: $1,096,272.75
2025-07-04 10:45:02,113 - INFO - [ASTR/USDT] Volume check: 1,610,596.92
2025-07-04 10:45:02,113 - INFO - [ASTR/USDT] Added to high volume list: $1,610,596.92
2025-07-04 10:45:02,359 - INFO - [GMT/USDT] Volume check: 2,828,820.80
2025-07-04 10:45:02,359 - INFO - [GMT/USDT] Added to high volume list: $2,828,820.80
2025-07-04 10:45:02,607 - INFO - [KDA/USDT] Volume check: 1,070,777.63
2025-07-04 10:45:02,608 - INFO - [KDA/USDT] Added to high volume list: $1,070,777.63
2025-07-04 10:45:02,859 - INFO - [APE/USDT] Volume check: 1,417,676.44
2025-07-04 10:45:02,860 - INFO - [APE/USDT] Added to high volume list: $1,417,676.44
2025-07-04 10:45:03,106 - INFO - [BIFI/USDT] Volume check: 489,751.52
2025-07-04 10:45:03,106 - INFO - [BIFI/USDT] Excluded due to low volume: $489,751.52
2025-07-04 10:45:03,351 - INFO - [STEEM/USDT] Volume check: 544,144.02
2025-07-04 10:45:03,351 - INFO - [STEEM/USDT] Added to high volume list: $544,144.02
2025-07-04 10:45:03,606 - INFO - [NEXO/USDT] Volume check: 1,274,225.28
2025-07-04 10:45:03,606 - INFO - [NEXO/USDT] Added to high volume list: $1,274,225.28
2025-07-04 10:45:03,856 - INFO - [REI/USDT] Volume check: 504,339.13
2025-07-04 10:45:03,857 - INFO - [REI/USDT] Added to high volume list: $504,339.13
2025-07-04 10:45:04,110 - INFO - [LDO/USDT] Volume check: 9,255,842.24
2025-07-04 10:45:04,112 - INFO - [LDO/USDT] Added to high volume list: $9,255,842.24
2025-07-04 10:45:04,365 - INFO - [OP/USDT] Volume check: 10,567,973.42
2025-07-04 10:45:04,366 - INFO - [OP/USDT] Added to high volume list: $10,567,973.42
2025-07-04 10:45:04,612 - INFO - [STG/USDT] Volume check: 545,831.41
2025-07-04 10:45:04,612 - INFO - [STG/USDT] Added to high volume list: $545,831.41
2025-07-04 10:45:04,856 - INFO - [LUNC/USDT] Volume check: 1,324,701.10
2025-07-04 10:45:04,857 - INFO - [LUNC/USDT] Added to high volume list: $1,324,701.10
2025-07-04 10:45:05,101 - INFO - [GMX/USDT] Volume check: 942,964.89
2025-07-04 10:45:05,102 - INFO - [GMX/USDT] Added to high volume list: $942,964.89
2025-07-04 10:45:05,344 - INFO - [POLYX/USDT] Volume check: 754,547.24
2025-07-04 10:45:05,345 - INFO - [POLYX/USDT] Added to high volume list: $754,547.24
2025-07-04 10:45:05,598 - INFO - [APT/USDT] Volume check: 25,214,526.47
2025-07-04 10:45:05,598 - INFO - [APT/USDT] Added to high volume list: $25,214,526.47
2025-07-04 10:45:05,851 - INFO - [OSMO/USDT] Volume check: 448,721.97
2025-07-04 10:45:05,851 - INFO - [OSMO/USDT] Excluded due to low volume: $448,721.97
2025-07-04 10:45:06,095 - INFO - [HFT/USDT] Volume check: 13,269,709.67
2025-07-04 10:45:06,096 - INFO - [HFT/USDT] Added to high volume list: $13,269,709.67
2025-07-04 10:45:06,344 - INFO - [PHB/USDT] Volume check: 565,390.07
2025-07-04 10:45:06,345 - INFO - [PHB/USDT] Added to high volume list: $565,390.07
2025-07-04 10:45:06,595 - INFO - [HOOK/USDT] Volume check: 8,510,641.67
2025-07-04 10:45:06,595 - INFO - [HOOK/USDT] Added to high volume list: $8,510,641.67
2025-07-04 10:45:06,841 - INFO - [MAGIC/USDT] Volume check: 983,761.62
2025-07-04 10:45:06,841 - INFO - [MAGIC/USDT] Added to high volume list: $983,761.62
2025-07-04 10:45:07,100 - INFO - [HIFI/USDT] Volume check: 7,444,630.88
2025-07-04 10:45:07,103 - INFO - [HIFI/USDT] Added to high volume list: $7,444,630.88
2025-07-04 10:45:07,356 - INFO - [RPL/USDT] Volume check: 1,164,428.68
2025-07-04 10:45:07,357 - INFO - [RPL/USDT] Added to high volume list: $1,164,428.68
2025-07-04 10:45:07,604 - INFO - [GNS/USDT] Volume check: 774,686.54
2025-07-04 10:45:07,606 - INFO - [GNS/USDT] Added to high volume list: $774,686.54
2025-07-04 10:45:07,853 - INFO - [SYN/USDT] Volume check: 667,072.78
2025-07-04 10:45:07,853 - INFO - [SYN/USDT] Added to high volume list: $667,072.78
2025-07-04 10:45:08,099 - INFO - [SSV/USDT] Volume check: 2,503,230.21
2025-07-04 10:45:08,100 - INFO - [SSV/USDT] Added to high volume list: $2,503,230.21
2025-07-04 10:45:08,349 - INFO - [LQTY/USDT] Volume check: 2,004,217.16
2025-07-04 10:45:08,350 - INFO - [LQTY/USDT] Added to high volume list: $2,004,217.16
2025-07-04 10:45:08,594 - INFO - [USTC/USDT] Volume check: 965,604.50
2025-07-04 10:45:08,594 - INFO - [USTC/USDT] Added to high volume list: $965,604.50
2025-07-04 10:45:08,842 - INFO - [GAS/USDT] Volume check: 1,050,674.39
2025-07-04 10:45:08,842 - INFO - [GAS/USDT] Added to high volume list: $1,050,674.39
2025-07-04 10:45:09,087 - INFO - [GLM/USDT] Volume check: 2,154,624.90
2025-07-04 10:45:09,088 - INFO - [GLM/USDT] Added to high volume list: $2,154,624.90
2025-07-04 10:45:09,338 - INFO - [PROM/USDT] Volume check: 2,896,727.14
2025-07-04 10:45:09,338 - INFO - [PROM/USDT] Added to high volume list: $2,896,727.14
2025-07-04 10:45:09,593 - INFO - [QKC/USDT] Volume check: 1,154,431.22
2025-07-04 10:45:09,594 - INFO - [QKC/USDT] Added to high volume list: $1,154,431.22
2025-07-04 10:45:09,851 - INFO - [ID/USDT] Volume check: 994,112.96
2025-07-04 10:45:09,852 - INFO - [ID/USDT] Added to high volume list: $994,112.96
2025-07-04 10:45:10,108 - INFO - [ARB/USDT] Volume check: 27,104,554.99
2025-07-04 10:45:10,109 - INFO - [ARB/USDT] Added to high volume list: $27,104,554.99
2025-07-04 10:45:10,356 - INFO - [RDNT/USDT] Volume check: 589,883.39
2025-07-04 10:45:10,356 - INFO - [RDNT/USDT] Added to high volume list: $589,883.39
2025-07-04 10:45:10,607 - INFO - [WBTC/USDT] Volume check: 13,438,341.52
2025-07-04 10:45:10,608 - INFO - [WBTC/USDT] Added to high volume list: $13,438,341.52
2025-07-04 10:45:10,855 - INFO - [EDU/USDT] Volume check: 343,944.61
2025-07-04 10:45:10,855 - INFO - [EDU/USDT] Excluded due to low volume: $343,944.61
2025-07-04 10:45:11,108 - INFO - [SUI/USDT] Volume check: 124,777,880.14
2025-07-04 10:45:11,109 - INFO - [SUI/USDT] Added to high volume list: $124,777,880.14
2025-07-04 10:45:11,366 - INFO - [PEPE/USDT] Volume check: 192,134,547.83
2025-07-04 10:45:11,366 - INFO - [PEPE/USDT] Added to high volume list: $192,134,547.83
2025-07-04 10:45:11,609 - INFO - [FLOKI/USDT] Volume check: 18,461,056.57
2025-07-04 10:45:11,609 - INFO - [FLOKI/USDT] Added to high volume list: $18,461,056.57
2025-07-04 10:45:11,857 - INFO - [MAV/USDT] Volume check: 5,619,185.97
2025-07-04 10:45:11,858 - INFO - [MAV/USDT] Added to high volume list: $5,619,185.97
2025-07-04 10:45:12,102 - INFO - [PENDLE/USDT] Volume check: 7,452,284.05
2025-07-04 10:45:12,103 - INFO - [PENDLE/USDT] Added to high volume list: $7,452,284.05
2025-07-04 10:45:12,351 - INFO - [ARKM/USDT] Volume check: 4,052,542.61
2025-07-04 10:45:12,351 - INFO - [ARKM/USDT] Added to high volume list: $4,052,542.61
2025-07-04 10:45:12,594 - INFO - [WBETH/USDT] Volume check: 995,933.25
2025-07-04 10:45:12,595 - INFO - [WBETH/USDT] Added to high volume list: $995,933.25
2025-07-04 10:45:12,840 - INFO - [WLD/USDT] Volume check: 23,590,704.98
2025-07-04 10:45:12,841 - INFO - [WLD/USDT] Added to high volume list: $23,590,704.98
2025-07-04 10:45:13,094 - INFO - [FDUSD/USDT] Volume check: 284,499,626.87
2025-07-04 10:45:13,097 - INFO - [FDUSD/USDT] Added to high volume list: $284,499,626.87
2025-07-04 10:45:13,356 - INFO - [SEI/USDT] Volume check: 41,752,943.93
2025-07-04 10:45:13,356 - INFO - [SEI/USDT] Added to high volume list: $41,752,943.93
2025-07-04 10:45:13,602 - INFO - [CYBER/USDT] Volume check: 849,606.40
2025-07-04 10:45:13,603 - INFO - [CYBER/USDT] Added to high volume list: $849,606.40
2025-07-04 10:45:13,849 - INFO - [ARK/USDT] Volume check: 3,064,473.26
2025-07-04 10:45:13,851 - INFO - [ARK/USDT] Added to high volume list: $3,064,473.26
2025-07-04 10:45:14,097 - INFO - [IQ/USDT] Volume check: 363,191.58
2025-07-04 10:45:14,098 - INFO - [IQ/USDT] Excluded due to low volume: $363,191.58
2025-07-04 10:45:14,345 - INFO - [NTRN/USDT] Volume check: 231,075.03
2025-07-04 10:45:14,346 - INFO - [NTRN/USDT] Excluded due to low volume: $231,075.03
2025-07-04 10:45:14,593 - INFO - [TIA/USDT] Volume check: 18,768,207.09
2025-07-04 10:45:14,593 - INFO - [TIA/USDT] Added to high volume list: $18,768,207.09
2025-07-04 10:45:14,847 - INFO - [MEME/USDT] Volume check: 2,871,810.72
2025-07-04 10:45:14,847 - INFO - [MEME/USDT] Added to high volume list: $2,871,810.72
2025-07-04 10:45:15,094 - INFO - [ORDI/USDT] Volume check: 7,580,415.19
2025-07-04 10:45:15,094 - INFO - [ORDI/USDT] Added to high volume list: $7,580,415.19
2025-07-04 10:45:15,340 - INFO - [BEAMX/USDT] Volume check: 11,736,151.34
2025-07-04 10:45:15,341 - INFO - [BEAMX/USDT] Added to high volume list: $11,736,151.34
2025-07-04 10:45:15,585 - INFO - [PIVX/USDT] Volume check: 262,065.11
2025-07-04 10:45:15,585 - INFO - [PIVX/USDT] Excluded due to low volume: $262,065.11
2025-07-04 10:45:15,831 - INFO - [VIC/USDT] Volume check: 232,768.17
2025-07-04 10:45:15,832 - INFO - [VIC/USDT] Excluded due to low volume: $232,768.17
2025-07-04 10:45:16,077 - INFO - [BLUR/USDT] Volume check: 1,529,184.66
2025-07-04 10:45:16,078 - INFO - [BLUR/USDT] Added to high volume list: $1,529,184.66
2025-07-04 10:45:16,324 - INFO - [VANRY/USDT] Volume check: 1,465,485.60
2025-07-04 10:45:16,325 - INFO - [VANRY/USDT] Added to high volume list: $1,465,485.60
2025-07-04 10:45:16,578 - INFO - [AEUR/USDT] Volume check: 31,052.67
2025-07-04 10:45:16,578 - INFO - [AEUR/USDT] Excluded due to low volume: $31,052.67
2025-07-04 10:45:16,823 - INFO - [JTO/USDT] Volume check: 2,991,148.95
2025-07-04 10:45:16,824 - INFO - [JTO/USDT] Added to high volume list: $2,991,148.95
2025-07-04 10:45:17,073 - INFO - [1000SATS/USDT] Volume check: 4,033,162.13
2025-07-04 10:45:17,073 - INFO - [1000SATS/USDT] Added to high volume list: $4,033,162.13
2025-07-04 10:45:17,317 - INFO - [BONK/USDT] Volume check: 39,434,231.49
2025-07-04 10:45:17,317 - INFO - [BONK/USDT] Added to high volume list: $39,434,231.49
2025-07-04 10:45:17,558 - INFO - [ACE/USDT] Volume check: 1,243,057.89
2025-07-04 10:45:17,558 - INFO - [ACE/USDT] Added to high volume list: $1,243,057.89
2025-07-04 10:45:17,799 - INFO - [NFP/USDT] Volume check: 718,921.48
2025-07-04 10:45:17,800 - INFO - [NFP/USDT] Added to high volume list: $718,921.48
2025-07-04 10:45:18,045 - INFO - [AI/USDT] Volume check: 1,260,583.53
2025-07-04 10:45:18,046 - INFO - [AI/USDT] Added to high volume list: $1,260,583.53
2025-07-04 10:45:18,293 - INFO - [XAI/USDT] Volume check: 2,844,431.36
2025-07-04 10:45:18,293 - INFO - [XAI/USDT] Added to high volume list: $2,844,431.36
2025-07-04 10:45:18,539 - INFO - [MANTA/USDT] Volume check: 2,492,171.49
2025-07-04 10:45:18,540 - INFO - [MANTA/USDT] Added to high volume list: $2,492,171.49
2025-07-04 10:45:18,804 - INFO - [ALT/USDT] Volume check: 2,355,623.78
2025-07-04 10:45:18,805 - INFO - [ALT/USDT] Added to high volume list: $2,355,623.78
2025-07-04 10:45:19,048 - INFO - [JUP/USDT] Volume check: 8,099,543.32
2025-07-04 10:45:19,048 - INFO - [JUP/USDT] Added to high volume list: $8,099,543.32
2025-07-04 10:45:19,293 - INFO - [PYTH/USDT] Volume check: 2,935,985.79
2025-07-04 10:45:19,293 - INFO - [PYTH/USDT] Added to high volume list: $2,935,985.79
2025-07-04 10:45:19,536 - INFO - [RONIN/USDT] Volume check: 16,961,887.02
2025-07-04 10:45:19,536 - INFO - [RONIN/USDT] Added to high volume list: $16,961,887.02
2025-07-04 10:45:19,785 - INFO - [DYM/USDT] Volume check: 1,351,470.56
2025-07-04 10:45:19,785 - INFO - [DYM/USDT] Added to high volume list: $1,351,470.56
2025-07-04 10:45:20,031 - INFO - [PIXEL/USDT] Volume check: 6,480,318.85
2025-07-04 10:45:20,032 - INFO - [PIXEL/USDT] Added to high volume list: $6,480,318.85
2025-07-04 10:45:20,277 - INFO - [STRK/USDT] Volume check: 2,343,777.92
2025-07-04 10:45:20,278 - INFO - [STRK/USDT] Added to high volume list: $2,343,777.92
2025-07-04 10:45:20,525 - INFO - [PORTAL/USDT] Volume check: 20,469,198.84
2025-07-04 10:45:20,528 - INFO - [PORTAL/USDT] Added to high volume list: $20,469,198.84
2025-07-04 10:45:20,773 - INFO - [AXL/USDT] Volume check: 1,243,258.21
2025-07-04 10:45:20,774 - INFO - [AXL/USDT] Added to high volume list: $1,243,258.21
2025-07-04 10:45:21,019 - INFO - [WIF/USDT] Volume check: 66,363,967.97
2025-07-04 10:45:21,019 - INFO - [WIF/USDT] Added to high volume list: $66,363,967.97
2025-07-04 10:45:21,265 - INFO - [METIS/USDT] Volume check: 1,879,887.59
2025-07-04 10:45:21,265 - INFO - [METIS/USDT] Added to high volume list: $1,879,887.59
2025-07-04 10:45:21,518 - INFO - [AEVO/USDT] Volume check: 863,626.40
2025-07-04 10:45:21,519 - INFO - [AEVO/USDT] Added to high volume list: $863,626.40
2025-07-04 10:45:21,763 - INFO - [BOME/USDT] Volume check: 5,737,979.85
2025-07-04 10:45:21,764 - INFO - [BOME/USDT] Added to high volume list: $5,737,979.85
2025-07-04 10:45:22,007 - INFO - [ETHFI/USDT] Volume check: 18,945,005.15
2025-07-04 10:45:22,008 - INFO - [ETHFI/USDT] Added to high volume list: $18,945,005.15
2025-07-04 10:45:22,253 - INFO - [ENA/USDT] Volume check: 41,140,345.71
2025-07-04 10:45:22,253 - INFO - [ENA/USDT] Added to high volume list: $41,140,345.71
2025-07-04 10:45:22,498 - INFO - [W/USDT] Volume check: 4,111,876.15
2025-07-04 10:45:22,499 - INFO - [W/USDT] Added to high volume list: $4,111,876.15
2025-07-04 10:45:22,755 - INFO - [TNSR/USDT] Volume check: 3,914,910.77
2025-07-04 10:45:22,756 - INFO - [TNSR/USDT] Added to high volume list: $3,914,910.77
2025-07-04 10:45:23,001 - INFO - [SAGA/USDT] Volume check: 2,732,466.25
2025-07-04 10:45:23,002 - INFO - [SAGA/USDT] Added to high volume list: $2,732,466.25
2025-07-04 10:45:23,261 - INFO - [TAO/USDT] Volume check: 19,440,007.78
2025-07-04 10:45:23,262 - INFO - [TAO/USDT] Added to high volume list: $19,440,007.78
2025-07-04 10:45:23,522 - INFO - [OMNI/USDT] Volume check: 2,347,925.40
2025-07-04 10:45:23,522 - INFO - [OMNI/USDT] Added to high volume list: $2,347,925.40
2025-07-04 10:45:23,774 - INFO - [REZ/USDT] Volume check: 1,438,120.35
2025-07-04 10:45:23,775 - INFO - [REZ/USDT] Added to high volume list: $1,438,120.35
2025-07-04 10:45:24,026 - INFO - [BB/USDT] Volume check: 1,694,912.82
2025-07-04 10:45:24,026 - INFO - [BB/USDT] Added to high volume list: $1,694,912.82
2025-07-04 10:45:24,272 - INFO - [NOT/USDT] Volume check: 1,815,993.05
2025-07-04 10:45:24,273 - INFO - [NOT/USDT] Added to high volume list: $1,815,993.05
2025-07-04 10:45:24,526 - INFO - [IO/USDT] Volume check: 3,885,959.93
2025-07-04 10:45:24,527 - INFO - [IO/USDT] Added to high volume list: $3,885,959.93
2025-07-04 10:45:24,775 - INFO - [ZK/USDT] Volume check: 5,456,961.05
2025-07-04 10:45:24,776 - INFO - [ZK/USDT] Added to high volume list: $5,456,961.05
2025-07-04 10:45:25,029 - INFO - [LISTA/USDT] Volume check: 2,794,870.26
2025-07-04 10:45:25,029 - INFO - [LISTA/USDT] Added to high volume list: $2,794,870.26
2025-07-04 10:45:25,271 - INFO - [ZRO/USDT] Volume check: 4,218,940.38
2025-07-04 10:45:25,274 - INFO - [ZRO/USDT] Added to high volume list: $4,218,940.38
2025-07-04 10:45:25,534 - INFO - [G/USDT] Volume check: 2,430,072.81
2025-07-04 10:45:25,535 - INFO - [G/USDT] Added to high volume list: $2,430,072.81
2025-07-04 10:45:25,779 - INFO - [BANANA/USDT] Volume check: 1,990,100.39
2025-07-04 10:45:25,779 - INFO - [BANANA/USDT] Added to high volume list: $1,990,100.39
2025-07-04 10:45:26,032 - INFO - [RENDER/USDT] Volume check: 10,024,660.91
2025-07-04 10:45:26,033 - INFO - [RENDER/USDT] Added to high volume list: $10,024,660.91
2025-07-04 10:45:26,286 - INFO - [TON/USDT] Volume check: 15,591,325.51
2025-07-04 10:45:26,286 - INFO - [TON/USDT] Added to high volume list: $15,591,325.51
2025-07-04 10:45:26,540 - INFO - [DOGS/USDT] Volume check: 1,861,275.72
2025-07-04 10:45:26,540 - INFO - [DOGS/USDT] Added to high volume list: $1,861,275.72
2025-07-04 10:45:26,794 - INFO - [EURI/USDT] Volume check: 4,551,630.16
2025-07-04 10:45:26,795 - INFO - [EURI/USDT] Added to high volume list: $4,551,630.16
2025-07-04 10:45:27,042 - INFO - [SLF/USDT] Volume check: 1,111,510.35
2025-07-04 10:45:27,043 - INFO - [SLF/USDT] Added to high volume list: $1,111,510.35
2025-07-04 10:45:27,286 - INFO - [POL/USDT] Volume check: 5,782,536.41
2025-07-04 10:45:27,287 - INFO - [POL/USDT] Added to high volume list: $5,782,536.41
2025-07-04 10:45:27,534 - INFO - [NEIRO/USDT] Volume check: 60,252,405.14
2025-07-04 10:45:27,534 - INFO - [NEIRO/USDT] Added to high volume list: $60,252,405.14
2025-07-04 10:45:27,776 - INFO - [TURBO/USDT] Volume check: 4,176,262.76
2025-07-04 10:45:27,777 - INFO - [TURBO/USDT] Added to high volume list: $4,176,262.76
2025-07-04 10:45:28,021 - INFO - [1MBABYDOGE/USDT] Volume check: 3,016,083.23
2025-07-04 10:45:28,022 - INFO - [1MBABYDOGE/USDT] Added to high volume list: $3,016,083.23
2025-07-04 10:45:28,278 - INFO - [CATI/USDT] Volume check: 796,029.53
2025-07-04 10:45:28,278 - INFO - [CATI/USDT] Added to high volume list: $796,029.53
2025-07-04 10:45:28,521 - INFO - [HMSTR/USDT] Volume check: 1,309,996.30
2025-07-04 10:45:28,521 - INFO - [HMSTR/USDT] Added to high volume list: $1,309,996.30
2025-07-04 10:45:28,765 - INFO - [EIGEN/USDT] Volume check: 10,550,709.67
2025-07-04 10:45:28,766 - INFO - [EIGEN/USDT] Added to high volume list: $10,550,709.67
2025-07-04 10:45:29,017 - INFO - [SCR/USDT] Volume check: 2,554,780.75
2025-07-04 10:45:29,018 - INFO - [SCR/USDT] Added to high volume list: $2,554,780.75
2025-07-04 10:45:29,261 - INFO - [BNSOL/USDT] Volume check: 1,270,411.20
2025-07-04 10:45:29,262 - INFO - [BNSOL/USDT] Added to high volume list: $1,270,411.20
2025-07-04 10:45:29,509 - INFO - [LUMIA/USDT] Volume check: 1,070,561.95
2025-07-04 10:45:29,509 - INFO - [LUMIA/USDT] Added to high volume list: $1,070,561.95
2025-07-04 10:45:29,754 - INFO - [KAIA/USDT] Volume check: 4,179,169.41
2025-07-04 10:45:29,754 - INFO - [KAIA/USDT] Added to high volume list: $4,179,169.41
2025-07-04 10:45:29,998 - INFO - [COW/USDT] Volume check: 12,201,440.35
2025-07-04 10:45:29,999 - INFO - [COW/USDT] Added to high volume list: $12,201,440.35
2025-07-04 10:45:30,242 - INFO - [CETUS/USDT] Volume check: 1,689,083.90
2025-07-04 10:45:30,243 - INFO - [CETUS/USDT] Added to high volume list: $1,689,083.90
2025-07-04 10:45:30,491 - INFO - [PNUT/USDT] Volume check: 34,058,536.56
2025-07-04 10:45:30,492 - INFO - [PNUT/USDT] Added to high volume list: $34,058,536.56
2025-07-04 10:45:30,731 - INFO - [ACT/USDT] Volume check: 2,061,374.29
2025-07-04 10:45:30,731 - INFO - [ACT/USDT] Added to high volume list: $2,061,374.29
2025-07-04 10:45:30,980 - INFO - [USUAL/USDT] Volume check: 2,863,161.47
2025-07-04 10:45:30,980 - INFO - [USUAL/USDT] Added to high volume list: $2,863,161.47
2025-07-04 10:45:31,235 - INFO - [THE/USDT] Volume check: 1,675,168.64
2025-07-04 10:45:31,236 - INFO - [THE/USDT] Added to high volume list: $1,675,168.64
2025-07-04 10:45:31,483 - INFO - [ACX/USDT] Volume check: 760,619.24
2025-07-04 10:45:31,483 - INFO - [ACX/USDT] Added to high volume list: $760,619.24
2025-07-04 10:45:31,729 - INFO - [ORCA/USDT] Volume check: 2,424,867.67
2025-07-04 10:45:31,729 - INFO - [ORCA/USDT] Added to high volume list: $2,424,867.67
2025-07-04 10:45:31,975 - INFO - [MOVE/USDT] Volume check: 2,242,020.44
2025-07-04 10:45:31,976 - INFO - [MOVE/USDT] Added to high volume list: $2,242,020.44
2025-07-04 10:45:32,236 - INFO - [ME/USDT] Volume check: 1,040,802.85
2025-07-04 10:45:32,237 - INFO - [ME/USDT] Added to high volume list: $1,040,802.85
2025-07-04 10:45:32,484 - INFO - [VELODROME/USDT] Volume check: 676,467.06
2025-07-04 10:45:32,485 - INFO - [VELODROME/USDT] Added to high volume list: $676,467.06
2025-07-04 10:45:32,728 - INFO - [VANA/USDT] Volume check: 2,164,350.59
2025-07-04 10:45:32,728 - INFO - [VANA/USDT] Added to high volume list: $2,164,350.59
2025-07-04 10:45:32,978 - INFO - [1000CAT/USDT] Volume check: 1,570,748.59
2025-07-04 10:45:32,979 - INFO - [1000CAT/USDT] Added to high volume list: $1,570,748.59
2025-07-04 10:45:33,234 - INFO - [PENGU/USDT] Volume check: 85,601,412.83
2025-07-04 10:45:33,235 - INFO - [PENGU/USDT] Added to high volume list: $85,601,412.83
2025-07-04 10:45:33,485 - INFO - [BIO/USDT] Volume check: 1,070,363.84
2025-07-04 10:45:33,485 - INFO - [BIO/USDT] Added to high volume list: $1,070,363.84
2025-07-04 10:45:33,739 - INFO - [D/USDT] Volume check: 4,610,412.14
2025-07-04 10:45:33,740 - INFO - [D/USDT] Added to high volume list: $4,610,412.14
2025-07-04 10:45:33,992 - INFO - [AIXBT/USDT] Volume check: 8,590,994.65
2025-07-04 10:45:33,993 - INFO - [AIXBT/USDT] Added to high volume list: $8,590,994.65
2025-07-04 10:45:34,246 - INFO - [CGPT/USDT] Volume check: 1,508,284.60
2025-07-04 10:45:34,246 - INFO - [CGPT/USDT] Added to high volume list: $1,508,284.60
2025-07-04 10:45:34,488 - INFO - [COOKIE/USDT] Volume check: 3,474,135.20
2025-07-04 10:45:34,489 - INFO - [COOKIE/USDT] Added to high volume list: $3,474,135.20
2025-07-04 10:45:34,735 - INFO - [S/USDT] Volume check: 14,631,283.20
2025-07-04 10:45:34,735 - INFO - [S/USDT] Added to high volume list: $14,631,283.20
2025-07-04 10:45:34,988 - INFO - [SOLV/USDT] Volume check: 1,589,013.11
2025-07-04 10:45:34,988 - INFO - [SOLV/USDT] Added to high volume list: $1,589,013.11
2025-07-04 10:45:35,234 - INFO - [TRUMP/USDT] Volume check: 26,942,472.93
2025-07-04 10:45:35,234 - INFO - [TRUMP/USDT] Added to high volume list: $26,942,472.93
2025-07-04 10:45:35,489 - INFO - [ANIME/USDT] Volume check: 1,453,058.68
2025-07-04 10:45:35,489 - INFO - [ANIME/USDT] Added to high volume list: $1,453,058.68
2025-07-04 10:45:35,735 - INFO - [BERA/USDT] Volume check: 4,065,233.93
2025-07-04 10:45:35,736 - INFO - [BERA/USDT] Added to high volume list: $4,065,233.93
2025-07-04 10:45:35,980 - INFO - [1000CHEEMS/USDT] Volume check: 868,365.04
2025-07-04 10:45:35,981 - INFO - [1000CHEEMS/USDT] Added to high volume list: $868,365.04
2025-07-04 10:45:36,225 - INFO - [TST/USDT] Volume check: 794,565.88
2025-07-04 10:45:36,226 - INFO - [TST/USDT] Added to high volume list: $794,565.88
2025-07-04 10:45:36,474 - INFO - [LAYER/USDT] Volume check: 1,239,850.65
2025-07-04 10:45:36,475 - INFO - [LAYER/USDT] Added to high volume list: $1,239,850.65
2025-07-04 10:45:36,725 - INFO - [HEI/USDT] Volume check: 828,166.41
2025-07-04 10:45:36,726 - INFO - [HEI/USDT] Added to high volume list: $828,166.41
2025-07-04 10:45:36,982 - INFO - [KAITO/USDT] Volume check: 5,533,872.88
2025-07-04 10:45:36,992 - INFO - [KAITO/USDT] Added to high volume list: $5,533,872.88
2025-07-04 10:45:37,239 - INFO - [SHELL/USDT] Volume check: 601,158.92
2025-07-04 10:45:37,240 - INFO - [SHELL/USDT] Added to high volume list: $601,158.92
2025-07-04 10:45:37,482 - INFO - [RED/USDT] Volume check: 632,729.84
2025-07-04 10:45:37,482 - INFO - [RED/USDT] Added to high volume list: $632,729.84
2025-07-04 10:45:37,734 - INFO - [GPS/USDT] Volume check: 1,437,931.68
2025-07-04 10:45:37,734 - INFO - [GPS/USDT] Added to high volume list: $1,437,931.68
2025-07-04 10:45:37,982 - INFO - [EPIC/USDT] Volume check: 1,049,795.69
2025-07-04 10:45:37,983 - INFO - [EPIC/USDT] Added to high volume list: $1,049,795.69
2025-07-04 10:45:38,230 - INFO - [BMT/USDT] Volume check: 2,282,646.66
2025-07-04 10:45:38,230 - INFO - [BMT/USDT] Added to high volume list: $2,282,646.66
2025-07-04 10:45:38,478 - INFO - [FORM/USDT] Volume check: 9,550,344.54
2025-07-04 10:45:38,479 - INFO - [FORM/USDT] Added to high volume list: $9,550,344.54
2025-07-04 10:45:38,733 - INFO - [XUSD/USDT] Volume check: 3,777,844.84
2025-07-04 10:45:38,733 - INFO - [XUSD/USDT] Added to high volume list: $3,777,844.84
2025-07-04 10:45:38,983 - INFO - [NIL/USDT] Volume check: 1,157,224.51
2025-07-04 10:45:38,984 - INFO - [NIL/USDT] Added to high volume list: $1,157,224.51
2025-07-04 10:45:39,244 - INFO - [PARTI/USDT] Volume check: 5,872,921.72
2025-07-04 10:45:39,246 - INFO - [PARTI/USDT] Added to high volume list: $5,872,921.72
2025-07-04 10:45:39,503 - INFO - [MUBARAK/USDT] Volume check: 6,243,144.06
2025-07-04 10:45:39,504 - INFO - [MUBARAK/USDT] Added to high volume list: $6,243,144.06
2025-07-04 10:45:39,751 - INFO - [TUT/USDT] Volume check: 2,772,850.35
2025-07-04 10:45:39,751 - INFO - [TUT/USDT] Added to high volume list: $2,772,850.35
2025-07-04 10:45:39,995 - INFO - [BROCCOLI714/USDT] Volume check: 10,040,489.20
2025-07-04 10:45:39,996 - INFO - [BROCCOLI714/USDT] Added to high volume list: $10,040,489.20
2025-07-04 10:45:40,247 - INFO - [BANANAS31/USDT] Volume check: 12,806,665.89
2025-07-04 10:45:40,247 - INFO - [BANANAS31/USDT] Added to high volume list: $12,806,665.89
2025-07-04 10:45:40,495 - INFO - [GUN/USDT] Volume check: 28,994,665.76
2025-07-04 10:45:40,496 - INFO - [GUN/USDT] Added to high volume list: $28,994,665.76
2025-07-04 10:45:40,750 - INFO - [BABY/USDT] Volume check: 1,399,859.43
2025-07-04 10:45:40,750 - INFO - [BABY/USDT] Added to high volume list: $1,399,859.43
2025-07-04 10:45:40,998 - INFO - [ONDO/USDT] Volume check: 11,884,254.10
2025-07-04 10:45:40,999 - INFO - [ONDO/USDT] Added to high volume list: $11,884,254.10
2025-07-04 10:45:41,260 - INFO - [BIGTIME/USDT] Volume check: 1,406,321.99
2025-07-04 10:45:41,261 - INFO - [BIGTIME/USDT] Added to high volume list: $1,406,321.99
2025-07-04 10:45:41,505 - INFO - [VIRTUAL/USDT] Volume check: 31,135,258.67
2025-07-04 10:45:41,506 - INFO - [VIRTUAL/USDT] Added to high volume list: $31,135,258.67
2025-07-04 10:45:41,749 - INFO - [KERNEL/USDT] Volume check: 690,626.25
2025-07-04 10:45:41,749 - INFO - [KERNEL/USDT] Added to high volume list: $690,626.25
2025-07-04 10:45:41,990 - INFO - [WCT/USDT] Volume check: 2,626,360.41
2025-07-04 10:45:41,991 - INFO - [WCT/USDT] Added to high volume list: $2,626,360.41
2025-07-04 10:45:42,234 - INFO - [HYPER/USDT] Volume check: 1,232,075.77
2025-07-04 10:45:42,235 - INFO - [HYPER/USDT] Added to high volume list: $1,232,075.77
2025-07-04 10:45:42,484 - INFO - [INIT/USDT] Volume check: 7,111,748.49
2025-07-04 10:45:42,484 - INFO - [INIT/USDT] Added to high volume list: $7,111,748.49
2025-07-04 10:45:42,731 - INFO - [SIGN/USDT] Volume check: 991,456.31
2025-07-04 10:45:42,731 - INFO - [SIGN/USDT] Added to high volume list: $991,456.31
2025-07-04 10:45:42,975 - INFO - [STO/USDT] Volume check: 931,974.17
2025-07-04 10:45:42,975 - INFO - [STO/USDT] Added to high volume list: $931,974.17
2025-07-04 10:45:43,220 - INFO - [SYRUP/USDT] Volume check: 27,777,387.77
2025-07-04 10:45:43,221 - INFO - [SYRUP/USDT] Added to high volume list: $27,777,387.77
2025-07-04 10:45:43,465 - INFO - [KMNO/USDT] Volume check: 825,022.49
2025-07-04 10:45:43,466 - INFO - [KMNO/USDT] Added to high volume list: $825,022.49
2025-07-04 10:45:43,735 - INFO - [SXT/USDT] Volume check: 2,547,378.47
2025-07-04 10:45:43,735 - INFO - [SXT/USDT] Added to high volume list: $2,547,378.47
2025-07-04 10:45:44,258 - INFO - [NXPC/USDT] Volume check: 2,729,608.71
2025-07-04 10:45:44,258 - INFO - [NXPC/USDT] Added to high volume list: $2,729,608.71
2025-07-04 10:45:44,516 - INFO - [AWE/USDT] Volume check: 5,374,112.97
2025-07-04 10:45:44,517 - INFO - [AWE/USDT] Added to high volume list: $5,374,112.97
2025-07-04 10:45:44,773 - INFO - [HAEDAL/USDT] Volume check: 2,959,878.05
2025-07-04 10:45:44,774 - INFO - [HAEDAL/USDT] Added to high volume list: $2,959,878.05
2025-07-04 10:45:45,021 - INFO - [USD1/USDT] Volume check: 2,190,527.98
2025-07-04 10:45:45,022 - INFO - [USD1/USDT] Added to high volume list: $2,190,527.98
2025-07-04 10:45:45,269 - INFO - [HUMA/USDT] Volume check: 10,771,313.80
2025-07-04 10:45:45,270 - INFO - [HUMA/USDT] Added to high volume list: $10,771,313.80
2025-07-04 10:45:45,523 - INFO - [A/USDT] Volume check: 3,088,198.67
2025-07-04 10:45:45,524 - INFO - [A/USDT] Added to high volume list: $3,088,198.67
2025-07-04 10:45:45,779 - INFO - [SOPH/USDT] Volume check: 2,806,957.27
2025-07-04 10:45:45,779 - INFO - [SOPH/USDT] Added to high volume list: $2,806,957.27
2025-07-04 10:45:46,037 - INFO - [RESOLV/USDT] Volume check: 5,968,120.02
2025-07-04 10:45:46,038 - INFO - [RESOLV/USDT] Added to high volume list: $5,968,120.02
2025-07-04 10:45:46,285 - INFO - [HOME/USDT] Volume check: 1,040,009.83
2025-07-04 10:45:46,286 - INFO - [HOME/USDT] Added to high volume list: $1,040,009.83
2025-07-04 10:45:46,540 - INFO - [SPK/USDT] Volume check: 7,101,363.74
2025-07-04 10:45:46,541 - INFO - [SPK/USDT] Added to high volume list: $7,101,363.74
2025-07-04 10:45:46,788 - INFO - [NEWT/USDT] Volume check: 57,996,626.22
2025-07-04 10:45:46,789 - INFO - [NEWT/USDT] Added to high volume list: $57,996,626.22
2025-07-04 10:45:47,056 - INFO - [SAHARA/USDT] Volume check: 26,263,491.37
2025-07-04 10:45:47,057 - INFO - [SAHARA/USDT] Added to high volume list: $26,263,491.37
2025-07-04 10:45:47,157 - INFO - Found 340 USDT pairs with volume > $500,000
2025-07-04 10:45:47,157 - INFO - Starting scan cycle for 340 symbols
2025-07-04 10:45:47,157 - INFO - [BTC/USDT] Scanning for signal
2025-07-04 10:45:47,314 - INFO - [BTC/USDT] Volume check: 1,160,181,562.17
2025-07-04 10:45:47,315 - INFO - [ETH/USDT] Scanning for signal
2025-07-04 10:45:47,469 - INFO - [ETH/USDT] Volume check: 1,193,365,966.25
2025-07-04 10:45:47,470 - INFO - [BNB/USDT] Scanning for signal
2025-07-04 10:45:47,621 - INFO - [BNB/USDT] Volume check: 62,755,752.31
2025-07-04 10:45:47,622 - INFO - [NEO/USDT] Scanning for signal
2025-07-04 10:45:47,768 - INFO - [NEO/USDT] Volume check: 1,898,482.17
2025-07-04 10:45:47,769 - INFO - [LTC/USDT] Scanning for signal
2025-07-04 10:45:47,938 - INFO - [LTC/USDT] Volume check: 44,572,467.21
2025-07-04 10:45:54,612 - INFO - DataFrame validated successfully
2025-07-04 10:45:54,612 - INFO - [LTC/USDT] Fetched 50 candles for 15m
2025-07-04 10:45:54,619 - INFO - DataFrame validated successfully
2025-07-04 10:45:54,619 - INFO - [NEO/USDT] Fetched 50 candles for 15m
2025-07-04 10:45:54,621 - INFO - DataFrame validated successfully
2025-07-04 10:45:54,621 - INFO - [ETH/USDT] Fetched 50 candles for 15m
2025-07-04 10:45:54,663 - INFO - DataFrame validated successfully
2025-07-04 10:45:54,663 - INFO - [BNB/USDT] Fetched 50 candles for 15m
2025-07-04 10:45:54,666 - INFO - DataFrame validated successfully
2025-07-04 10:45:54,666 - INFO - [BTC/USDT] Fetched 50 candles for 15m
2025-07-04 10:45:54,916 - INFO - [LTC/USDT] Calculated indicators for 15m: ['timestamp', 'open', 'high', 'low', 'close', 'volume', 'ma20', 'ma50', 'ma200', 'ema12', 'ema26', 'macd', 'signal_line', 'rsi', 'adx', 'vwap', 'stochastic', 'atr']
2025-07-04 10:45:54,977 - INFO - [NEO/USDT] Calculated indicators for 15m: ['timestamp', 'open', 'high', 'low', 'close', 'volume', 'ma20', 'ma50', 'ma200', 'ema12', 'ema26', 'macd', 'signal_line', 'rsi', 'adx', 'vwap', 'stochastic', 'atr']
2025-07-04 10:45:55,038 - INFO - [ETH/USDT] Calculated indicators for 15m: ['timestamp', 'open', 'high', 'low', 'close', 'volume', 'ma20', 'ma50', 'ma200', 'ema12', 'ema26', 'macd', 'signal_line', 'rsi', 'adx', 'vwap', 'stochastic', 'atr']
2025-07-04 10:45:55,095 - INFO - [BNB/USDT] Calculated indicators for 15m: ['timestamp', 'open', 'high', 'low', 'close', 'volume', 'ma20', 'ma50', 'ma200', 'ema12', 'ema26', 'macd', 'signal_line', 'rsi', 'adx', 'vwap', 'stochastic', 'atr']
2025-07-04 10:45:55,149 - INFO - [BTC/USDT] Calculated indicators for 15m: ['timestamp', 'open', 'high', 'low', 'close', 'volume', 'ma20', 'ma50', 'ma200', 'ema12', 'ema26', 'macd', 'signal_line', 'rsi', 'adx', 'vwap', 'stochastic', 'atr']
2025-07-04 10:46:01,347 - INFO - DataFrame validated successfully
2025-07-04 10:46:01,347 - INFO - [BNB/USDT] Fetched 50 candles for 1h
2025-07-04 10:46:01,350 - INFO - DataFrame validated successfully
2025-07-04 10:46:01,350 - INFO - [NEO/USDT] Fetched 50 candles for 1h
2025-07-04 10:46:01,352 - INFO - DataFrame validated successfully
2025-07-04 10:46:01,352 - INFO - [BTC/USDT] Fetched 50 candles for 1h
2025-07-04 10:46:01,355 - INFO - DataFrame validated successfully
2025-07-04 10:46:01,355 - INFO - [ETH/USDT] Fetched 50 candles for 1h
2025-07-04 10:46:01,402 - INFO - DataFrame validated successfully
2025-07-04 10:46:01,402 - INFO - [LTC/USDT] Fetched 50 candles for 1h
2025-07-04 10:46:01,668 - INFO - [BNB/USDT] Calculated indicators for 1h: ['timestamp', 'open', 'high', 'low', 'close', 'volume', 'ma20', 'ma50', 'ma200', 'ema12', 'ema26', 'macd', 'signal_line', 'rsi', 'adx', 'vwap', 'stochastic', 'atr']
2025-07-04 10:46:01,740 - INFO - [NEO/USDT] Calculated indicators for 1h: ['timestamp', 'open', 'high', 'low', 'close', 'volume', 'ma20', 'ma50', 'ma200', 'ema12', 'ema26', 'macd', 'signal_line', 'rsi', 'adx', 'vwap', 'stochastic', 'atr']
2025-07-04 10:46:01,810 - INFO - [BTC/USDT] Calculated indicators for 1h: ['timestamp', 'open', 'high', 'low', 'close', 'volume', 'ma20', 'ma50', 'ma200', 'ema12', 'ema26', 'macd', 'signal_line', 'rsi', 'adx', 'vwap', 'stochastic', 'atr']
2025-07-04 10:46:01,878 - INFO - [ETH/USDT] Calculated indicators for 1h: ['timestamp', 'open', 'high', 'low', 'close', 'volume', 'ma20', 'ma50', 'ma200', 'ema12', 'ema26', 'macd', 'signal_line', 'rsi', 'adx', 'vwap', 'stochastic', 'atr']
2025-07-04 10:46:01,946 - INFO - [LTC/USDT] Calculated indicators for 1h: ['timestamp', 'open', 'high', 'low', 'close', 'volume', 'ma20', 'ma50', 'ma200', 'ema12', 'ema26', 'macd', 'signal_line', 'rsi', 'adx', 'vwap', 'stochastic', 'atr']
2025-07-04 10:46:08,450 - INFO - DataFrame validated successfully
2025-07-04 10:46:08,450 - INFO - [BNB/USDT] Fetched 50 candles for 4h
2025-07-04 10:46:08,453 - INFO - DataFrame validated successfully
2025-07-04 10:46:08,453 - INFO - [LTC/USDT] Fetched 50 candles for 4h
2025-07-04 10:46:08,456 - INFO - DataFrame validated successfully
2025-07-04 10:46:08,456 - INFO - [BTC/USDT] Fetched 50 candles for 4h
2025-07-04 10:46:08,500 - INFO - DataFrame validated successfully
2025-07-04 10:46:08,501 - INFO - [ETH/USDT] Fetched 50 candles for 4h
2025-07-04 10:46:08,504 - INFO - DataFrame validated successfully
2025-07-04 10:46:08,504 - INFO - [NEO/USDT] Fetched 50 candles for 4h
2025-07-04 10:46:08,759 - INFO - [BNB/USDT] Calculated indicators for 4h: ['timestamp', 'open', 'high', 'low', 'close', 'volume', 'ma20', 'ma50', 'ma200', 'ema12', 'ema26', 'macd', 'signal_line', 'rsi', 'adx', 'vwap', 'stochastic', 'atr']
2025-07-04 10:46:08,851 - INFO - [LTC/USDT] Calculated indicators for 4h: ['timestamp', 'open', 'high', 'low', 'close', 'volume', 'ma20', 'ma50', 'ma200', 'ema12', 'ema26', 'macd', 'signal_line', 'rsi', 'adx', 'vwap', 'stochastic', 'atr']
2025-07-04 10:46:08,918 - INFO - [BTC/USDT] Calculated indicators for 4h: ['timestamp', 'open', 'high', 'low', 'close', 'volume', 'ma20', 'ma50', 'ma200', 'ema12', 'ema26', 'macd', 'signal_line', 'rsi', 'adx', 'vwap', 'stochastic', 'atr']
2025-07-04 10:46:08,979 - INFO - [ETH/USDT] Calculated indicators for 4h: ['timestamp', 'open', 'high', 'low', 'close', 'volume', 'ma20', 'ma50', 'ma200', 'ema12', 'ema26', 'macd', 'signal_line', 'rsi', 'adx', 'vwap', 'stochastic', 'atr']
2025-07-04 10:46:09,056 - INFO - [NEO/USDT] Calculated indicators for 4h: ['timestamp', 'open', 'high', 'low', 'close', 'volume', 'ma20', 'ma50', 'ma200', 'ema12', 'ema26', 'macd', 'signal_line', 'rsi', 'adx', 'vwap', 'stochastic', 'atr']
2025-07-04 10:46:16,149 - INFO - DataFrame validated successfully
2025-07-04 10:46:16,149 - INFO - [BTC/USDT] Fetched 50 candles for 1d
2025-07-04 10:46:16,152 - INFO - DataFrame validated successfully
2025-07-04 10:46:16,152 - INFO - [ETH/USDT] Fetched 50 candles for 1d
2025-07-04 10:46:16,154 - INFO - DataFrame validated successfully
2025-07-04 10:46:16,154 - INFO - [NEO/USDT] Fetched 50 candles for 1d
2025-07-04 10:46:16,157 - INFO - DataFrame validated successfully
2025-07-04 10:46:16,157 - INFO - [LTC/USDT] Fetched 50 candles for 1d
2025-07-04 10:46:16,208 - INFO - DataFrame validated successfully
2025-07-04 10:46:16,208 - INFO - [BNB/USDT] Fetched 50 candles for 1d
2025-07-04 10:46:16,454 - INFO - [BTC/USDT] Calculated indicators for 1d: ['timestamp', 'open', 'high', 'low', 'close', 'volume', 'ma20', 'ma50', 'ma200', 'ema12', 'ema26', 'macd', 'signal_line', 'rsi', 'adx', 'vwap', 'stochastic', 'atr']
2025-07-04 10:46:16,478 - ERROR - Error identifying candle patterns: The truth value of a Series is ambiguous. Use a.empty, a.bool(), a.item(), a.any() or a.all().
2025-07-04 10:46:16,478 - INFO - Fibonacci levels calculated: {'r1': np.float32(108825.91), 'r2': np.float32(109015.875), 'r3': np.float32(109322.95), 's1': np.float32(109512.92), 's2': np.float32(109322.95), 's3': np.float32(109015.875)}
2025-07-04 10:46:16,479 - INFO - Support: 108575.1875, Resistance: 109057.5234375
2025-07-04 10:46:16,479 - INFO - [BTC/USDT] Analysis completed: ['VWAP']
2025-07-04 10:46:16,479 - INFO - Trade classification: Score=1, Direction=LONG
2025-07-04 10:46:16,480 - INFO - [BTC/USDT] Signal generated: LONG, Confidence: 75.0%
2025-07-04 10:46:16,481 - ERROR - [BTC/USDT] Error logging signal: name 'os' is not defined
2025-07-04 10:46:16,481 - INFO - [BTC/USDT] Signal predicted: LONG, Confidence: 75.0%
2025-07-04 10:46:16,545 - INFO - [ETH/USDT] Calculated indicators for 1d: ['timestamp', 'open', 'high', 'low', 'close', 'volume', 'ma20', 'ma50', 'ma200', 'ema12', 'ema26', 'macd', 'signal_line', 'rsi', 'adx', 'vwap', 'stochastic', 'atr']
2025-07-04 10:46:16,566 - ERROR - Error identifying candle patterns: The truth value of a Series is ambiguous. Use a.empty, a.bool(), a.item(), a.any() or a.all().
2025-07-04 10:46:16,567 - INFO - Fibonacci levels calculated: {'r1': np.float32(2545.2588), 'r2': np.float32(2556.3257), 'r3': np.float32(2574.2144), 's1': np.float32(2585.2812), 's2': np.float32(2574.2144), 's3': np.float32(2556.3257)}
2025-07-04 10:46:16,567 - INFO - Support: 2530.510009765625, Resistance: 2559.489990234375
2025-07-04 10:46:16,568 - INFO - [ETH/USDT] Analysis completed: ['Strong Trend', 'VWAP']
2025-07-04 10:46:16,568 - INFO - Trade classification: Score=2, Direction=LONG
2025-07-04 10:46:16,568 - INFO - [ETH/USDT] Signal generated: LONG, Confidence: 80.0%
2025-07-04 10:46:16,569 - ERROR - [ETH/USDT] Error logging signal: name 'os' is not defined
2025-07-04 10:46:16,569 - INFO - [ETH/USDT] Signal predicted: LONG, Confidence: 80.0%
2025-07-04 10:46:16,646 - INFO - [NEO/USDT] Calculated indicators for 1d: ['timestamp', 'open', 'high', 'low', 'close', 'volume', 'ma20', 'ma50', 'ma200', 'ema12', 'ema26', 'macd', 'signal_line', 'rsi', 'adx', 'vwap', 'stochastic', 'atr']
2025-07-04 10:46:16,666 - ERROR - Error identifying candle patterns: The truth value of a Series is ambiguous. Use a.empty, a.bool(), a.item(), a.any() or a.all().
2025-07-04 10:46:16,667 - INFO - Fibonacci levels calculated: {'r1': np.float32(5.5419197), 'r2': np.float32(5.57404), 'r3': np.float32(5.62596), 's1': np.float32(5.65808), 's2': np.float32(5.62596), 's3': np.float32(5.57404)}
2025-07-04 10:46:16,667 - INFO - Support: 5.5, Resistance: 5.590000152587891
2025-07-04 10:46:16,668 - INFO - [NEO/USDT] Analysis completed: ['Strong Trend', 'VWAP']
2025-07-04 10:46:16,668 - INFO - Trade classification: Score=2, Direction=LONG
2025-07-04 10:46:16,668 - INFO - [NEO/USDT] Signal generated: LONG, Confidence: 80.0%
2025-07-04 10:46:16,669 - ERROR - [NEO/USDT] Error logging signal: name 'os' is not defined
2025-07-04 10:46:16,669 - INFO - [NEO/USDT] Signal predicted: LONG, Confidence: 80.0%
2025-07-04 10:46:16,729 - INFO - [LTC/USDT] Calculated indicators for 1d: ['timestamp', 'open', 'high', 'low', 'close', 'volume', 'ma20', 'ma50', 'ma200', 'ema12', 'ema26', 'macd', 'signal_line', 'rsi', 'adx', 'vwap', 'stochastic', 'atr']
2025-07-04 10:46:16,752 - ERROR - Error identifying candle patterns: The truth value of a Series is ambiguous. Use a.empty, a.bool(), a.item(), a.any() or a.all().
2025-07-04 10:46:16,752 - INFO - Fibonacci levels calculated: {'r1': np.float32(87.565155), 'r2': np.float32(87.90242), 'r3': np.float32(88.44758), 's1': np.float32(88.78484), 's2': np.float32(88.44758), 's3': np.float32(87.90242)}
2025-07-04 10:46:16,753 - INFO - Support: 87.0999984741211, Resistance: 88.72000122070312
2025-07-04 10:46:16,753 - INFO - [LTC/USDT] Analysis completed: ['VWAP']
2025-07-04 10:46:16,753 - INFO - Trade classification: Score=1, Direction=LONG
2025-07-04 10:46:16,754 - INFO - [LTC/USDT] Signal generated: LONG, Confidence: 75.0%
2025-07-04 10:46:16,755 - ERROR - [LTC/USDT] Error logging signal: name 'os' is not defined
2025-07-04 10:46:16,755 - INFO - [LTC/USDT] Signal predicted: LONG, Confidence: 75.0%
2025-07-04 10:46:16,871 - INFO - [BNB/USDT] Calculated indicators for 1d: ['timestamp', 'open', 'high', 'low', 'close', 'volume', 'ma20', 'ma50', 'ma200', 'ema12', 'ema26', 'macd', 'signal_line', 'rsi', 'adx', 'vwap', 'stochastic', 'atr']
2025-07-04 10:46:16,895 - ERROR - Error identifying candle patterns: The truth value of a Series is ambiguous. Use a.empty, a.bool(), a.item(), a.any() or a.all().
2025-07-04 10:46:16,896 - INFO - Fibonacci levels calculated: {'r1': np.float32(657.02167), 'r2': np.float32(658.4642), 'r3': np.float32(660.79584), 's1': np.float32(662.23834), 's2': np.float32(660.79584), 's3': np.float32(658.4642)}
2025-07-04 10:46:16,897 - INFO - Support: 655.1099853515625, Resistance: 658.6199951171875
2025-07-04 10:46:16,897 - INFO - [BNB/USDT] Analysis completed: ['Strong Trend', 'VWAP', 'Stochastic']
2025-07-04 10:46:16,897 - INFO - Trade classification: Score=1, Direction=LONG
2025-07-04 10:46:16,898 - INFO - [BNB/USDT] Signal generated: LONG, Confidence: 85.0%
2025-07-04 10:46:16,899 - ERROR - [BNB/USDT] Error logging signal: name 'os' is not defined
2025-07-04 10:46:16,899 - INFO - [BNB/USDT] Signal predicted: LONG, Confidence: 85.0%
2025-07-04 10:46:28,179 - INFO - DataFrame validated successfully
2025-07-04 10:46:28,179 - INFO - [BNB/USDT] Fetched 50 candles for 1h
2025-07-04 10:46:28,184 - INFO - DataFrame validated successfully
2025-07-04 10:46:28,184 - INFO - [ETH/USDT] Fetched 50 candles for 1h
2025-07-04 10:46:28,225 - INFO - DataFrame validated successfully
2025-07-04 10:46:28,226 - INFO - [BTC/USDT] Fetched 50 candles for 1h
2025-07-04 10:46:28,229 - INFO - DataFrame validated successfully
2025-07-04 10:46:28,229 - INFO - [NEO/USDT] Fetched 50 candles for 1h
2025-07-04 10:46:28,236 - INFO - DataFrame validated successfully
2025-07-04 10:46:28,236 - INFO - [LTC/USDT] Fetched 50 candles for 1h
2025-07-04 10:46:35,044 - INFO - DataFrame validated successfully
2025-07-04 10:46:35,045 - INFO - [BTC/USDT] Fetched 50 candles for 4h
2025-07-04 10:46:35,186 - INFO - DataFrame validated successfully
2025-07-04 10:46:35,186 - INFO - [BNB/USDT] Fetched 50 candles for 4h
2025-07-04 10:46:35,189 - INFO - DataFrame validated successfully
2025-07-04 10:46:35,190 - INFO - [ETH/USDT] Fetched 50 candles for 4h
2025-07-04 10:46:35,193 - INFO - DataFrame validated successfully
2025-07-04 10:46:35,194 - INFO - [LTC/USDT] Fetched 50 candles for 4h
2025-07-04 10:46:35,219 - INFO - DataFrame validated successfully
2025-07-04 10:46:35,220 - INFO - [NEO/USDT] Fetched 50 candles for 4h
2025-07-04 10:46:43,370 - INFO - DataFrame validated successfully
2025-07-04 10:46:43,371 - INFO - [BTC/USDT] Fetched 50 candles for 1d
2025-07-04 10:46:43,376 - INFO - DataFrame validated successfully
2025-07-04 10:46:43,376 - INFO - [ETH/USDT] Fetched 50 candles for 1d
2025-07-04 10:46:43,379 - INFO - DataFrame validated successfully
2025-07-04 10:46:43,379 - INFO - [NEO/USDT] Fetched 50 candles for 1d
2025-07-04 10:46:43,382 - INFO - DataFrame validated successfully
2025-07-04 10:46:43,382 - INFO - [BNB/USDT] Fetched 50 candles for 1d
2025-07-04 10:46:43,386 - INFO - DataFrame validated successfully
2025-07-04 10:46:43,386 - INFO - [LTC/USDT] Fetched 50 candles for 1d
2025-07-04 10:46:43,722 - INFO - [BTC/USDT] Multi-timeframe boost: 0.67
2025-07-04 10:46:43,723 - INFO - [BTC/USDT] Signal generated: LONG, Confidence: 75.00%, Indicators: ['VWAP']
2025-07-04 10:46:43,723 - ERROR - [BTC/USDT] Error processing: send_signal() missing 2 required positional arguments: 'bot_token' and 'chat_id'
2025-07-04 10:46:43,822 - INFO - [ETH/USDT] Multi-timeframe boost: 0.67
2025-07-04 10:46:43,822 - INFO - [ETH/USDT] Signal generated: LONG, Confidence: 80.00%, Indicators: ['Strong Trend', 'VWAP']
2025-07-04 10:46:43,822 - ERROR - [ETH/USDT] Error processing: send_signal() missing 2 required positional arguments: 'bot_token' and 'chat_id'
2025-07-04 10:46:43,877 - INFO - [NEO/USDT] Multi-timeframe boost: 0.33
2025-07-04 10:46:43,877 - INFO - [NEO/USDT] Signal generated: LONG, Confidence: 80.00%, Indicators: ['Strong Trend', 'VWAP']
2025-07-04 10:46:43,877 - ERROR - [NEO/USDT] Error processing: send_signal() missing 2 required positional arguments: 'bot_token' and 'chat_id'
2025-07-04 10:46:43,930 - INFO - [BNB/USDT] Multi-timeframe boost: 0.33
2025-07-04 10:46:43,930 - INFO - [BNB/USDT] Signal generated: LONG, Confidence: 85.00%, Indicators: ['Strong Trend', 'VWAP', 'Stochastic']
2025-07-04 10:46:43,930 - ERROR - [BNB/USDT] Error processing: send_signal() missing 2 required positional arguments: 'bot_token' and 'chat_id'
2025-07-04 10:46:43,990 - INFO - [LTC/USDT] Multi-timeframe boost: 0.67
2025-07-04 10:46:43,990 - INFO - [LTC/USDT] Signal generated: LONG, Confidence: 75.00%, Indicators: ['VWAP']
2025-07-04 10:46:43,990 - ERROR - [LTC/USDT] Error processing: send_signal() missing 2 required positional arguments: 'bot_token' and 'chat_id'
2025-07-04 10:46:48,993 - INFO - [QTUM/USDT] Scanning for signal
2025-07-04 10:46:49,140 - INFO - [QTUM/USDT] Volume check: 1,102,913.27
2025-07-04 10:46:49,140 - INFO - [ADA/USDT] Scanning for signal
2025-07-04 10:46:49,290 - INFO - [ADA/USDT] Volume check: 58,622,565.52
2025-07-04 10:46:49,291 - INFO - [XRP/USDT] Scanning for signal
2025-07-04 10:46:49,447 - INFO - [XRP/USDT] Volume check: 275,962,451.02
2025-07-04 10:46:49,447 - INFO - [IOTA/USDT] Scanning for signal
2025-07-04 10:46:49,590 - INFO - [IOTA/USDT] Volume check: 1,942,233.99
2025-07-04 10:46:49,591 - INFO - [XLM/USDT] Scanning for signal
2025-07-04 10:46:49,737 - INFO - [XLM/USDT] Volume check: 10,338,596.94
2025-07-04 10:46:56,081 - INFO - DataFrame validated successfully
2025-07-04 10:46:56,081 - INFO - [XRP/USDT] Fetched 50 candles for 15m
2025-07-04 10:46:56,085 - INFO - DataFrame validated successfully
2025-07-04 10:46:56,086 - INFO - [IOTA/USDT] Fetched 50 candles for 15m
2025-07-04 10:46:56,095 - INFO - DataFrame validated successfully
2025-07-04 10:46:56,095 - INFO - [XLM/USDT] Fetched 50 candles for 15m
2025-07-04 10:46:56,128 - INFO - DataFrame validated successfully
2025-07-04 10:46:56,128 - INFO - [QTUM/USDT] Fetched 50 candles for 15m
2025-07-04 10:46:56,139 - INFO - DataFrame validated successfully
2025-07-04 10:46:56,139 - INFO - [ADA/USDT] Fetched 50 candles for 15m
2025-07-04 10:46:56,432 - INFO - [XRP/USDT] Calculated indicators for 15m: ['timestamp', 'open', 'high', 'low', 'close', 'volume', 'ma20', 'ma50', 'ma200', 'ema12', 'ema26', 'macd', 'signal_line', 'rsi', 'adx', 'vwap', 'stochastic', 'atr']
2025-07-04 10:46:56,568 - INFO - [IOTA/USDT] Calculated indicators for 15m: ['timestamp', 'open', 'high', 'low', 'close', 'volume', 'ma20', 'ma50', 'ma200', 'ema12', 'ema26', 'macd', 'signal_line', 'rsi', 'adx', 'vwap', 'stochastic', 'atr']
2025-07-04 10:46:56,734 - INFO - [XLM/USDT] Calculated indicators for 15m: ['timestamp', 'open', 'high', 'low', 'close', 'volume', 'ma20', 'ma50', 'ma200', 'ema12', 'ema26', 'macd', 'signal_line', 'rsi', 'adx', 'vwap', 'stochastic', 'atr']
2025-07-04 10:46:56,872 - INFO - [QTUM/USDT] Calculated indicators for 15m: ['timestamp', 'open', 'high', 'low', 'close', 'volume', 'ma20', 'ma50', 'ma200', 'ema12', 'ema26', 'macd', 'signal_line', 'rsi', 'adx', 'vwap', 'stochastic', 'atr']
2025-07-04 10:46:57,020 - INFO - [ADA/USDT] Calculated indicators for 15m: ['timestamp', 'open', 'high', 'low', 'close', 'volume', 'ma20', 'ma50', 'ma200', 'ema12', 'ema26', 'macd', 'signal_line', 'rsi', 'adx', 'vwap', 'stochastic', 'atr']
2025-07-04 10:47:05,389 - INFO - DataFrame validated successfully
2025-07-04 10:47:05,389 - INFO - [IOTA/USDT] Fetched 50 candles for 1h
2025-07-04 10:47:05,404 - INFO - DataFrame validated successfully
2025-07-04 10:47:05,404 - INFO - [XLM/USDT] Fetched 50 candles for 1h
2025-07-04 10:47:05,412 - INFO - DataFrame validated successfully
2025-07-04 10:47:05,412 - INFO - [XRP/USDT] Fetched 50 candles for 1h
2025-07-04 10:47:05,421 - INFO - DataFrame validated successfully
2025-07-04 10:47:05,422 - INFO - [QTUM/USDT] Fetched 50 candles for 1h
2025-07-04 10:47:05,434 - INFO - DataFrame validated successfully
2025-07-04 10:47:05,434 - INFO - [ADA/USDT] Fetched 50 candles for 1h
2025-07-04 10:47:05,755 - INFO - [IOTA/USDT] Calculated indicators for 1h: ['timestamp', 'open', 'high', 'low', 'close', 'volume', 'ma20', 'ma50', 'ma200', 'ema12', 'ema26', 'macd', 'signal_line', 'rsi', 'adx', 'vwap', 'stochastic', 'atr']
2025-07-04 10:47:05,903 - INFO - [XLM/USDT] Calculated indicators for 1h: ['timestamp', 'open', 'high', 'low', 'close', 'volume', 'ma20', 'ma50', 'ma200', 'ema12', 'ema26', 'macd', 'signal_line', 'rsi', 'adx', 'vwap', 'stochastic', 'atr']
2025-07-04 10:47:06,082 - INFO - [XRP/USDT] Calculated indicators for 1h: ['timestamp', 'open', 'high', 'low', 'close', 'volume', 'ma20', 'ma50', 'ma200', 'ema12', 'ema26', 'macd', 'signal_line', 'rsi', 'adx', 'vwap', 'stochastic', 'atr']
2025-07-04 10:47:06,161 - INFO - [QTUM/USDT] Calculated indicators for 1h: ['timestamp', 'open', 'high', 'low', 'close', 'volume', 'ma20', 'ma50', 'ma200', 'ema12', 'ema26', 'macd', 'signal_line', 'rsi', 'adx', 'vwap', 'stochastic', 'atr']
2025-07-04 10:47:06,262 - INFO - [ADA/USDT] Calculated indicators for 1h: ['timestamp', 'open', 'high', 'low', 'close', 'volume', 'ma20', 'ma50', 'ma200', 'ema12', 'ema26', 'macd', 'signal_line', 'rsi', 'adx', 'vwap', 'stochastic', 'atr']
2025-07-04 10:47:19,162 - INFO - Starting bot initialization
2025-07-04 10:47:19,162 - INFO - Initializing Binance exchange
2025-07-04 10:47:19,174 - INFO - Testing Binance API keys
2025-07-04 10:47:21,636 - INFO - API key test successful: BTC/USDT - 108950.78
2025-07-04 10:47:21,636 - INFO - Setting up Telegram bot
2025-07-04 10:47:22,406 - INFO - Telegram bot polling started
2025-07-04 10:47:22,407 - INFO - Attempting to fetch USDT pairs
2025-07-04 10:47:22,407 - INFO - Fetching USDT pairs from Binance
2025-07-04 10:47:22,407 - INFO - Loaded 3746 markets
2025-07-04 10:47:22,562 - INFO - [BTC/USDT] Volume check: 1,159,806,257.91
2025-07-04 10:47:22,817 - INFO - [ETH/USDT] Volume check: 1,192,754,800.68
2025-07-04 10:47:23,073 - INFO - [BNB/USDT] Volume check: 62,671,422.83
2025-07-04 10:47:23,327 - INFO - [NEO/USDT] Volume check: 1,904,096.17
2025-07-04 10:47:23,587 - INFO - [LTC/USDT] Volume check: 44,525,360.07
2025-07-04 10:47:23,833 - INFO - [QTUM/USDT] Volume check: 1,102,917.16
2025-07-04 10:47:24,087 - INFO - [ADA/USDT] Volume check: 58,622,323.89
2025-07-04 10:47:24,335 - INFO - [XRP/USDT] Volume check: 275,738,555.01
2025-07-04 10:47:24,584 - INFO - [TUSD/USDT] Volume check: 137,186.51
2025-07-04 10:47:24,833 - INFO - [IOTA/USDT] Volume check: 1,942,314.30
2025-07-04 10:47:25,076 - INFO - [XLM/USDT] Volume check: 10,336,189.34
2025-07-04 10:47:25,318 - INFO - [ONT/USDT] Volume check: 333,619.53
2025-07-04 10:47:25,570 - INFO - [TRX/USDT] Volume check: 50,657,574.31
2025-07-04 10:47:25,814 - INFO - [ETC/USDT] Volume check: 4,543,287.00
2025-07-04 10:47:26,075 - INFO - [ICX/USDT] Volume check: 601,863.29
2025-07-04 10:47:26,324 - INFO - [VET/USDT] Volume check: 4,096,792.72
2025-07-04 10:47:26,575 - INFO - [USDC/USDT] Volume check: 834,443,973.41
2025-07-04 10:47:26,821 - INFO - [LINK/USDT] Volume check: 41,102,736.90
2025-07-04 10:47:27,076 - INFO - [ONG/USDT] Volume check: 990,443.00
2025-07-04 10:47:27,321 - INFO - [HOT/USDT] Volume check: 1,155,987.95
2025-07-04 10:47:27,576 - INFO - [ZIL/USDT] Volume check: 1,303,284.38
2025-07-04 10:47:27,823 - INFO - [ZRX/USDT] Volume check: 2,926,155.68
2025-07-04 10:47:28,077 - INFO - [FET/USDT] Volume check: 20,738,818.48
2025-07-04 10:47:28,327 - INFO - [BAT/USDT] Volume check: 1,320,909.03
2025-07-04 10:47:28,572 - INFO - [ZEC/USDT] Volume check: 3,340,201.70
2025-07-04 10:47:28,822 - INFO - [IOST/USDT] Volume check: 563,699.58
2025-07-04 10:47:29,066 - INFO - [CELR/USDT] Volume check: 432,059.56
2025-07-04 10:47:29,313 - INFO - [DASH/USDT] Volume check: 1,035,259.05
2025-07-04 10:47:29,557 - INFO - [THETA/USDT] Volume check: 1,879,833.24
2025-07-04 10:47:29,803 - INFO - [ENJ/USDT] Volume check: 1,384,986.41
2025-07-04 10:47:30,057 - INFO - [ATOM/USDT] Volume check: 4,740,199.07
2025-07-04 10:47:30,316 - INFO - [TFUEL/USDT] Volume check: 426,727.06
2025-07-04 10:47:30,564 - INFO - [ONE/USDT] Volume check: 1,047,764.03
2025-07-04 10:47:30,818 - INFO - [ALGO/USDT] Volume check: 5,061,017.83
2025-07-04 10:47:31,064 - INFO - [DOGE/USDT] Volume check: 149,887,218.92
2025-07-04 10:47:31,314 - INFO - [DUSK/USDT] Volume check: 447,051.11
2025-07-04 10:47:31,560 - INFO - [ANKR/USDT] Volume check: 754,851.56
2025-07-04 10:47:31,808 - INFO - [WIN/USDT] Volume check: 565,323.77
2025-07-04 10:47:32,053 - INFO - [COS/USDT] Volume check: 724,316.42
2025-07-04 10:47:32,302 - INFO - [MTL/USDT] Volume check: 297,898.17
2025-07-04 10:47:32,547 - INFO - [DENT/USDT] Volume check: 371,203.14
2025-07-04 10:47:32,793 - INFO - [WAN/USDT] Volume check: 166,019.26
2025-07-04 10:47:33,042 - INFO - [FUN/USDT] Volume check: 42,691,975.82
2025-07-04 10:47:33,312 - INFO - [CVC/USDT] Volume check: 367,463.64
2025-07-04 10:47:33,574 - INFO - [CHZ/USDT] Volume check: 3,661,846.97
2025-07-04 10:47:33,821 - INFO - [BAND/USDT] Volume check: 699,590.14
2025-07-04 10:47:34,074 - INFO - [XTZ/USDT] Volume check: 1,170,229.47
2025-07-04 10:47:34,320 - INFO - [RVN/USDT] Volume check: 1,641,470.69
2025-07-04 10:47:34,566 - INFO - [HBAR/USDT] Volume check: 22,971,427.28
2025-07-04 10:47:34,821 - INFO - [NKN/USDT] Volume check: 1,031,797.33
2025-07-04 10:47:35,069 - INFO - [STX/USDT] Volume check: 4,486,737.54
2025-07-04 10:47:35,316 - INFO - [KAVA/USDT] Volume check: 2,205,846.48
2025-07-04 10:47:35,566 - INFO - [ARPA/USDT] Volume check: 2,457,505.25
2025-07-04 10:47:35,811 - INFO - [IOTX/USDT] Volume check: 1,061,413.44
2025-07-04 10:47:36,055 - INFO - [RLC/USDT] Volume check: 368,327.57
2025-07-04 10:47:36,299 - INFO - [BCH/USDT] Volume check: 26,229,695.02
2025-07-04 10:47:36,544 - INFO - [FTT/USDT] Volume check: 902,584.60
2025-07-04 10:47:36,789 - INFO - [EUR/USDT] Volume check: 36,211,040.35
2025-07-04 10:47:37,032 - INFO - [OGN/USDT] Volume check: 1,053,759.39
2025-07-04 10:47:37,283 - INFO - [LSK/USDT] Volume check: 280,300.76
2025-07-04 10:47:37,531 - INFO - [BNT/USDT] Volume check: 230,313.72
2025-07-04 10:47:37,779 - INFO - [MBL/USDT] Volume check: 1,665,653.10
2025-07-04 10:47:38,026 - INFO - [COTI/USDT] Volume check: 1,015,573.05
2025-07-04 10:47:38,274 - INFO - [DATA/USDT] Volume check: 610,795.70
2025-07-04 10:47:38,526 - INFO - [SOL/USDT] Volume check: 399,216,842.25
2025-07-04 10:47:38,768 - INFO - [CTSI/USDT] Volume check: 249,973.60
2025-07-04 10:47:39,011 - INFO - [HIVE/USDT] Volume check: 1,115,174.65
2025-07-04 10:47:39,259 - INFO - [CHR/USDT] Volume check: 892,009.95
2025-07-04 10:47:39,509 - INFO - [ARDR/USDT] Volume check: 281,325.30
2025-07-04 10:47:39,758 - INFO - [MDT/USDT] Volume check: 657,376.01
2025-07-04 10:47:40,006 - INFO - [KNC/USDT] Volume check: 347,558.91
2025-07-04 10:47:40,260 - INFO - [LRC/USDT] Volume check: 1,691,339.20
2025-07-04 10:47:40,512 - INFO - [COMP/USDT] Volume check: 5,970,120.72
2025-07-04 10:47:40,757 - INFO - [SC/USDT] Volume check: 311,457.59
2025-07-04 10:47:41,005 - INFO - [ZEN/USDT] Volume check: 2,593,268.62
2025-07-04 10:47:41,251 - INFO - [SNX/USDT] Volume check: 703,985.57
2025-07-04 10:47:41,499 - INFO - [VTHO/USDT] Volume check: 546,947.08
2025-07-04 10:47:41,743 - INFO - [DGB/USDT] Volume check: 381,412.12
2025-07-04 10:47:41,985 - INFO - [SXP/USDT] Volume check: 2,419,965.38
2025-07-04 10:47:42,234 - INFO - [MKR/USDT] Volume check: 5,316,708.69
2025-07-04 10:47:42,484 - INFO - [DCR/USDT] Volume check: 431,009.92
2025-07-04 10:47:42,728 - INFO - [STORJ/USDT] Volume check: 730,574.15
2025-07-04 10:47:42,989 - INFO - [MANA/USDT] Volume check: 2,177,025.87
2025-07-04 10:47:43,237 - INFO - [YFI/USDT] Volume check: 1,615,346.20
2025-07-04 10:47:43,488 - INFO - [JST/USDT] Volume check: 1,271,740.94
2025-07-04 10:47:43,739 - INFO - [CRV/USDT] Volume check: 13,591,889.27
2025-07-04 10:47:43,985 - INFO - [SAND/USDT] Volume check: 2,379,102.05
2025-07-04 10:47:44,238 - INFO - [NMR/USDT] Volume check: 1,112,954.26
2025-07-04 10:47:44,494 - INFO - [DOT/USDT] Volume check: 19,068,103.66
2025-07-04 10:47:44,740 - INFO - [LUNA/USDT] Volume check: 1,581,507.70
2025-07-04 10:47:44,988 - INFO - [RSR/USDT] Volume check: 3,595,973.21
2025-07-04 10:47:45,242 - INFO - [PAXG/USDT] Volume check: 8,980,707.44
2025-07-04 10:47:45,487 - INFO - [TRB/USDT] Volume check: 4,164,630.50
2025-07-04 10:47:45,733 - INFO - [SUSHI/USDT] Volume check: 2,485,660.25
2025-07-04 10:47:45,987 - INFO - [KSM/USDT] Volume check: 1,031,270.14
2025-07-04 10:47:46,239 - INFO - [EGLD/USDT] Volume check: 1,004,478.78
2025-07-04 10:47:46,493 - INFO - [DIA/USDT] Volume check: 424,469.70
2025-07-04 10:47:46,742 - INFO - [RUNE/USDT] Volume check: 10,872,145.80
2025-07-04 10:47:46,996 - INFO - [FIO/USDT] Volume check: 526,527.64
2025-07-04 10:47:47,245 - INFO - [UMA/USDT] Volume check: 519,733.91
2025-07-04 10:47:47,492 - INFO - [BEL/USDT] Volume check: 2,875,982.30
2025-07-04 10:47:47,741 - INFO - [UNI/USDT] Volume check: 75,049,662.90
2025-07-04 10:47:47,992 - INFO - [OXT/USDT] Volume check: 257,199.89
2025-07-04 10:47:48,238 - INFO - [SUN/USDT] Volume check: 440,373.10
2025-07-04 10:47:48,491 - INFO - [AVAX/USDT] Volume check: 43,060,112.74
2025-07-04 10:47:48,746 - INFO - [FLM/USDT] Volume check: 995,920.04
2025-07-04 10:47:48,993 - INFO - [UTK/USDT] Volume check: 393,716.36
2025-07-04 10:47:49,240 - INFO - [XVS/USDT] Volume check: 453,258.76
2025-07-04 10:47:49,485 - INFO - [AAVE/USDT] Volume check: 49,592,578.61
2025-07-04 10:47:49,739 - INFO - [NEAR/USDT] Volume check: 28,559,531.62
2025-07-04 10:47:49,990 - INFO - [FIL/USDT] Volume check: 11,964,884.12
2025-07-04 10:47:50,245 - INFO - [INJ/USDT] Volume check: 11,569,452.88
2025-07-04 10:47:50,490 - INFO - [AUDIO/USDT] Volume check: 676,482.72
2025-07-04 10:47:50,740 - INFO - [CTK/USDT] Volume check: 1,813,749.54
2025-07-04 10:47:50,987 - INFO - [AXS/USDT] Volume check: 3,714,882.00
2025-07-04 10:47:51,241 - INFO - [STRAX/USDT] Volume check: 6,614,555.93
2025-07-04 10:47:51,488 - INFO - [ROSE/USDT] Volume check: 2,013,391.32
2025-07-04 10:47:51,732 - INFO - [AVA/USDT] Volume check: 554,734.78
2025-07-04 10:47:51,983 - INFO - [SKL/USDT] Volume check: 674,716.73
2025-07-04 10:47:52,228 - INFO - [GRT/USDT] Volume check: 2,472,399.57
2025-07-04 10:47:52,472 - INFO - [JUV/USDT] Volume check: 812,595.70
2025-07-04 10:47:52,721 - INFO - [PSG/USDT] Volume check: 387,661.23
2025-07-04 10:47:52,966 - INFO - [1INCH/USDT] Volume check: 2,021,091.28
2025-07-04 10:47:53,232 - INFO - [OG/USDT] Volume check: 754,148.46
2025-07-04 10:47:53,480 - INFO - [ATM/USDT] Volume check: 245,453.92
2025-07-04 10:47:53,723 - INFO - [ASR/USDT] Volume check: 449,034.78
2025-07-04 10:47:53,968 - INFO - [CELO/USDT] Volume check: 1,731,468.36
2025-07-04 10:47:54,220 - INFO - [RIF/USDT] Volume check: 232,236.58
2025-07-04 10:47:54,463 - INFO - [TRU/USDT] Volume check: 826,301.61
2025-07-04 10:47:54,706 - INFO - [CKB/USDT] Volume check: 977,320.21
2025-07-04 10:47:54,949 - INFO - [TWT/USDT] Volume check: 447,118.97
2025-07-04 10:47:55,203 - INFO - [SFP/USDT] Volume check: 310,698.96
2025-07-04 10:47:55,449 - INFO - [DODO/USDT] Volume check: 503,679.03
2025-07-04 10:47:55,696 - INFO - [CAKE/USDT] Volume check: 9,071,734.75
2025-07-04 10:47:55,942 - INFO - [ACM/USDT] Volume check: 555,396.19
2025-07-04 10:47:56,214 - INFO - [FIS/USDT] Volume check: 920,334.12
2025-07-04 10:47:56,462 - INFO - [OM/USDT] Volume check: 6,061,059.63
2025-07-04 10:47:56,718 - INFO - [POND/USDT] Volume check: 376,679.24
2025-07-04 10:47:56,971 - INFO - [DEGO/USDT] Volume check: 627,434.25
2025-07-04 10:47:57,216 - INFO - [ALICE/USDT] Volume check: 970,338.30
2025-07-04 10:47:57,460 - INFO - [PERP/USDT] Volume check: 856,357.71
2025-07-04 10:47:57,713 - INFO - [SUPER/USDT] Volume check: 2,271,639.35
2025-07-04 10:47:57,964 - INFO - [CFX/USDT] Volume check: 3,521,420.11
2025-07-04 10:47:58,211 - INFO - [TKO/USDT] Volume check: 444,389.10
2025-07-04 10:47:58,465 - INFO - [PUNDIX/USDT] Volume check: 660,548.88
2025-07-04 10:47:58,710 - INFO - [TLM/USDT] Volume check: 636,637.14
2025-07-04 10:47:58,955 - INFO - [BAR/USDT] Volume check: 456,599.11
2025-07-04 10:47:59,198 - INFO - [FORTH/USDT] Volume check: 432,130.62
2025-07-04 10:47:59,444 - INFO - [BAKE/USDT] Volume check: 1,104,491.23
2025-07-04 10:47:59,699 - INFO - [SLP/USDT] Volume check: 398,577.68
2025-07-04 10:47:59,944 - INFO - [SHIB/USDT] Volume check: 13,882,986.46
2025-07-04 10:48:00,195 - INFO - [ICP/USDT] Volume check: 7,273,183.67
2025-07-04 10:48:00,444 - INFO - [AR/USDT] Volume check: 3,199,776.25
2025-07-04 10:48:00,692 - INFO - [MASK/USDT] Volume check: 2,797,081.21
2025-07-04 10:48:00,932 - INFO - [LPT/USDT] Volume check: 3,752,585.36
2025-07-04 10:48:01,176 - INFO - [XVG/USDT] Volume check: 676,324.57
2025-07-04 10:48:01,431 - INFO - [ATA/USDT] Volume check: 1,991,391.47
2025-07-04 10:48:01,676 - INFO - [GTC/USDT] Volume check: 170,329.98
2025-07-04 10:48:01,924 - INFO - [PHA/USDT] Volume check: 768,414.08
2025-07-04 10:48:02,173 - INFO - [MLN/USDT] Volume check: 454,021.28
2025-07-04 10:48:02,423 - INFO - [DEXE/USDT] Volume check: 1,193,962.23
2025-07-04 10:48:02,671 - INFO - [C98/USDT] Volume check: 654,415.68
2025-07-04 10:48:02,913 - INFO - [QNT/USDT] Volume check: 1,957,710.62
2025-07-04 10:48:03,159 - INFO - [FLOW/USDT] Volume check: 1,056,324.62
2025-07-04 10:48:03,403 - INFO - [MINA/USDT] Volume check: 1,555,107.89
2025-07-04 10:48:03,656 - INFO - [RAY/USDT] Volume check: 7,023,238.96
2025-07-04 10:48:03,901 - INFO - [FARM/USDT] Volume check: 329,027.11
2025-07-04 10:48:04,148 - INFO - [QUICK/USDT] Volume check: 613,618.66
2025-07-04 10:48:04,397 - INFO - [MBOX/USDT] Volume check: 1,560,462.80
2025-07-04 10:48:04,650 - INFO - [REQ/USDT] Volume check: 214,828.30
2025-07-04 10:48:04,894 - INFO - [GHST/USDT] Volume check: 266,606.33
2025-07-04 10:48:05,154 - INFO - [WAXP/USDT] Volume check: 371,051.26
2025-07-04 10:48:05,402 - INFO - [GNO/USDT] Volume check: 349,354.26
2025-07-04 10:48:05,653 - INFO - [XEC/USDT] Volume check: 300,335.80
2025-07-04 10:48:05,903 - INFO - [DYDX/USDT] Volume check: 4,458,847.13
2025-07-04 10:48:06,157 - INFO - [IDEX/USDT] Volume check: 524,299.92
2025-07-04 10:48:06,399 - INFO - [USDP/USDT] Volume check: 1,579,239.27
2025-07-04 10:48:06,643 - INFO - [GALA/USDT] Volume check: 10,010,443.72
2025-07-04 10:48:06,902 - INFO - [ILV/USDT] Volume check: 913,584.28
2025-07-04 10:48:07,150 - INFO - [YGG/USDT] Volume check: 1,803,837.98
2025-07-04 10:48:07,398 - INFO - [SYS/USDT] Volume check: 340,155.77
2025-07-04 10:48:07,648 - INFO - [DF/USDT] Volume check: 456,864.80
2025-07-04 10:48:07,894 - INFO - [FIDA/USDT] Volume check: 3,725,353.81
2025-07-04 10:48:08,152 - INFO - [AGLD/USDT] Volume check: 1,431,981.71
2025-07-04 10:48:08,402 - INFO - [RAD/USDT] Volume check: 336,008.50
2025-07-04 10:48:08,647 - INFO - [RARE/USDT] Volume check: 1,394,617.02
2025-07-04 10:48:08,893 - INFO - [LAZIO/USDT] Volume check: 627,758.64
2025-07-04 10:48:09,140 - INFO - [CHESS/USDT] Volume check: 6,679,312.96
2025-07-04 10:48:09,386 - INFO - [ADX/USDT] Volume check: 635,686.65
2025-07-04 10:48:09,631 - INFO - [AUCTION/USDT] Volume check: 1,264,281.16
2025-07-04 10:48:09,883 - INFO - [MOVR/USDT] Volume check: 414,489.21
2025-07-04 10:48:10,133 - INFO - [CITY/USDT] Volume check: 745,841.71
2025-07-04 10:48:10,390 - INFO - [ENS/USDT] Volume check: 4,503,745.86
2025-07-04 10:48:10,638 - INFO - [QI/USDT] Volume check: 412,559.47
2025-07-04 10:48:10,893 - INFO - [PORTO/USDT] Volume check: 299,265.63
2025-07-04 10:48:11,139 - INFO - [POWR/USDT] Volume check: 203,552.44
2025-07-04 10:48:11,385 - INFO - [JASMY/USDT] Volume check: 4,657,914.84
2025-07-04 10:48:11,634 - INFO - [AMP/USDT] Volume check: 5,167,221.51
2025-07-04 10:48:11,882 - INFO - [PYR/USDT] Volume check: 1,222,111.15
2025-07-04 10:48:12,126 - INFO - [ALCX/USDT] Volume check: 357,906.63
2025-07-04 10:48:12,368 - INFO - [SANTOS/USDT] Volume check: 1,144,754.29
2025-07-04 10:48:12,623 - INFO - [BICO/USDT] Volume check: 580,324.88
2025-07-04 10:48:12,876 - INFO - [FLUX/USDT] Volume check: 1,706,325.32
2025-07-04 10:48:13,128 - INFO - [FXS/USDT] Volume check: 685,623.16
2025-07-04 10:48:13,371 - INFO - [VOXEL/USDT] Volume check: 4,416,235.78
2025-07-04 10:48:13,617 - INFO - [HIGH/USDT] Volume check: 665,752.45
2025-07-04 10:48:13,872 - INFO - [CVX/USDT] Volume check: 722,405.63
2025-07-04 10:48:14,120 - INFO - [PEOPLE/USDT] Volume check: 5,652,521.73
2025-07-04 10:48:14,365 - INFO - [SPELL/USDT] Volume check: 693,205.78
2025-07-04 10:48:14,609 - INFO - [JOE/USDT] Volume check: 429,405.55
2025-07-04 10:48:14,855 - INFO - [ACH/USDT] Volume check: 2,643,764.14
2025-07-04 10:48:15,101 - INFO - [IMX/USDT] Volume check: 2,217,079.28
2025-07-04 10:48:15,348 - INFO - [GLMR/USDT] Volume check: 469,065.73
2025-07-04 10:48:15,592 - INFO - [LOKA/USDT] Volume check: 9,107,096.64
2025-07-04 10:48:15,842 - INFO - [SCRT/USDT] Volume check: 217,302.77
2025-07-04 10:48:16,095 - INFO - [API3/USDT] Volume check: 1,380,446.40
2025-07-04 10:48:16,351 - INFO - [BTTC/USDT] Volume check: 711,564.43
2025-07-04 10:48:16,603 - INFO - [ACA/USDT] Volume check: 659,353.64
2025-07-04 10:48:16,847 - INFO - [XNO/USDT] Volume check: 187,310.60
2025-07-04 10:48:17,095 - INFO - [WOO/USDT] Volume check: 721,828.40
2025-07-04 10:48:17,348 - INFO - [ALPINE/USDT] Volume check: 318,308.88
2025-07-04 10:48:17,591 - INFO - [T/USDT] Volume check: 1,095,410.58
2025-07-04 10:48:17,836 - INFO - [ASTR/USDT] Volume check: 1,610,529.36
2025-07-04 10:48:18,080 - INFO - [GMT/USDT] Volume check: 2,828,655.99
2025-07-04 10:48:18,329 - INFO - [KDA/USDT] Volume check: 1,070,691.62
2025-07-04 10:48:18,577 - INFO - [APE/USDT] Volume check: 1,418,318.36
2025-07-04 10:48:18,831 - INFO - [BIFI/USDT] Volume check: 489,701.48
2025-07-04 10:48:19,077 - INFO - [STEEM/USDT] Volume check: 544,385.48
2025-07-04 10:48:19,321 - INFO - [NEXO/USDT] Volume check: 1,269,998.99
2025-07-04 10:48:19,573 - INFO - [REI/USDT] Volume check: 504,303.60
2025-07-04 10:48:19,817 - INFO - [LDO/USDT] Volume check: 9,268,119.95
2025-07-04 10:48:20,060 - INFO - [OP/USDT] Volume check: 10,550,347.25
2025-07-04 10:48:20,303 - INFO - [STG/USDT] Volume check: 547,289.22
2025-07-04 10:48:20,546 - INFO - [LUNC/USDT] Volume check: 1,322,315.29
2025-07-04 10:48:20,791 - INFO - [GMX/USDT] Volume check: 943,808.93
2025-07-04 10:48:21,038 - INFO - [POLYX/USDT] Volume check: 752,422.02
2025-07-04 10:48:21,293 - INFO - [APT/USDT] Volume check: 25,164,051.72
2025-07-04 10:48:21,544 - INFO - [OSMO/USDT] Volume check: 448,267.61
2025-07-04 10:48:21,791 - INFO - [HFT/USDT] Volume check: 13,272,210.54
2025-07-04 10:48:22,045 - INFO - [PHB/USDT] Volume check: 565,336.23
2025-07-04 10:48:22,301 - INFO - [HOOK/USDT] Volume check: 8,496,171.33
2025-07-04 10:48:22,555 - INFO - [MAGIC/USDT] Volume check: 977,536.12
2025-07-04 10:48:22,794 - INFO - [HIFI/USDT] Volume check: 7,450,819.61
2025-07-04 10:48:23,045 - INFO - [RPL/USDT] Volume check: 1,163,539.29
2025-07-04 10:48:23,308 - INFO - [GNS/USDT] Volume check: 773,967.12
2025-07-04 10:48:23,553 - INFO - [SYN/USDT] Volume check: 668,651.33
2025-07-04 10:48:23,807 - INFO - [SSV/USDT] Volume check: 2,544,757.32
2025-07-04 10:48:24,064 - INFO - [LQTY/USDT] Volume check: 2,008,649.83
2025-07-04 10:48:24,313 - INFO - [USTC/USDT] Volume check: 965,264.70
2025-07-04 10:48:24,560 - INFO - [GAS/USDT] Volume check: 1,050,226.05
2025-07-04 10:48:24,811 - INFO - [GLM/USDT] Volume check: 2,165,219.76
2025-07-04 10:48:25,073 - INFO - [PROM/USDT] Volume check: 2,895,090.55
2025-07-04 10:48:25,324 - INFO - [QKC/USDT] Volume check: 1,154,478.73
2025-07-04 10:48:25,573 - INFO - [ID/USDT] Volume check: 992,058.62
2025-07-04 10:48:25,832 - INFO - [ARB/USDT] Volume check: 27,032,612.87
2025-07-04 10:48:26,083 - INFO - [RDNT/USDT] Volume check: 593,913.41
2025-07-04 10:48:26,332 - INFO - [WBTC/USDT] Volume check: 13,428,466.24
2025-07-04 10:48:26,580 - INFO - [EDU/USDT] Volume check: 343,524.95
2025-07-04 10:48:26,846 - INFO - [SUI/USDT] Volume check: 124,763,749.08
2025-07-04 10:48:27,091 - INFO - [PEPE/USDT] Volume check: 191,549,818.65
2025-07-04 10:48:27,335 - INFO - [FLOKI/USDT] Volume check: 18,420,077.02
2025-07-04 10:48:27,580 - INFO - [MAV/USDT] Volume check: 5,569,505.65
2025-07-04 10:48:27,832 - INFO - [PENDLE/USDT] Volume check: 7,434,441.40
2025-07-04 10:48:28,078 - INFO - [ARKM/USDT] Volume check: 4,048,618.73
2025-07-04 10:48:28,323 - INFO - [WBETH/USDT] Volume check: 995,094.89
2025-07-04 10:48:28,574 - INFO - [WLD/USDT] Volume check: 23,566,916.56
2025-07-04 10:48:28,818 - INFO - [FDUSD/USDT] Volume check: 284,233,717.81
2025-07-04 10:48:29,070 - INFO - [SEI/USDT] Volume check: 41,684,519.01
2025-07-04 10:48:29,311 - INFO - [CYBER/USDT] Volume check: 857,232.29
2025-07-04 10:48:29,572 - INFO - [ARK/USDT] Volume check: 3,068,538.71
2025-07-04 10:48:29,815 - INFO - [IQ/USDT] Volume check: 362,401.28
2025-07-04 10:48:30,061 - INFO - [NTRN/USDT] Volume check: 232,487.02
2025-07-04 10:48:30,307 - INFO - [TIA/USDT] Volume check: 18,759,286.88
2025-07-04 10:48:30,561 - INFO - [MEME/USDT] Volume check: 2,866,010.41
2025-07-04 10:48:30,807 - INFO - [ORDI/USDT] Volume check: 7,572,435.55
2025-07-04 10:48:31,050 - INFO - [BEAMX/USDT] Volume check: 11,729,249.14
2025-07-04 10:48:31,302 - INFO - [PIVX/USDT] Volume check: 267,142.66
2025-07-04 10:48:31,554 - INFO - [VIC/USDT] Volume check: 232,707.21
2025-07-04 10:48:31,797 - INFO - [BLUR/USDT] Volume check: 1,527,972.06
2025-07-04 10:48:32,042 - INFO - [VANRY/USDT] Volume check: 1,464,351.29
2025-07-04 10:48:32,293 - INFO - [AEUR/USDT] Volume check: 30,954.72
2025-07-04 10:48:32,539 - INFO - [JTO/USDT] Volume check: 2,980,812.87
2025-07-04 10:48:32,787 - INFO - [1000SATS/USDT] Volume check: 4,036,718.33
2025-07-04 10:48:33,028 - INFO - [BONK/USDT] Volume check: 39,447,721.91
2025-07-04 10:48:33,275 - INFO - [ACE/USDT] Volume check: 1,242,928.68
2025-07-04 10:48:33,519 - INFO - [NFP/USDT] Volume check: 718,483.11
2025-07-04 10:48:33,769 - INFO - [AI/USDT] Volume check: 1,259,262.13
2025-07-04 10:48:34,019 - INFO - [XAI/USDT] Volume check: 2,841,011.73
2025-07-04 10:48:34,271 - INFO - [MANTA/USDT] Volume check: 2,516,086.53
2025-07-04 10:48:34,518 - INFO - [ALT/USDT] Volume check: 2,360,716.90
2025-07-04 10:48:34,773 - INFO - [JUP/USDT] Volume check: 8,094,250.75
2025-07-04 10:48:35,016 - INFO - [PYTH/USDT] Volume check: 2,918,191.41
2025-07-04 10:48:35,264 - INFO - [RONIN/USDT] Volume check: 16,888,253.52
2025-07-04 10:48:35,894 - INFO - [DYM/USDT] Volume check: 1,342,362.56
2025-07-04 10:48:36,146 - INFO - [PIXEL/USDT] Volume check: 6,479,641.51
2025-07-04 10:48:36,390 - INFO - [STRK/USDT] Volume check: 2,323,878.25
2025-07-04 10:48:36,655 - INFO - [PORTAL/USDT] Volume check: 20,479,679.88
2025-07-04 10:48:36,909 - INFO - [AXL/USDT] Volume check: 1,242,369.38
2025-07-04 10:48:37,164 - INFO - [WIF/USDT] Volume check: 66,255,958.24
2025-07-04 10:48:37,417 - INFO - [METIS/USDT] Volume check: 1,876,501.40
2025-07-04 10:48:37,660 - INFO - [AEVO/USDT] Volume check: 863,496.46
2025-07-04 10:48:37,906 - INFO - [BOME/USDT] Volume check: 5,731,151.76
2025-07-04 10:48:38,161 - INFO - [ETHFI/USDT] Volume check: 18,833,654.28
2025-07-04 10:48:38,403 - INFO - [ENA/USDT] Volume check: 40,932,815.11
2025-07-04 10:48:38,649 - INFO - [W/USDT] Volume check: 4,104,406.84
2025-07-04 10:48:38,899 - INFO - [TNSR/USDT] Volume check: 3,915,809.52
2025-07-04 10:48:39,154 - INFO - [SAGA/USDT] Volume check: 2,728,715.97
2025-07-04 10:48:39,416 - INFO - [TAO/USDT] Volume check: 19,132,011.59
2025-07-04 10:48:39,661 - INFO - [OMNI/USDT] Volume check: 2,319,351.45
2025-07-04 10:48:39,914 - INFO - [REZ/USDT] Volume check: 1,440,063.43
2025-07-04 10:48:40,161 - INFO - [BB/USDT] Volume check: 1,684,977.78
2025-07-04 10:48:40,421 - INFO - [NOT/USDT] Volume check: 1,811,533.92
2025-07-04 10:48:40,669 - INFO - [IO/USDT] Volume check: 3,879,836.24
2025-07-04 10:48:40,915 - INFO - [ZK/USDT] Volume check: 5,454,811.48
2025-07-04 10:48:41,166 - INFO - [LISTA/USDT] Volume check: 2,793,711.27
2025-07-04 10:48:41,423 - INFO - [ZRO/USDT] Volume check: 4,216,830.37
2025-07-04 10:48:41,672 - INFO - [G/USDT] Volume check: 2,432,175.50
2025-07-04 10:48:41,927 - INFO - [BANANA/USDT] Volume check: 1,989,540.03
2025-07-04 10:48:42,172 - INFO - [RENDER/USDT] Volume check: 10,016,859.68
2025-07-04 10:48:42,422 - INFO - [TON/USDT] Volume check: 15,518,425.60
2025-07-04 10:48:42,668 - INFO - [DOGS/USDT] Volume check: 1,855,768.43
2025-07-04 10:48:42,931 - INFO - [EURI/USDT] Volume check: 4,539,131.67
2025-07-04 10:48:43,179 - INFO - [SLF/USDT] Volume check: 1,076,141.28
2025-07-04 10:48:43,428 - INFO - [POL/USDT] Volume check: 5,881,648.62
2025-07-04 10:48:43,677 - INFO - [NEIRO/USDT] Volume check: 60,038,981.66
2025-07-04 10:48:43,935 - INFO - [TURBO/USDT] Volume check: 4,165,276.21
2025-07-04 10:48:44,183 - INFO - [1MBABYDOGE/USDT] Volume check: 3,014,058.18
2025-07-04 10:48:44,434 - INFO - [CATI/USDT] Volume check: 795,347.58
2025-07-04 10:48:44,678 - INFO - [HMSTR/USDT] Volume check: 1,299,924.01
2025-07-04 10:48:44,933 - INFO - [EIGEN/USDT] Volume check: 10,441,107.68
2025-07-04 10:48:45,181 - INFO - [SCR/USDT] Volume check: 2,541,463.63
2025-07-04 10:48:45,428 - INFO - [BNSOL/USDT] Volume check: 1,270,924.19
2025-07-04 10:48:45,678 - INFO - [LUMIA/USDT] Volume check: 1,061,597.72
2025-07-04 10:48:45,928 - INFO - [KAIA/USDT] Volume check: 4,175,988.38
2025-07-04 10:48:46,181 - INFO - [COW/USDT] Volume check: 12,212,978.73
2025-07-04 10:48:46,435 - INFO - [CETUS/USDT] Volume check: 1,688,882.47
2025-07-04 10:48:46,686 - INFO - [PNUT/USDT] Volume check: 34,021,046.60
2025-07-04 10:48:46,932 - INFO - [ACT/USDT] Volume check: 2,056,732.19
2025-07-04 10:48:47,177 - INFO - [USUAL/USDT] Volume check: 2,871,703.26
2025-07-04 10:48:47,422 - INFO - [THE/USDT] Volume check: 1,663,315.78
2025-07-04 10:48:47,669 - INFO - [ACX/USDT] Volume check: 760,652.12
2025-07-04 10:48:47,913 - INFO - [ORCA/USDT] Volume check: 2,422,648.37
2025-07-04 10:48:48,159 - INFO - [MOVE/USDT] Volume check: 2,232,257.97
2025-07-04 10:48:48,414 - INFO - [ME/USDT] Volume check: 1,046,720.71
2025-07-04 10:48:48,659 - INFO - [VELODROME/USDT] Volume check: 678,288.89
2025-07-04 10:48:48,904 - INFO - [VANA/USDT] Volume check: 2,163,922.93
2025-07-04 10:48:49,146 - INFO - [1000CAT/USDT] Volume check: 1,568,521.07
2025-07-04 10:48:49,395 - INFO - [PENGU/USDT] Volume check: 85,651,193.96
2025-07-04 10:48:49,641 - INFO - [BIO/USDT] Volume check: 1,069,730.33
2025-07-04 10:48:49,886 - INFO - [D/USDT] Volume check: 4,617,128.08
2025-07-04 10:48:50,140 - INFO - [AIXBT/USDT] Volume check: 8,580,597.93
2025-07-04 10:48:50,421 - INFO - [CGPT/USDT] Volume check: 1,497,121.40
2025-07-04 10:48:50,668 - INFO - [COOKIE/USDT] Volume check: 3,465,079.43
2025-07-04 10:48:50,915 - INFO - [S/USDT] Volume check: 14,654,309.58
2025-07-04 10:48:51,160 - INFO - [SOLV/USDT] Volume check: 1,589,097.45
2025-07-04 10:48:51,407 - INFO - [TRUMP/USDT] Volume check: 26,911,611.41
2025-07-04 10:48:51,655 - INFO - [ANIME/USDT] Volume check: 1,453,388.95
2025-07-04 10:48:51,909 - INFO - [BERA/USDT] Volume check: 4,063,244.00
2025-07-04 10:48:52,154 - INFO - [1000CHEEMS/USDT] Volume check: 865,751.89
2025-07-04 10:48:52,398 - INFO - [TST/USDT] Volume check: 794,097.10
2025-07-04 10:48:52,641 - INFO - [LAYER/USDT] Volume check: 1,240,601.47
2025-07-04 10:48:52,894 - INFO - [HEI/USDT] Volume check: 825,083.56
2025-07-04 10:48:53,139 - INFO - [KAITO/USDT] Volume check: 5,539,775.00
2025-07-04 10:48:53,390 - INFO - [SHELL/USDT] Volume check: 600,634.29
2025-07-04 10:48:53,640 - INFO - [RED/USDT] Volume check: 623,895.54
2025-07-04 10:48:53,883 - INFO - [GPS/USDT] Volume check: 1,439,036.76
2025-07-04 10:48:54,128 - INFO - [EPIC/USDT] Volume check: 1,048,641.67
2025-07-04 10:48:54,371 - INFO - [BMT/USDT] Volume check: 2,284,606.08
2025-07-04 10:48:54,614 - INFO - [FORM/USDT] Volume check: 9,549,540.19
2025-07-04 10:48:54,859 - INFO - [XUSD/USDT] Volume check: 8,505,439.18
2025-07-04 10:48:55,106 - INFO - [NIL/USDT] Volume check: 1,153,233.23
2025-07-04 10:48:55,350 - INFO - [PARTI/USDT] Volume check: 5,887,009.71
2025-07-04 10:48:55,605 - INFO - [MUBARAK/USDT] Volume check: 6,223,152.65
2025-07-04 10:48:55,866 - INFO - [TUT/USDT] Volume check: 2,651,420.02
2025-07-04 10:48:56,117 - INFO - [BROCCOLI714/USDT] Volume check: 10,041,439.83
2025-07-04 10:48:56,361 - INFO - [BANANAS31/USDT] Volume check: 12,523,214.51
2025-07-04 10:48:56,618 - INFO - [GUN/USDT] Volume check: 29,059,484.96
2025-07-04 10:48:56,863 - INFO - [BABY/USDT] Volume check: 1,400,431.56
2025-07-04 10:48:57,108 - INFO - [ONDO/USDT] Volume check: 11,868,875.86
2025-07-04 10:48:57,356 - INFO - [BIGTIME/USDT] Volume check: 1,412,274.29
2025-07-04 10:48:57,603 - INFO - [VIRTUAL/USDT] Volume check: 31,093,415.94
2025-07-04 10:48:57,855 - INFO - [KERNEL/USDT] Volume check: 691,940.39
2025-07-04 10:48:58,108 - INFO - [WCT/USDT] Volume check: 2,619,651.46
2025-07-04 10:48:58,360 - INFO - [HYPER/USDT] Volume check: 1,228,597.87
2025-07-04 10:48:58,610 - INFO - [INIT/USDT] Volume check: 7,122,607.57
2025-07-04 10:48:58,857 - INFO - [SIGN/USDT] Volume check: 992,312.12
2025-07-04 10:48:59,108 - INFO - [STO/USDT] Volume check: 931,051.81
2025-07-04 10:48:59,356 - INFO - [SYRUP/USDT] Volume check: 27,872,407.01
2025-07-04 10:48:59,617 - INFO - [KMNO/USDT] Volume check: 824,763.74
2025-07-04 10:48:59,872 - INFO - [SXT/USDT] Volume check: 2,548,895.07
2025-07-04 10:49:00,118 - INFO - [NXPC/USDT] Volume check: 2,663,279.67
2025-07-04 10:49:00,369 - INFO - [AWE/USDT] Volume check: 5,385,935.07
2025-07-04 10:49:00,614 - INFO - [HAEDAL/USDT] Volume check: 2,953,703.84
2025-07-04 10:49:00,858 - INFO - [USD1/USDT] Volume check: 2,189,719.71
2025-07-04 10:49:01,108 - INFO - [HUMA/USDT] Volume check: 10,775,870.19
2025-07-04 10:49:01,359 - INFO - [A/USDT] Volume check: 3,085,777.12
2025-07-04 10:49:01,603 - INFO - [SOPH/USDT] Volume check: 2,815,136.48
2025-07-04 10:49:01,856 - INFO - [RESOLV/USDT] Volume check: 5,988,507.35
2025-07-04 10:49:02,110 - INFO - [HOME/USDT] Volume check: 1,044,169.64
2025-07-04 10:49:02,364 - INFO - [SPK/USDT] Volume check: 7,104,167.71
2025-07-04 10:49:02,619 - INFO - [NEWT/USDT] Volume check: 57,973,360.96
2025-07-04 10:49:02,864 - INFO - [SAHARA/USDT] Volume check: 26,295,026.06
2025-07-04 10:49:02,966 - INFO - Selected top 30 USDT pairs with volume > $500,000: ['ETH/USDT', 'BTC/USDT', 'USDC/USDT', 'SOL/USDT', 'FDUSD/USDT', 'XRP/USDT', 'PEPE/USDT', 'DOGE/USDT', 'SUI/USDT', 'PENGU/USDT', 'UNI/USDT', 'WIF/USDT', 'BNB/USDT', 'NEIRO/USDT', 'ADA/USDT', 'NEWT/USDT', 'TRX/USDT', 'AAVE/USDT', 'LTC/USDT', 'AVAX/USDT', 'FUN/USDT', 'SEI/USDT', 'LINK/USDT', 'ENA/USDT', 'BONK/USDT', 'EUR/USDT', 'PNUT/USDT', 'VIRTUAL/USDT', 'GUN/USDT', 'NEAR/USDT']
2025-07-04 10:49:02,967 - INFO - Starting scan cycle for 30 symbols
2025-07-04 10:49:02,967 - INFO - [ETH/USDT] Scanning for signal
2025-07-04 10:49:03,111 - INFO - [ETH/USDT] Volume check: 1,191,186,260.41
2025-07-04 10:49:03,112 - INFO - [BTC/USDT] Scanning for signal
2025-07-04 10:49:03,258 - INFO - [BTC/USDT] Volume check: 1,159,616,009.62
2025-07-04 10:49:03,258 - INFO - [USDC/USDT] Scanning for signal
2025-07-04 10:49:03,416 - INFO - [USDC/USDT] Volume check: 834,914,082.54
2025-07-04 10:49:03,417 - INFO - [SOL/USDT] Scanning for signal
2025-07-04 10:49:03,563 - INFO - [SOL/USDT] Volume check: 399,016,512.87
2025-07-04 10:49:03,563 - INFO - [FDUSD/USDT] Scanning for signal
2025-07-04 10:49:03,716 - INFO - [FDUSD/USDT] Volume check: 284,216,674.70
2025-07-04 10:49:03,717 - INFO - [XRP/USDT] Scanning for signal
2025-07-04 10:49:03,861 - INFO - [XRP/USDT] Volume check: 275,348,497.55
2025-07-04 10:49:03,862 - INFO - [PEPE/USDT] Scanning for signal
2025-07-04 10:49:04,005 - INFO - [PEPE/USDT] Volume check: 191,499,235.82
2025-07-04 10:49:04,006 - INFO - [DOGE/USDT] Scanning for signal
2025-07-04 10:49:04,154 - INFO - [DOGE/USDT] Volume check: 149,925,567.87
2025-07-04 10:49:04,155 - INFO - [SUI/USDT] Scanning for signal
2025-07-04 10:49:04,301 - INFO - [SUI/USDT] Volume check: 124,753,514.75
2025-07-04 10:49:04,301 - INFO - [PENGU/USDT] Scanning for signal
2025-07-04 10:49:04,445 - INFO - [PENGU/USDT] Volume check: 85,648,892.37
2025-07-04 10:49:04,446 - INFO - [UNI/USDT] Scanning for signal
2025-07-04 10:49:04,601 - INFO - [UNI/USDT] Volume check: 75,016,714.02
2025-07-04 10:49:04,601 - INFO - [WIF/USDT] Scanning for signal
2025-07-04 10:49:04,749 - INFO - [WIF/USDT] Volume check: 66,270,412.07
2025-07-04 10:49:04,750 - INFO - [BNB/USDT] Scanning for signal
2025-07-04 10:49:04,902 - INFO - [BNB/USDT] Volume check: 62,635,963.11
2025-07-04 10:49:04,902 - INFO - [NEIRO/USDT] Scanning for signal
2025-07-04 10:49:05,049 - INFO - [NEIRO/USDT] Volume check: 60,028,577.51
2025-07-04 10:49:05,050 - INFO - [ADA/USDT] Scanning for signal
2025-07-04 10:49:05,205 - INFO - [ADA/USDT] Volume check: 58,568,958.77
2025-07-04 10:49:05,206 - INFO - [NEWT/USDT] Scanning for signal
2025-07-04 10:49:05,350 - INFO - [NEWT/USDT] Volume check: 57,971,410.56
2025-07-04 10:49:05,351 - INFO - [TRX/USDT] Scanning for signal
2025-07-04 10:49:05,507 - INFO - [TRX/USDT] Volume check: 50,666,481.27
2025-07-04 10:49:05,508 - INFO - [AAVE/USDT] Scanning for signal
2025-07-04 10:49:05,651 - INFO - [AAVE/USDT] Volume check: 49,552,915.13
2025-07-04 10:49:05,652 - INFO - [LTC/USDT] Scanning for signal
2025-07-04 10:49:05,802 - INFO - [LTC/USDT] Volume check: 44,506,587.25
2025-07-04 10:49:05,802 - INFO - [AVAX/USDT] Scanning for signal
2025-07-04 10:49:05,956 - INFO - [AVAX/USDT] Volume check: 43,054,385.00
2025-07-04 10:49:05,957 - INFO - [FUN/USDT] Scanning for signal
2025-07-04 10:49:06,105 - INFO - [FUN/USDT] Volume check: 42,680,306.70
2025-07-04 10:49:06,105 - INFO - [SEI/USDT] Scanning for signal
2025-07-04 10:49:06,267 - INFO - [SEI/USDT] Volume check: 41,647,174.51
2025-07-04 10:49:06,267 - INFO - [LINK/USDT] Scanning for signal
2025-07-04 10:49:06,416 - INFO - [LINK/USDT] Volume check: 41,077,900.40
2025-07-04 10:49:06,416 - INFO - [ENA/USDT] Scanning for signal
2025-07-04 10:49:06,570 - INFO - [ENA/USDT] Volume check: 40,934,325.93
2025-07-04 10:49:06,571 - INFO - [BONK/USDT] Scanning for signal
2025-07-04 10:49:06,717 - INFO - [BONK/USDT] Volume check: 39,435,043.09
2025-07-04 10:49:06,718 - INFO - [EUR/USDT] Scanning for signal
2025-07-04 10:49:06,866 - INFO - [EUR/USDT] Volume check: 36,242,529.40
2025-07-04 10:49:06,867 - INFO - [PNUT/USDT] Scanning for signal
2025-07-04 10:49:07,019 - INFO - [PNUT/USDT] Volume check: 34,019,761.51
2025-07-04 10:49:07,019 - INFO - [VIRTUAL/USDT] Scanning for signal
2025-07-04 10:49:07,164 - INFO - [VIRTUAL/USDT] Volume check: 31,086,637.50
2025-07-04 10:49:07,164 - INFO - [GUN/USDT] Scanning for signal
2025-07-04 10:49:07,312 - INFO - [GUN/USDT] Volume check: 29,061,759.16
2025-07-04 10:49:07,313 - INFO - [NEAR/USDT] Scanning for signal
2025-07-04 10:49:07,462 - INFO - [NEAR/USDT] Volume check: 28,553,622.73
2025-07-04 10:49:21,816 - INFO - DataFrame validated successfully
2025-07-04 10:49:21,817 - INFO - [BTC/USDT] Fetched 50 candles for 15m
2025-07-04 10:49:21,820 - INFO - DataFrame validated successfully
2025-07-04 10:49:21,820 - INFO - [SOL/USDT] Fetched 50 candles for 15m
2025-07-04 10:49:21,823 - INFO - DataFrame validated successfully
2025-07-04 10:49:21,824 - INFO - [USDC/USDT] Fetched 50 candles for 15m
2025-07-04 10:49:21,826 - INFO - DataFrame validated successfully
2025-07-04 10:49:21,826 - INFO - [ETH/USDT] Fetched 50 candles for 15m
2025-07-04 10:49:22,184 - ERROR - [UNI/USDT] Error fetching OHLCV data: binance GET https://dapi.binance.com/dapi/v1/exchangeInfo
2025-07-04 10:49:22,184 - ERROR - [SUI/USDT] Error fetching OHLCV data: binance GET https://dapi.binance.com/dapi/v1/exchangeInfo
2025-07-04 10:49:22,184 - ERROR - [ADA/USDT] Error fetching OHLCV data: binance GET https://dapi.binance.com/dapi/v1/exchangeInfo
2025-07-04 10:49:22,184 - ERROR - [BNB/USDT] Error fetching OHLCV data: binance GET https://dapi.binance.com/dapi/v1/exchangeInfo
2025-07-04 10:49:22,185 - ERROR - [PENGU/USDT] Error fetching OHLCV data: binance GET https://dapi.binance.com/dapi/v1/exchangeInfo
2025-07-04 10:49:22,185 - ERROR - [NEIRO/USDT] Error fetching OHLCV data: binance GET https://dapi.binance.com/dapi/v1/exchangeInfo
2025-07-04 10:49:22,185 - ERROR - [WIF/USDT] Error fetching OHLCV data: binance GET https://dapi.binance.com/dapi/v1/exchangeInfo
2025-07-04 10:49:22,185 - ERROR - [BONK/USDT] Error fetching OHLCV data: binance GET https://api.binance.com/api/v3/exchangeInfo
2025-07-04 10:49:22,186 - ERROR - [ENA/USDT] Error fetching OHLCV data: binance GET https://fapi.binance.com/fapi/v1/exchangeInfo
2025-07-04 10:49:22,186 - ERROR - [NEWT/USDT] Error fetching OHLCV data: binance GET https://dapi.binance.com/dapi/v1/exchangeInfo
2025-07-04 10:49:22,186 - ERROR - [TRX/USDT] Error fetching OHLCV data: binance GET https://dapi.binance.com/dapi/v1/exchangeInfo
2025-07-04 10:49:22,186 - ERROR - [AAVE/USDT] Error fetching OHLCV data: binance GET https://dapi.binance.com/dapi/v1/exchangeInfo
2025-07-04 10:49:22,186 - ERROR - [LTC/USDT] Error fetching OHLCV data: binance GET https://dapi.binance.com/dapi/v1/exchangeInfo
2025-07-04 10:49:22,186 - ERROR - [AVAX/USDT] Error fetching OHLCV data: binance GET https://dapi.binance.com/dapi/v1/exchangeInfo
2025-07-04 10:49:22,187 - ERROR - [SEI/USDT] Error fetching OHLCV data: binance GET https://dapi.binance.com/dapi/v1/exchangeInfo
2025-07-04 10:49:22,187 - ERROR - [FUN/USDT] Error fetching OHLCV data: binance GET https://dapi.binance.com/dapi/v1/exchangeInfo
2025-07-04 10:49:22,187 - ERROR - [LINK/USDT] Error fetching OHLCV data: binance GET https://dapi.binance.com/dapi/v1/exchangeInfo
2025-07-04 10:49:22,187 - ERROR - [EUR/USDT] Error fetching OHLCV data: binance GET https://api.binance.com/api/v3/exchangeInfo
2025-07-04 10:49:22,634 - INFO - DataFrame validated successfully
2025-07-04 10:49:22,634 - INFO - [XRP/USDT] Fetched 50 candles for 15m
2025-07-04 10:49:22,637 - INFO - DataFrame validated successfully
2025-07-04 10:49:22,637 - INFO - [FDUSD/USDT] Fetched 50 candles for 15m
2025-07-04 10:49:22,640 - INFO - DataFrame validated successfully
2025-07-04 10:49:22,640 - INFO - [PEPE/USDT] Fetched 50 candles for 15m
2025-07-04 10:49:22,644 - INFO - DataFrame validated successfully
2025-07-04 10:49:22,645 - INFO - [DOGE/USDT] Fetched 50 candles for 15m
2025-07-04 10:49:22,646 - ERROR - [PNUT/USDT] Error fetching OHLCV data: binance GET https://api.binance.com/api/v3/exchangeInfo
2025-07-04 10:49:23,004 - INFO - [BTC/USDT] Calculated indicators for 15m: ['timestamp', 'open', 'high', 'low', 'close', 'volume', 'ma20', 'ma50', 'ma200', 'ema12', 'ema26', 'macd', 'signal_line', 'rsi', 'adx', 'vwap', 'stochastic', 'atr']
2025-07-04 10:49:23,075 - INFO - [SOL/USDT] Calculated indicators for 15m: ['timestamp', 'open', 'high', 'low', 'close', 'volume', 'ma20', 'ma50', 'ma200', 'ema12', 'ema26', 'macd', 'signal_line', 'rsi', 'adx', 'vwap', 'stochastic', 'atr']
2025-07-04 10:49:23,139 - INFO - [USDC/USDT] Calculated indicators for 15m: ['timestamp', 'open', 'high', 'low', 'close', 'volume', 'ma20', 'ma50', 'ma200', 'ema12', 'ema26', 'macd', 'signal_line', 'rsi', 'adx', 'vwap', 'stochastic', 'atr']
2025-07-04 10:49:23,201 - INFO - [ETH/USDT] Calculated indicators for 15m: ['timestamp', 'open', 'high', 'low', 'close', 'volume', 'ma20', 'ma50', 'ma200', 'ema12', 'ema26', 'macd', 'signal_line', 'rsi', 'adx', 'vwap', 'stochastic', 'atr']
2025-07-04 10:49:23,214 - WARNING - [BONK/USDT] Insufficient data for 15m
2025-07-04 10:49:23,215 - WARNING - [UNI/USDT] Insufficient data for 15m
2025-07-04 10:49:23,215 - WARNING - [SUI/USDT] Insufficient data for 15m
2025-07-04 10:49:23,215 - WARNING - [ADA/USDT] Insufficient data for 15m
2025-07-04 10:49:23,215 - WARNING - [BNB/USDT] Insufficient data for 15m
2025-07-04 10:49:23,216 - WARNING - [PENGU/USDT] Insufficient data for 15m
2025-07-04 10:49:23,216 - WARNING - [NEIRO/USDT] Insufficient data for 15m
2025-07-04 10:49:23,216 - WARNING - [WIF/USDT] Insufficient data for 15m
2025-07-04 10:49:23,216 - WARNING - [ENA/USDT] Insufficient data for 15m
2025-07-04 10:49:23,217 - WARNING - [NEWT/USDT] Insufficient data for 15m
2025-07-04 10:49:23,218 - WARNING - [TRX/USDT] Insufficient data for 15m
2025-07-04 10:49:23,219 - WARNING - [AAVE/USDT] Insufficient data for 15m
2025-07-04 10:49:23,219 - WARNING - [LTC/USDT] Insufficient data for 15m
2025-07-04 10:49:23,219 - WARNING - [AVAX/USDT] Insufficient data for 15m
2025-07-04 10:49:23,219 - WARNING - [SEI/USDT] Insufficient data for 15m
2025-07-04 10:49:23,219 - WARNING - [FUN/USDT] Insufficient data for 15m
2025-07-04 10:49:23,219 - WARNING - [LINK/USDT] Insufficient data for 15m
2025-07-04 10:49:23,219 - WARNING - [EUR/USDT] Insufficient data for 15m
2025-07-04 10:49:23,301 - INFO - [XRP/USDT] Calculated indicators for 15m: ['timestamp', 'open', 'high', 'low', 'close', 'volume', 'ma20', 'ma50', 'ma200', 'ema12', 'ema26', 'macd', 'signal_line', 'rsi', 'adx', 'vwap', 'stochastic', 'atr']
2025-07-04 10:49:23,388 - INFO - [FDUSD/USDT] Calculated indicators for 15m: ['timestamp', 'open', 'high', 'low', 'close', 'volume', 'ma20', 'ma50', 'ma200', 'ema12', 'ema26', 'macd', 'signal_line', 'rsi', 'adx', 'vwap', 'stochastic', 'atr']
2025-07-04 10:49:23,457 - INFO - [PEPE/USDT] Calculated indicators for 15m: ['timestamp', 'open', 'high', 'low', 'close', 'volume', 'ma20', 'ma50', 'ma200', 'ema12', 'ema26', 'macd', 'signal_line', 'rsi', 'adx', 'vwap', 'stochastic', 'atr']
2025-07-04 10:49:23,541 - INFO - [DOGE/USDT] Calculated indicators for 15m: ['timestamp', 'open', 'high', 'low', 'close', 'volume', 'ma20', 'ma50', 'ma200', 'ema12', 'ema26', 'macd', 'signal_line', 'rsi', 'adx', 'vwap', 'stochastic', 'atr']
2025-07-04 10:49:23,557 - WARNING - [PNUT/USDT] Insufficient data for 15m
2025-07-04 10:49:26,299 - INFO - DataFrame validated successfully
2025-07-04 10:49:26,300 - INFO - [NEAR/USDT] Fetched 50 candles for 15m
2025-07-04 10:49:26,430 - INFO - DataFrame validated successfully
2025-07-04 10:49:26,430 - INFO - [VIRTUAL/USDT] Fetched 50 candles for 15m
2025-07-04 10:49:26,432 - INFO - DataFrame validated successfully
2025-07-04 10:49:26,433 - INFO - [GUN/USDT] Fetched 50 candles for 15m
2025-07-04 10:49:28,553 - INFO - [NEAR/USDT] Calculated indicators for 15m: ['timestamp', 'open', 'high', 'low', 'close', 'volume', 'ma20', 'ma50', 'ma200', 'ema12', 'ema26', 'macd', 'signal_line', 'rsi', 'adx', 'vwap', 'stochastic', 'atr']
2025-07-04 10:49:32,921 - INFO - [VIRTUAL/USDT] Calculated indicators for 15m: ['timestamp', 'open', 'high', 'low', 'close', 'volume', 'ma20', 'ma50', 'ma200', 'ema12', 'ema26', 'macd', 'signal_line', 'rsi', 'adx', 'vwap', 'stochastic', 'atr']
2025-07-04 10:49:32,983 - INFO - [GUN/USDT] Calculated indicators for 15m: ['timestamp', 'open', 'high', 'low', 'close', 'volume', 'ma20', 'ma50', 'ma200', 'ema12', 'ema26', 'macd', 'signal_line', 'rsi', 'adx', 'vwap', 'stochastic', 'atr']
2025-07-04 10:49:35,885 - INFO - DataFrame validated successfully
2025-07-04 10:49:35,885 - INFO - [USDC/USDT] Fetched 50 candles for 1h
2025-07-04 10:49:35,903 - INFO - DataFrame validated successfully
2025-07-04 10:49:35,904 - INFO - [DOGE/USDT] Fetched 50 candles for 1h
2025-07-04 10:49:35,906 - INFO - DataFrame validated successfully
2025-07-04 10:49:35,906 - INFO - [XRP/USDT] Fetched 50 candles for 1h
2025-07-04 10:49:35,911 - INFO - DataFrame validated successfully
2025-07-04 10:49:35,912 - INFO - [BTC/USDT] Fetched 50 candles for 1h
2025-07-04 10:49:35,914 - INFO - DataFrame validated successfully
2025-07-04 10:49:35,914 - INFO - [FDUSD/USDT] Fetched 50 candles for 1h
2025-07-04 10:49:35,934 - INFO - DataFrame validated successfully
2025-07-04 10:49:35,935 - INFO - [PEPE/USDT] Fetched 50 candles for 1h
2025-07-04 10:49:35,937 - INFO - DataFrame validated successfully
2025-07-04 10:49:35,937 - INFO - [ETH/USDT] Fetched 50 candles for 1h
2025-07-04 10:49:35,941 - INFO - DataFrame validated successfully
2025-07-04 10:49:35,942 - INFO - [SOL/USDT] Fetched 50 candles for 1h
2025-07-04 10:49:36,325 - INFO - [USDC/USDT] Calculated indicators for 1h: ['timestamp', 'open', 'high', 'low', 'close', 'volume', 'ma20', 'ma50', 'ma200', 'ema12', 'ema26', 'macd', 'signal_line', 'rsi', 'adx', 'vwap', 'stochastic', 'atr']
2025-07-04 10:49:36,527 - INFO - [DOGE/USDT] Calculated indicators for 1h: ['timestamp', 'open', 'high', 'low', 'close', 'volume', 'ma20', 'ma50', 'ma200', 'ema12', 'ema26', 'macd', 'signal_line', 'rsi', 'adx', 'vwap', 'stochastic', 'atr']
2025-07-04 10:49:36,597 - INFO - [XRP/USDT] Calculated indicators for 1h: ['timestamp', 'open', 'high', 'low', 'close', 'volume', 'ma20', 'ma50', 'ma200', 'ema12', 'ema26', 'macd', 'signal_line', 'rsi', 'adx', 'vwap', 'stochastic', 'atr']
2025-07-04 10:49:36,668 - INFO - [BTC/USDT] Calculated indicators for 1h: ['timestamp', 'open', 'high', 'low', 'close', 'volume', 'ma20', 'ma50', 'ma200', 'ema12', 'ema26', 'macd', 'signal_line', 'rsi', 'adx', 'vwap', 'stochastic', 'atr']
2025-07-04 10:49:36,744 - INFO - [FDUSD/USDT] Calculated indicators for 1h: ['timestamp', 'open', 'high', 'low', 'close', 'volume', 'ma20', 'ma50', 'ma200', 'ema12', 'ema26', 'macd', 'signal_line', 'rsi', 'adx', 'vwap', 'stochastic', 'atr']
2025-07-04 10:49:36,815 - INFO - [PEPE/USDT] Calculated indicators for 1h: ['timestamp', 'open', 'high', 'low', 'close', 'volume', 'ma20', 'ma50', 'ma200', 'ema12', 'ema26', 'macd', 'signal_line', 'rsi', 'adx', 'vwap', 'stochastic', 'atr']
2025-07-04 10:49:36,881 - INFO - [ETH/USDT] Calculated indicators for 1h: ['timestamp', 'open', 'high', 'low', 'close', 'volume', 'ma20', 'ma50', 'ma200', 'ema12', 'ema26', 'macd', 'signal_line', 'rsi', 'adx', 'vwap', 'stochastic', 'atr']
2025-07-04 10:49:36,952 - INFO - [SOL/USDT] Calculated indicators for 1h: ['timestamp', 'open', 'high', 'low', 'close', 'volume', 'ma20', 'ma50', 'ma200', 'ema12', 'ema26', 'macd', 'signal_line', 'rsi', 'adx', 'vwap', 'stochastic', 'atr']
2025-07-04 10:49:39,534 - INFO - DataFrame validated successfully
2025-07-04 10:49:39,534 - INFO - [NEAR/USDT] Fetched 50 candles for 1h
2025-07-04 10:49:40,003 - INFO - DataFrame validated successfully
2025-07-04 10:49:40,004 - INFO - [VIRTUAL/USDT] Fetched 50 candles for 1h
2025-07-04 10:49:40,006 - INFO - DataFrame validated successfully
2025-07-04 10:49:40,006 - INFO - [GUN/USDT] Fetched 50 candles for 1h
2025-07-04 10:49:40,104 - INFO - [NEAR/USDT] Calculated indicators for 1h: ['timestamp', 'open', 'high', 'low', 'close', 'volume', 'ma20', 'ma50', 'ma200', 'ema12', 'ema26', 'macd', 'signal_line', 'rsi', 'adx', 'vwap', 'stochastic', 'atr']
2025-07-04 10:49:48,853 - INFO - [VIRTUAL/USDT] Calculated indicators for 1h: ['timestamp', 'open', 'high', 'low', 'close', 'volume', 'ma20', 'ma50', 'ma200', 'ema12', 'ema26', 'macd', 'signal_line', 'rsi', 'adx', 'vwap', 'stochastic', 'atr']
2025-07-04 10:49:48,917 - INFO - [GUN/USDT] Calculated indicators for 1h: ['timestamp', 'open', 'high', 'low', 'close', 'volume', 'ma20', 'ma50', 'ma200', 'ema12', 'ema26', 'macd', 'signal_line', 'rsi', 'adx', 'vwap', 'stochastic', 'atr']
2025-07-04 10:49:49,068 - INFO - DataFrame validated successfully
2025-07-04 10:49:49,068 - INFO - [DOGE/USDT] Fetched 50 candles for 4h
2025-07-04 10:49:49,072 - INFO - DataFrame validated successfully
2025-07-04 10:49:49,072 - INFO - [FDUSD/USDT] Fetched 50 candles for 4h
2025-07-04 10:49:49,074 - INFO - DataFrame validated successfully
2025-07-04 10:49:49,074 - INFO - [PEPE/USDT] Fetched 50 candles for 4h
2025-07-04 10:49:49,077 - INFO - DataFrame validated successfully
2025-07-04 10:49:49,078 - INFO - [XRP/USDT] Fetched 50 candles for 4h
2025-07-04 10:49:49,080 - INFO - DataFrame validated successfully
2025-07-04 10:49:49,080 - INFO - [ETH/USDT] Fetched 50 candles for 4h
2025-07-04 10:49:49,086 - INFO - DataFrame validated successfully
2025-07-04 10:49:49,086 - INFO - [BTC/USDT] Fetched 50 candles for 4h
2025-07-04 10:49:49,088 - INFO - DataFrame validated successfully
2025-07-04 10:49:49,088 - INFO - [USDC/USDT] Fetched 50 candles for 4h
2025-07-04 10:49:49,091 - INFO - DataFrame validated successfully
2025-07-04 10:49:49,091 - INFO - [SOL/USDT] Fetched 50 candles for 4h
2025-07-04 10:49:50,382 - INFO - [DOGE/USDT] Calculated indicators for 4h: ['timestamp', 'open', 'high', 'low', 'close', 'volume', 'ma20', 'ma50', 'ma200', 'ema12', 'ema26', 'macd', 'signal_line', 'rsi', 'adx', 'vwap', 'stochastic', 'atr']
2025-07-04 10:49:50,468 - INFO - [FDUSD/USDT] Calculated indicators for 4h: ['timestamp', 'open', 'high', 'low', 'close', 'volume', 'ma20', 'ma50', 'ma200', 'ema12', 'ema26', 'macd', 'signal_line', 'rsi', 'adx', 'vwap', 'stochastic', 'atr']
2025-07-04 10:49:50,577 - INFO - [PEPE/USDT] Calculated indicators for 4h: ['timestamp', 'open', 'high', 'low', 'close', 'volume', 'ma20', 'ma50', 'ma200', 'ema12', 'ema26', 'macd', 'signal_line', 'rsi', 'adx', 'vwap', 'stochastic', 'atr']
2025-07-04 10:49:50,698 - INFO - [XRP/USDT] Calculated indicators for 4h: ['timestamp', 'open', 'high', 'low', 'close', 'volume', 'ma20', 'ma50', 'ma200', 'ema12', 'ema26', 'macd', 'signal_line', 'rsi', 'adx', 'vwap', 'stochastic', 'atr']
2025-07-04 10:49:50,830 - INFO - [ETH/USDT] Calculated indicators for 4h: ['timestamp', 'open', 'high', 'low', 'close', 'volume', 'ma20', 'ma50', 'ma200', 'ema12', 'ema26', 'macd', 'signal_line', 'rsi', 'adx', 'vwap', 'stochastic', 'atr']
2025-07-04 10:49:50,915 - INFO - [BTC/USDT] Calculated indicators for 4h: ['timestamp', 'open', 'high', 'low', 'close', 'volume', 'ma20', 'ma50', 'ma200', 'ema12', 'ema26', 'macd', 'signal_line', 'rsi', 'adx', 'vwap', 'stochastic', 'atr']
2025-07-04 10:49:51,021 - INFO - [USDC/USDT] Calculated indicators for 4h: ['timestamp', 'open', 'high', 'low', 'close', 'volume', 'ma20', 'ma50', 'ma200', 'ema12', 'ema26', 'macd', 'signal_line', 'rsi', 'adx', 'vwap', 'stochastic', 'atr']
2025-07-04 10:49:51,146 - INFO - [SOL/USDT] Calculated indicators for 4h: ['timestamp', 'open', 'high', 'low', 'close', 'volume', 'ma20', 'ma50', 'ma200', 'ema12', 'ema26', 'macd', 'signal_line', 'rsi', 'adx', 'vwap', 'stochastic', 'atr']
2025-07-04 10:49:52,439 - INFO - DataFrame validated successfully
2025-07-04 10:49:52,439 - INFO - [NEAR/USDT] Fetched 50 candles for 4h
2025-07-04 10:50:03,268 - INFO - [NEAR/USDT] Calculated indicators for 4h: ['timestamp', 'open', 'high', 'low', 'close', 'volume', 'ma20', 'ma50', 'ma200', 'ema12', 'ema26', 'macd', 'signal_line', 'rsi', 'adx', 'vwap', 'stochastic', 'atr']
2025-07-04 10:50:03,344 - INFO - DataFrame validated successfully
2025-07-04 10:50:03,344 - INFO - [GUN/USDT] Fetched 50 candles for 4h
2025-07-04 10:50:03,351 - INFO - DataFrame validated successfully
2025-07-04 10:50:03,351 - INFO - [VIRTUAL/USDT] Fetched 50 candles for 4h
2025-07-04 10:50:03,419 - INFO - DataFrame validated successfully
2025-07-04 10:50:03,419 - INFO - [BTC/USDT] Fetched 50 candles for 1d
2025-07-04 10:50:03,423 - INFO - DataFrame validated successfully
2025-07-04 10:50:03,423 - INFO - [DOGE/USDT] Fetched 50 candles for 1d
2025-07-04 10:50:03,426 - INFO - DataFrame validated successfully
2025-07-04 10:50:03,426 - INFO - [XRP/USDT] Fetched 50 candles for 1d
2025-07-04 10:50:03,429 - INFO - DataFrame validated successfully
2025-07-04 10:50:03,429 - INFO - [PEPE/USDT] Fetched 50 candles for 1d
2025-07-04 10:50:03,432 - INFO - DataFrame validated successfully
2025-07-04 10:50:03,432 - INFO - [FDUSD/USDT] Fetched 50 candles for 1d
2025-07-04 10:50:03,440 - INFO - DataFrame validated successfully
2025-07-04 10:50:03,440 - INFO - [ETH/USDT] Fetched 50 candles for 1d
2025-07-04 10:50:03,442 - INFO - DataFrame validated successfully
2025-07-04 10:50:03,442 - INFO - [USDC/USDT] Fetched 50 candles for 1d
2025-07-04 10:50:03,655 - INFO - [GUN/USDT] Calculated indicators for 4h: ['timestamp', 'open', 'high', 'low', 'close', 'volume', 'ma20', 'ma50', 'ma200', 'ema12', 'ema26', 'macd', 'signal_line', 'rsi', 'adx', 'vwap', 'stochastic', 'atr']
2025-07-04 10:50:03,748 - INFO - [VIRTUAL/USDT] Calculated indicators for 4h: ['timestamp', 'open', 'high', 'low', 'close', 'volume', 'ma20', 'ma50', 'ma200', 'ema12', 'ema26', 'macd', 'signal_line', 'rsi', 'adx', 'vwap', 'stochastic', 'atr']
2025-07-04 10:50:04,531 - INFO - DataFrame validated successfully
2025-07-04 10:50:04,531 - INFO - [SOL/USDT] Fetched 50 candles for 1d
2025-07-04 10:50:04,591 - INFO - [BTC/USDT] Calculated indicators for 1d: ['timestamp', 'open', 'high', 'low', 'close', 'volume', 'ma20', 'ma50', 'ma200', 'ema12', 'ema26', 'macd', 'signal_line', 'rsi', 'adx', 'vwap', 'stochastic', 'atr']
2025-07-04 10:50:04,624 - ERROR - Error identifying candle patterns: The truth value of a Series is ambiguous. Use a.empty, a.bool(), a.item(), a.any() or a.all().
2025-07-04 10:50:04,625 - INFO - Fibonacci levels calculated: {'r1': np.float32(108825.91), 'r2': np.float32(109015.875), 'r3': np.float32(109322.95), 's1': np.float32(109512.92), 's2': np.float32(109322.95), 's3': np.float32(109015.875)}
2025-07-04 10:50:04,626 - INFO - Support: 108575.1875, Resistance: 109057.5234375
2025-07-04 10:50:04,628 - INFO - [BTC/USDT] Analysis completed: ['VWAP']
2025-07-04 10:50:04,629 - INFO - Trade classification: Score=1, Direction=LONG
2025-07-04 10:50:04,635 - INFO - [BTC/USDT] Signal generated: LONG, Confidence: 75.0%
2025-07-04 10:50:04,637 - ERROR - [BTC/USDT] Error logging signal: name 'os' is not defined
2025-07-04 10:50:04,637 - INFO - [BTC/USDT] Signal predicted: LONG, Confidence: 75.0%
2025-07-04 10:50:04,711 - INFO - [DOGE/USDT] Calculated indicators for 1d: ['timestamp', 'open', 'high', 'low', 'close', 'volume', 'ma20', 'ma50', 'ma200', 'ema12', 'ema26', 'macd', 'signal_line', 'rsi', 'adx', 'vwap', 'stochastic', 'atr']
2025-07-04 10:50:04,736 - INFO - Candle patterns identified
2025-07-04 10:50:04,736 - INFO - Fibonacci levels calculated: {'r1': np.float32(0.16675632), 'r2': np.float32(0.16794184), 'r3': np.float32(0.16985816), 's1': np.float32(0.17104368), 's2': np.float32(0.16985816), 's3': np.float32(0.16794184)}
2025-07-04 10:50:04,737 - INFO - Support: 0.16505999863147736, Resistance: 0.16863000392913818
2025-07-04 10:50:04,737 - INFO - [DOGE/USDT] Analysis completed: ['Strong Trend', 'VWAP']
2025-07-04 10:50:04,737 - INFO - Trade classification: Score=2, Direction=LONG
2025-07-04 10:50:04,737 - INFO - [DOGE/USDT] Signal generated: LONG, Confidence: 80.0%
2025-07-04 10:50:04,738 - ERROR - [DOGE/USDT] Error logging signal: name 'os' is not defined
2025-07-04 10:50:04,739 - INFO - [DOGE/USDT] Signal predicted: LONG, Confidence: 80.0%
2025-07-04 10:50:04,810 - INFO - [XRP/USDT] Calculated indicators for 1d: ['timestamp', 'open', 'high', 'low', 'close', 'volume', 'ma20', 'ma50', 'ma200', 'ema12', 'ema26', 'macd', 'signal_line', 'rsi', 'adx', 'vwap', 'stochastic', 'atr']
2025-07-04 10:50:04,836 - ERROR - Error identifying candle patterns: The truth value of a Series is ambiguous. Use a.empty, a.bool(), a.item(), a.any() or a.all().
2025-07-04 10:50:04,837 - INFO - Fibonacci levels calculated: {'r1': np.float32(2.2218835), 'r2': np.float32(2.2306583), 'r3': np.float32(2.2448418), 's1': np.float32(2.2536166), 's2': np.float32(2.2448418), 's3': np.float32(2.2306583)}
2025-07-04 10:50:04,837 - INFO - Support: 2.213099956512451, Resistance: 2.2360000610351562
2025-07-04 10:50:04,838 - INFO - [XRP/USDT] Analysis completed: ['Strong Trend', 'VWAP', 'Stochastic']
2025-07-04 10:50:04,838 - INFO - Trade classification: Score=1, Direction=LONG
2025-07-04 10:50:04,838 - INFO - [XRP/USDT] Signal generated: LONG, Confidence: 85.0%
2025-07-04 10:50:04,839 - ERROR - [XRP/USDT] Error logging signal: name 'os' is not defined
2025-07-04 10:50:04,839 - INFO - [XRP/USDT] Signal predicted: LONG, Confidence: 85.0%
2025-07-04 10:50:04,913 - INFO - [PEPE/USDT] Calculated indicators for 1d: ['timestamp', 'open', 'high', 'low', 'close', 'volume', 'ma20', 'ma50', 'ma200', 'ema12', 'ema26', 'macd', 'signal_line', 'rsi', 'adx', 'vwap', 'stochastic', 'atr']
2025-07-04 10:50:04,939 - ERROR - Error identifying candle patterns: The truth value of a Series is ambiguous. Use a.empty, a.bool(), a.item(), a.any() or a.all().
2025-07-04 10:50:04,940 - INFO - Fibonacci levels calculated: {'r1': np.float32(9.78104e-06), 'r2': np.float32(9.8744795e-06), 'r3': np.float32(1.002552e-05), 's1': np.float32(1.011896e-05), 's2': np.float32(1.002552e-05), 's3': np.float32(9.8744795e-06)}
2025-07-04 10:50:04,940 - INFO - Support: 9.649999810790177e-06, Resistance: 9.829999726207461e-06
2025-07-04 10:50:04,941 - INFO - [PEPE/USDT] Analysis completed: ['Strong Trend', 'VWAP']
2025-07-04 10:50:04,945 - INFO - Trade classification: Score=2, Direction=LONG
2025-07-04 10:50:04,945 - INFO - [PEPE/USDT] Signal generated: LONG, Confidence: 80.0%
2025-07-04 10:50:04,947 - ERROR - [PEPE/USDT] Error logging signal: name 'os' is not defined
2025-07-04 10:50:04,947 - INFO - [PEPE/USDT] Signal predicted: LONG, Confidence: 80.0%
2025-07-04 10:50:05,021 - INFO - [FDUSD/USDT] Calculated indicators for 1d: ['timestamp', 'open', 'high', 'low', 'close', 'volume', 'ma20', 'ma50', 'ma200', 'ema12', 'ema26', 'macd', 'signal_line', 'rsi', 'adx', 'vwap', 'stochastic', 'atr']
2025-07-04 10:50:05,043 - ERROR - Error identifying candle patterns: The truth value of a Series is ambiguous. Use a.empty, a.bool(), a.item(), a.any() or a.all().
2025-07-04 10:50:05,043 - INFO - Fibonacci levels calculated: {'r1': np.float32(0.9979708), 'r2': np.float32(0.9980146), 'r3': np.float32(0.9980854), 's1': np.float32(0.9981292), 's2': np.float32(0.9980854), 's3': np.float32(0.9980146)}
2025-07-04 10:50:05,044 - INFO - Support: 0.9979000091552734, Resistance: 0.9980000257492065
2025-07-04 10:50:05,044 - INFO - [FDUSD/USDT] Analysis completed: ['Stochastic']
2025-07-04 10:50:05,044 - INFO - Trade classification: Score=-1, Direction=SHORT
2025-07-04 10:50:05,044 - INFO - [FDUSD/USDT] Signal generated: SHORT, Confidence: 75.0%
2025-07-04 10:50:05,046 - ERROR - [FDUSD/USDT] Error logging signal: name 'os' is not defined
2025-07-04 10:50:05,046 - INFO - [FDUSD/USDT] Signal predicted: SHORT, Confidence: 75.0%
2025-07-04 10:50:05,120 - INFO - [ETH/USDT] Calculated indicators for 1d: ['timestamp', 'open', 'high', 'low', 'close', 'volume', 'ma20', 'ma50', 'ma200', 'ema12', 'ema26', 'macd', 'signal_line', 'rsi', 'adx', 'vwap', 'stochastic', 'atr']
2025-07-04 10:50:05,145 - ERROR - Error identifying candle patterns: The truth value of a Series is ambiguous. Use a.empty, a.bool(), a.item(), a.any() or a.all().
2025-07-04 10:50:05,146 - INFO - Fibonacci levels calculated: {'r1': np.float32(2545.2588), 'r2': np.float32(2556.3257), 'r3': np.float32(2574.2144), 's1': np.float32(2585.2812), 's2': np.float32(2574.2144), 's3': np.float32(2556.3257)}
2025-07-04 10:50:05,146 - INFO - Support: 2530.510009765625, Resistance: 2559.489990234375
2025-07-04 10:50:05,147 - INFO - [ETH/USDT] Analysis completed: ['Strong Trend', 'VWAP']
2025-07-04 10:50:05,147 - INFO - Trade classification: Score=2, Direction=LONG
2025-07-04 10:50:05,147 - INFO - [ETH/USDT] Signal generated: LONG, Confidence: 80.0%
2025-07-04 10:50:05,148 - ERROR - [ETH/USDT] Error logging signal: name 'os' is not defined
2025-07-04 10:50:05,148 - INFO - [ETH/USDT] Signal predicted: LONG, Confidence: 80.0%
2025-07-04 10:50:05,220 - INFO - [USDC/USDT] Calculated indicators for 1d: ['timestamp', 'open', 'high', 'low', 'close', 'volume', 'ma20', 'ma50', 'ma200', 'ema12', 'ema26', 'macd', 'signal_line', 'rsi', 'adx', 'vwap', 'stochastic', 'atr']
2025-07-04 10:50:05,242 - ERROR - Error identifying candle patterns: The truth value of a Series is ambiguous. Use a.empty, a.bool(), a.item(), a.any() or a.all().
2025-07-04 10:50:05,243 - INFO - Fibonacci levels calculated: {'r1': np.float32(0.9996236), 'r2': np.float32(0.9996382), 'r3': np.float32(0.9996618), 's1': np.float32(0.9996764), 's2': np.float32(0.9996618), 's3': np.float32(0.9996382)}
2025-07-04 10:50:05,243 - INFO - Support: 0.9995999932289124, Resistance: 0.9997000098228455
2025-07-04 10:50:05,244 - INFO - [USDC/USDT] Analysis completed: ['VWAP']
2025-07-04 10:50:05,244 - INFO - Trade classification: Score=-1, Direction=SHORT
2025-07-04 10:50:05,244 - INFO - [USDC/USDT] Signal generated: SHORT, Confidence: 75.0%
2025-07-04 10:50:05,245 - ERROR - [USDC/USDT] Error logging signal: name 'os' is not defined
2025-07-04 10:50:05,245 - INFO - [USDC/USDT] Signal predicted: SHORT, Confidence: 75.0%
2025-07-04 10:50:06,540 - INFO - [SOL/USDT] Calculated indicators for 1d: ['timestamp', 'open', 'high', 'low', 'close', 'volume', 'ma20', 'ma50', 'ma200', 'ema12', 'ema26', 'macd', 'signal_line', 'rsi', 'adx', 'vwap', 'stochastic', 'atr']
2025-07-04 10:50:06,567 - INFO - Candle patterns identified
2025-07-04 10:50:06,567 - INFO - Fibonacci levels calculated: {'r1': np.float32(150.16696), 'r2': np.float32(150.87653), 'r3': np.float32(152.02348), 's1': np.float32(152.73305), 's2': np.float32(152.02348), 's3': np.float32(150.87653)}
2025-07-04 10:50:06,568 - INFO - Support: 149.4199981689453, Resistance: 152.52999877929688
2025-07-04 10:50:06,568 - INFO - [SOL/USDT] Analysis completed: ['Strong Trend', 'VWAP']
2025-07-04 10:50:06,568 - INFO - Trade classification: Score=2, Direction=LONG
2025-07-04 10:50:06,569 - INFO - [SOL/USDT] Signal generated: LONG, Confidence: 80.0%
2025-07-04 10:50:06,570 - ERROR - [SOL/USDT] Error logging signal: name 'os' is not defined
2025-07-04 10:50:06,570 - INFO - [SOL/USDT] Signal predicted: LONG, Confidence: 80.0%
2025-07-04 10:50:09,962 - INFO - DataFrame validated successfully
2025-07-04 10:50:09,962 - INFO - [NEAR/USDT] Fetched 50 candles for 1d
2025-07-04 10:50:10,706 - INFO - [NEAR/USDT] Calculated indicators for 1d: ['timestamp', 'open', 'high', 'low', 'close', 'volume', 'ma20', 'ma50', 'ma200', 'ema12', 'ema26', 'macd', 'signal_line', 'rsi', 'adx', 'vwap', 'stochastic', 'atr']
2025-07-04 10:50:10,729 - ERROR - Error identifying candle patterns: The truth value of a Series is ambiguous. Use a.empty, a.bool(), a.item(), a.any() or a.all().
2025-07-04 10:50:10,729 - INFO - Fibonacci levels calculated: {'r1': np.float32(2.192804), 'r2': np.float32(2.213098), 'r3': np.float32(2.245902), 's1': np.float32(2.266196), 's2': np.float32(2.245902), 's3': np.float32(2.213098)}
2025-07-04 10:50:10,730 - INFO - Support: 2.1640000343322754, Resistance: 2.2149999141693115
2025-07-04 10:50:10,730 - INFO - [NEAR/USDT] Analysis completed: ['Strong Trend', 'VWAP']
2025-07-04 10:50:10,730 - INFO - Trade classification: Score=2, Direction=LONG
2025-07-04 10:50:10,730 - INFO - [NEAR/USDT] Signal generated: LONG, Confidence: 80.0%
2025-07-04 10:50:10,731 - ERROR - [NEAR/USDT] Error logging signal: name 'os' is not defined
2025-07-04 10:50:10,731 - INFO - [NEAR/USDT] Signal predicted: LONG, Confidence: 80.0%
2025-07-04 10:50:21,232 - ERROR - [FDUSD/USDT] Error tracking trade: binance GET https://dapi.binance.com/dapi/v1/exchangeInfo
2025-07-04 10:50:21,234 - ERROR - [ETH/USDT] Error tracking trade: binance GET https://dapi.binance.com/dapi/v1/exchangeInfo
2025-07-04 10:50:21,234 - ERROR - [PEPE/USDT] Error tracking trade: binance GET https://dapi.binance.com/dapi/v1/exchangeInfo
2025-07-04 10:50:21,235 - ERROR - [USDC/USDT] Error tracking trade: binance GET https://dapi.binance.com/dapi/v1/exchangeInfo
2025-07-04 10:50:21,235 - ERROR - [XRP/USDT] Error tracking trade: binance GET https://dapi.binance.com/dapi/v1/exchangeInfo
2025-07-04 10:50:21,311 - ERROR - [NEAR/USDT] Error fetching OHLCV data: binance GET https://api.binance.com/api/v3/exchangeInfo
2025-07-04 10:50:21,313 - ERROR - [SOL/USDT] Error tracking trade: binance GET https://fapi.binance.com/fapi/v1/exchangeInfo
2025-07-04 10:50:21,313 - ERROR - [SOL/USDT] Error fetching OHLCV data: binance GET https://fapi.binance.com/fapi/v1/exchangeInfo
2025-07-04 10:50:21,314 - ERROR - [NEAR/USDT] Error tracking trade: binance GET https://api.binance.com/api/v3/exchangeInfo
2025-07-04 10:50:21,373 - INFO - DataFrame validated successfully
2025-07-04 10:50:21,374 - INFO - [BTC/USDT] Fetched 50 candles for 1h
2025-07-04 10:50:21,379 - INFO - DataFrame validated successfully
2025-07-04 10:50:21,379 - INFO - [VIRTUAL/USDT] Fetched 50 candles for 1d
2025-07-04 10:50:21,382 - INFO - DataFrame validated successfully
2025-07-04 10:50:21,383 - INFO - [PEPE/USDT] Fetched 50 candles for 1h
2025-07-04 10:50:21,385 - INFO - DataFrame validated successfully
2025-07-04 10:50:21,385 - INFO - [GUN/USDT] Fetched 50 candles for 1d
2025-07-04 10:50:21,389 - INFO - DataFrame validated successfully
2025-07-04 10:50:21,389 - INFO - [XRP/USDT] Fetched 50 candles for 1h
2025-07-04 10:50:21,392 - INFO - DataFrame validated successfully
2025-07-04 10:50:21,392 - INFO - [USDC/USDT] Fetched 50 candles for 1h
2025-07-04 10:50:21,399 - INFO - DataFrame validated successfully
2025-07-04 10:50:21,399 - INFO - [FDUSD/USDT] Fetched 50 candles for 1h
2025-07-04 10:50:21,403 - INFO - DataFrame validated successfully
2025-07-04 10:50:21,403 - INFO - [DOGE/USDT] Fetched 50 candles for 1h
2025-07-04 10:50:21,411 - INFO - DataFrame validated successfully
2025-07-04 10:50:21,411 - INFO - [ETH/USDT] Fetched 50 candles for 1h
2025-07-04 10:50:21,568 - WARNING - [NEAR/USDT] Insufficient data for 1h
2025-07-04 10:50:21,587 - WARNING - [SOL/USDT] Insufficient data for 1h
2025-07-04 10:50:21,808 - INFO - [VIRTUAL/USDT] Calculated indicators for 1d: ['timestamp', 'open', 'high', 'low', 'close', 'volume', 'ma20', 'ma50', 'ma200', 'ema12', 'ema26', 'macd', 'signal_line', 'rsi', 'adx', 'vwap', 'stochastic', 'atr']
2025-07-04 10:50:21,847 - INFO - Candle patterns identified
2025-07-04 10:50:21,848 - INFO - Fibonacci levels calculated: {'r1': np.float32(1.551772), 'r2': np.float32(1.5776141), 'r3': np.float32(1.619386), 's1': np.float32(1.645228), 's2': np.float32(1.619386), 's3': np.float32(1.5776141)}
2025-07-04 10:50:21,850 - INFO - Support: 1.5709999799728394, Resistance: 1.6211999654769897
2025-07-04 10:50:21,856 - INFO - [VIRTUAL/USDT] Analysis completed: ['Strong Trend', 'VWAP', 'Stochastic']
2025-07-04 10:50:21,856 - INFO - Trade classification: Score=1, Direction=LONG
2025-07-04 10:50:21,857 - INFO - [VIRTUAL/USDT] Signal generated: LONG, Confidence: 85.0%
2025-07-04 10:50:21,859 - ERROR - [VIRTUAL/USDT] Error logging signal: name 'os' is not defined
2025-07-04 10:50:21,859 - INFO - [VIRTUAL/USDT] Signal predicted: LONG, Confidence: 85.0%
2025-07-04 10:50:21,994 - INFO - [GUN/USDT] Calculated indicators for 1d: ['timestamp', 'open', 'high', 'low', 'close', 'volume', 'ma20', 'ma50', 'ma200', 'ema12', 'ema26', 'macd', 'signal_line', 'rsi', 'adx', 'vwap', 'stochastic', 'atr']
2025-07-04 10:50:22,021 - ERROR - Error identifying candle patterns: The truth value of a Series is ambiguous. Use a.empty, a.bool(), a.item(), a.any() or a.all().
2025-07-04 10:50:22,022 - INFO - Fibonacci levels calculated: {'r1': np.float32(0.03123656), 'r2': np.float32(0.03174172), 'r3': np.float32(0.032558277), 's1': np.float32(0.033063438), 's2': np.float32(0.03255828), 's3': np.float32(0.03174172)}
2025-07-04 10:50:22,022 - INFO - Support: 0.03130999952554703, Resistance: 0.033399999141693115
2025-07-04 10:50:22,023 - INFO - [GUN/USDT] Analysis completed: ['VWAP']
2025-07-04 10:50:22,023 - INFO - Trade classification: Score=-1, Direction=SHORT
2025-07-04 10:50:22,023 - INFO - [GUN/USDT] Signal generated: SHORT, Confidence: 75.0%
2025-07-04 10:50:22,024 - ERROR - [GUN/USDT] Error logging signal: name 'os' is not defined
2025-07-04 10:50:22,024 - INFO - [GUN/USDT] Signal predicted: SHORT, Confidence: 75.0%
2025-07-04 10:50:39,515 - ERROR - [GUN/USDT] Error tracking trade: binance GET https://dapi.binance.com/dapi/v1/exchangeInfo
2025-07-04 10:50:39,515 - ERROR - [VIRTUAL/USDT] Error tracking trade: binance GET https://dapi.binance.com/dapi/v1/exchangeInfo
2025-07-04 10:50:39,564 - ERROR - [ETH/USDT] Error fetching OHLCV data: binance GET https://dapi.binance.com/dapi/v1/exchangeInfo
2025-07-04 10:50:39,653 - INFO - DataFrame validated successfully
2025-07-04 10:50:39,653 - INFO - [USDC/USDT] Fetched 50 candles for 4h
2025-07-04 10:50:39,719 - INFO - DataFrame validated successfully
2025-07-04 10:50:39,720 - INFO - [NEAR/USDT] Fetched 50 candles for 4h
2025-07-04 10:50:39,726 - INFO - DataFrame validated successfully
2025-07-04 10:50:39,726 - INFO - [SOL/USDT] Fetched 50 candles for 4h
2025-07-04 10:50:39,729 - INFO - DataFrame validated successfully
2025-07-04 10:50:39,730 - INFO - [VIRTUAL/USDT] Fetched 50 candles for 1h
2025-07-04 10:50:39,734 - INFO - DataFrame validated successfully
2025-07-04 10:50:39,735 - INFO - [BTC/USDT] Fetched 50 candles for 4h
2025-07-04 10:50:39,738 - INFO - DataFrame validated successfully
2025-07-04 10:50:39,738 - INFO - [XRP/USDT] Fetched 50 candles for 4h
2025-07-04 10:50:39,740 - INFO - DataFrame validated successfully
2025-07-04 10:50:39,740 - INFO - [GUN/USDT] Fetched 50 candles for 1h
2025-07-04 10:50:39,742 - INFO - DataFrame validated successfully
2025-07-04 10:50:39,742 - INFO - [DOGE/USDT] Fetched 50 candles for 4h
2025-07-04 10:50:39,748 - INFO - DataFrame validated successfully
2025-07-04 10:50:39,748 - INFO - [PEPE/USDT] Fetched 50 candles for 4h
2025-07-04 10:50:39,752 - INFO - DataFrame validated successfully
2025-07-04 10:50:39,754 - INFO - [FDUSD/USDT] Fetched 50 candles for 4h
2025-07-04 10:50:39,818 - WARNING - [ETH/USDT] Insufficient data for 4h
2025-07-04 10:50:55,480 - INFO - DataFrame validated successfully
2025-07-04 10:50:55,481 - INFO - [USDC/USDT] Fetched 50 candles for 1d
2025-07-04 10:50:55,613 - INFO - DataFrame validated successfully
2025-07-04 10:50:55,614 - INFO - [NEAR/USDT] Fetched 50 candles for 1d
2025-07-04 10:50:55,622 - INFO - DataFrame validated successfully
2025-07-04 10:50:55,623 - INFO - [ETH/USDT] Fetched 50 candles for 1d
2025-07-04 10:50:55,664 - INFO - DataFrame validated successfully
2025-07-04 10:50:55,664 - INFO - [BTC/USDT] Fetched 50 candles for 1d
2025-07-04 10:50:55,667 - INFO - DataFrame validated successfully
2025-07-04 10:50:55,667 - INFO - [XRP/USDT] Fetched 50 candles for 1d
2025-07-04 10:50:55,669 - INFO - DataFrame validated successfully
2025-07-04 10:50:55,669 - INFO - [PEPE/USDT] Fetched 50 candles for 1d
2025-07-04 10:50:55,671 - INFO - DataFrame validated successfully
2025-07-04 10:50:55,671 - INFO - [GUN/USDT] Fetched 50 candles for 4h
2025-07-04 10:50:55,674 - INFO - DataFrame validated successfully
2025-07-04 10:50:55,674 - INFO - [VIRTUAL/USDT] Fetched 50 candles for 4h
2025-07-04 10:50:55,676 - INFO - DataFrame validated successfully
2025-07-04 10:50:55,676 - INFO - [DOGE/USDT] Fetched 50 candles for 1d
2025-07-04 10:50:55,683 - INFO - DataFrame validated successfully
2025-07-04 10:50:55,683 - INFO - [SOL/USDT] Fetched 50 candles for 1d
2025-07-04 10:50:55,685 - INFO - DataFrame validated successfully
2025-07-04 10:50:55,686 - INFO - [FDUSD/USDT] Fetched 50 candles for 1d
2025-07-04 10:50:55,795 - INFO - [USDC/USDT] Multi-timeframe boost: 0.33
2025-07-04 10:50:55,796 - INFO - [USDC/USDT] Signal generated: SHORT, Confidence: 75.00%, Indicators: ['VWAP']
2025-07-04 10:50:55,818 - ERROR - Error sending signal to Telegram: 'tp1_percent'
2025-07-04 10:50:55,942 - INFO - [NEAR/USDT] Multi-timeframe boost: 0.33
2025-07-04 10:50:55,943 - INFO - [NEAR/USDT] Signal generated: LONG, Confidence: 80.00%, Indicators: ['Strong Trend', 'VWAP']
2025-07-04 10:50:55,972 - ERROR - Error sending signal to Telegram: 'tp1_percent'
2025-07-04 10:50:56,052 - INFO - [ETH/USDT] Multi-timeframe boost: 0.33
2025-07-04 10:50:56,052 - INFO - [ETH/USDT] Signal generated: LONG, Confidence: 80.00%, Indicators: ['Strong Trend', 'VWAP']
2025-07-04 10:50:56,071 - ERROR - Error sending signal to Telegram: 'tp1_percent'
2025-07-04 10:50:56,137 - INFO - [BTC/USDT] Multi-timeframe boost: 0.67
2025-07-04 10:50:56,140 - INFO - [BTC/USDT] Signal generated: LONG, Confidence: 75.00%, Indicators: ['VWAP']
2025-07-04 10:50:56,160 - ERROR - Error sending signal to Telegram: 'tp1_percent'
2025-07-04 10:50:56,222 - INFO - [XRP/USDT] Multi-timeframe boost: 0.33
2025-07-04 10:50:56,222 - INFO - [XRP/USDT] Signal generated: LONG, Confidence: 85.00%, Indicators: ['Strong Trend', 'VWAP', 'Stochastic']
2025-07-04 10:50:56,243 - ERROR - Error sending signal to Telegram: 'tp1_percent'
2025-07-04 10:50:56,303 - INFO - [PEPE/USDT] Multi-timeframe boost: 0.33
2025-07-04 10:50:56,304 - INFO - [PEPE/USDT] Signal generated: LONG, Confidence: 80.00%, Indicators: ['Strong Trend', 'VWAP']
2025-07-04 10:50:56,322 - ERROR - Error sending signal to Telegram: 'tp1_percent'
2025-07-04 10:50:56,503 - INFO - [DOGE/USDT] Multi-timeframe boost: 0.33
2025-07-04 10:50:56,504 - INFO - [DOGE/USDT] Signal generated: LONG, Confidence: 80.00%, Indicators: ['Strong Trend', 'VWAP']
2025-07-04 10:50:56,524 - ERROR - Error sending signal to Telegram: 'tp1_percent'
2025-07-04 10:50:56,594 - INFO - [SOL/USDT] Multi-timeframe boost: 0.33
2025-07-04 10:50:56,594 - INFO - [SOL/USDT] Signal generated: LONG, Confidence: 80.00%, Indicators: ['Strong Trend', 'VWAP']
2025-07-04 10:50:56,614 - ERROR - Error sending signal to Telegram: 'tp1_percent'
2025-07-04 10:50:56,677 - INFO - [FDUSD/USDT] Multi-timeframe boost: 0.67
2025-07-04 10:50:56,678 - INFO - [FDUSD/USDT] Signal generated: SHORT, Confidence: 75.00%, Indicators: ['Stochastic']
2025-07-04 10:50:56,700 - ERROR - Error sending signal to Telegram: 'tp1_percent'
2025-07-04 10:50:59,826 - INFO - DataFrame validated successfully
2025-07-04 10:50:59,826 - INFO - [GUN/USDT] Fetched 50 candles for 1d
2025-07-04 10:50:59,836 - INFO - DataFrame validated successfully
2025-07-04 10:50:59,836 - INFO - [VIRTUAL/USDT] Fetched 50 candles for 1d
2025-07-04 10:51:00,145 - INFO - [GUN/USDT] Multi-timeframe boost: 0.33
2025-07-04 10:51:00,146 - INFO - [GUN/USDT] Signal generated: SHORT, Confidence: 75.00%, Indicators: ['VWAP']
2025-07-04 10:51:00,168 - ERROR - Error sending signal to Telegram: 'tp1_percent'
2025-07-04 10:51:00,252 - INFO - [VIRTUAL/USDT] Multi-timeframe boost: 0.67
2025-07-04 10:51:00,253 - INFO - [VIRTUAL/USDT] Signal generated: LONG, Confidence: 85.00%, Indicators: ['Strong Trend', 'VWAP', 'Stochastic']
2025-07-04 10:51:00,280 - ERROR - Error sending signal to Telegram: 'tp1_percent'
2025-07-04 10:51:00,285 - INFO - Processed 11 signals in batch
2025-07-04 10:51:05,287 - INFO - Scan cycle completed, clearing scanned symbols
2025-07-04 17:38:15,489 - INFO - Starting bot initialization
2025-07-04 17:38:15,492 - INFO - Initializing Binance exchange
2025-07-04 17:38:15,503 - INFO - Testing Binance API keys
2025-07-04 17:38:17,546 - INFO - API key test successful: BTC/USDT - 107915.7
2025-07-04 17:38:17,546 - INFO - Setting up Telegram bot
2025-07-04 17:38:18,316 - INFO - Telegram bot polling started
2025-07-04 17:38:18,316 - INFO - Attempting to fetch USDT pairs
2025-07-04 17:38:18,317 - INFO - Fetching USDT pairs from Binance
2025-07-04 17:38:18,474 - INFO - [BTC/USDT] Volume check: 1,158,229,721.09
2025-07-04 17:38:18,721 - INFO - [ETH/USDT] Volume check: 1,058,408,518.72
2025-07-04 17:38:18,986 - INFO - [BNB/USDT] Volume check: 61,911,489.14
2025-07-04 17:38:19,238 - INFO - [NEO/USDT] Volume check: 1,807,147.87
2025-07-04 17:38:19,492 - INFO - [LTC/USDT] Volume check: 35,268,558.54
2025-07-04 17:38:19,754 - INFO - [QTUM/USDT] Volume check: 1,072,339.94
2025-07-04 17:38:19,997 - INFO - [ADA/USDT] Volume check: 48,689,804.71
2025-07-04 17:38:20,242 - INFO - [XRP/USDT] Volume check: 174,755,730.73
2025-07-04 17:38:20,489 - INFO - [TUSD/USDT] Volume check: 165,136.18
2025-07-04 17:38:20,737 - INFO - [IOTA/USDT] Volume check: 1,809,798.05
2025-07-04 17:38:21,005 - INFO - [XLM/USDT] Volume check: 7,723,057.58
2025-07-04 17:38:21,251 - INFO - [ONT/USDT] Volume check: 320,255.00
2025-07-04 17:38:21,517 - INFO - [TRX/USDT] Volume check: 55,769,793.37
2025-07-04 17:38:21,763 - INFO - [ETC/USDT] Volume check: 3,784,622.89
2025-07-04 17:38:22,015 - INFO - [ICX/USDT] Volume check: 667,801.02
2025-07-04 17:38:22,263 - INFO - [VET/USDT] Volume check: 3,613,632.83
2025-07-04 17:38:22,518 - INFO - [USDC/USDT] Volume check: 799,433,442.36
2025-07-04 17:38:22,764 - INFO - [LINK/USDT] Volume check: 29,631,168.22
2025-07-04 17:38:23,010 - INFO - [ONG/USDT] Volume check: 1,124,644.78
2025-07-04 17:38:23,258 - INFO - [HOT/USDT] Volume check: 942,139.58
2025-07-04 17:38:23,503 - INFO - [ZIL/USDT] Volume check: 808,453.46
2025-07-04 17:38:23,748 - INFO - [ZRX/USDT] Volume check: 2,437,497.74
2025-07-04 17:38:24,003 - INFO - [FET/USDT] Volume check: 21,524,782.95
2025-07-04 17:38:24,250 - INFO - [BAT/USDT] Volume check: 1,732,917.67
2025-07-04 17:38:24,496 - INFO - [ZEC/USDT] Volume check: 3,771,117.49
2025-07-04 17:38:24,741 - INFO - [IOST/USDT] Volume check: 531,174.74
2025-07-04 17:38:24,989 - INFO - [CELR/USDT] Volume check: 549,022.04
2025-07-04 17:38:25,235 - INFO - [DASH/USDT] Volume check: 943,848.74
2025-07-04 17:38:25,491 - INFO - [THETA/USDT] Volume check: 1,731,706.49
2025-07-04 17:38:25,739 - INFO - [ENJ/USDT] Volume check: 1,044,140.56
2025-07-04 17:38:25,986 - INFO - [ATOM/USDT] Volume check: 4,222,551.85
2025-07-04 17:38:26,232 - INFO - [TFUEL/USDT] Volume check: 428,474.48
2025-07-04 17:38:26,487 - INFO - [ONE/USDT] Volume check: 944,516.07
2025-07-04 17:38:26,734 - INFO - [ALGO/USDT] Volume check: 4,367,297.11
2025-07-04 17:38:26,979 - INFO - [DOGE/USDT] Volume check: 116,402,699.71
2025-07-04 17:38:27,223 - INFO - [DUSK/USDT] Volume check: 549,812.77
2025-07-04 17:38:27,467 - INFO - [ANKR/USDT] Volume check: 529,492.65
2025-07-04 17:38:27,714 - INFO - [WIN/USDT] Volume check: 464,102.23
2025-07-04 17:38:27,969 - INFO - [COS/USDT] Volume check: 648,059.53
2025-07-04 17:38:28,218 - INFO - [MTL/USDT] Volume check: 223,346.33
2025-07-04 17:38:28,464 - INFO - [DENT/USDT] Volume check: 298,844.62
2025-07-04 17:38:28,707 - INFO - [WAN/USDT] Volume check: 193,303.24
2025-07-04 17:38:28,951 - INFO - [FUN/USDT] Volume check: 44,927,921.53
2025-07-04 17:38:29,202 - INFO - [CVC/USDT] Volume check: 312,259.14
2025-07-04 17:38:29,455 - INFO - [CHZ/USDT] Volume check: 5,618,076.16
2025-07-04 17:38:29,698 - INFO - [BAND/USDT] Volume check: 771,999.00
2025-07-04 17:38:29,953 - INFO - [XTZ/USDT] Volume check: 1,004,091.63
2025-07-04 17:38:30,199 - INFO - [RVN/USDT] Volume check: 1,380,116.87
2025-07-04 17:38:30,444 - INFO - [HBAR/USDT] Volume check: 16,642,768.39
2025-07-04 17:38:30,691 - INFO - [NKN/USDT] Volume check: 957,843.47
2025-07-04 17:38:30,937 - INFO - [STX/USDT] Volume check: 3,711,277.63
2025-07-04 17:38:31,195 - INFO - [KAVA/USDT] Volume check: 2,095,441.40
2025-07-04 17:38:31,442 - INFO - [ARPA/USDT] Volume check: 1,616,334.91
2025-07-04 17:38:31,687 - INFO - [IOTX/USDT] Volume check: 725,335.91
2025-07-04 17:38:31,935 - INFO - [RLC/USDT] Volume check: 402,236.05
2025-07-04 17:38:32,178 - INFO - [BCH/USDT] Volume check: 24,024,473.83
2025-07-04 17:38:32,431 - INFO - [FTT/USDT] Volume check: 860,112.17
2025-07-04 17:38:32,676 - INFO - [EUR/USDT] Volume check: 30,156,025.68
2025-07-04 17:38:32,922 - INFO - [OGN/USDT] Volume check: 817,755.24
2025-07-04 17:38:33,173 - INFO - [LSK/USDT] Volume check: 278,088.82
2025-07-04 17:38:33,415 - INFO - [BNT/USDT] Volume check: 255,829.28
2025-07-04 17:38:33,676 - INFO - [MBL/USDT] Volume check: 1,511,834.22
2025-07-04 17:38:33,924 - INFO - [COTI/USDT] Volume check: 915,439.95
2025-07-04 17:38:34,172 - INFO - [DATA/USDT] Volume check: 670,521.37
2025-07-04 17:38:34,428 - INFO - [SOL/USDT] Volume check: 338,896,523.41
2025-07-04 17:38:34,682 - INFO - [CTSI/USDT] Volume check: 227,073.19
2025-07-04 17:38:34,929 - INFO - [HIVE/USDT] Volume check: 877,068.85
2025-07-04 17:38:35,174 - INFO - [CHR/USDT] Volume check: 775,143.01
2025-07-04 17:38:35,425 - INFO - [ARDR/USDT] Volume check: 585,133.56
2025-07-04 17:38:35,680 - INFO - [MDT/USDT] Volume check: 603,068.70
2025-07-04 17:38:35,925 - INFO - [KNC/USDT] Volume check: 355,698.15
2025-07-04 17:38:36,173 - INFO - [LRC/USDT] Volume check: 1,797,036.52
2025-07-04 17:38:36,418 - INFO - [COMP/USDT] Volume check: 6,274,354.72
2025-07-04 17:38:36,675 - INFO - [SC/USDT] Volume check: 336,855.51
2025-07-04 17:38:36,929 - INFO - [ZEN/USDT] Volume check: 3,462,727.37
2025-07-04 17:38:37,188 - INFO - [SNX/USDT] Volume check: 710,059.09
2025-07-04 17:38:37,442 - INFO - [VTHO/USDT] Volume check: 399,763.88
2025-07-04 17:38:37,689 - INFO - [DGB/USDT] Volume check: 392,175.67
2025-07-04 17:38:37,936 - INFO - [SXP/USDT] Volume check: 3,236,766.15
2025-07-04 17:38:38,180 - INFO - [MKR/USDT] Volume check: 4,619,232.71
2025-07-04 17:38:38,434 - INFO - [DCR/USDT] Volume check: 371,587.72
2025-07-04 17:38:38,690 - INFO - [STORJ/USDT] Volume check: 689,464.29
2025-07-04 17:38:38,934 - INFO - [MANA/USDT] Volume check: 1,655,846.45
2025-07-04 17:38:39,181 - INFO - [YFI/USDT] Volume check: 1,533,636.59
2025-07-04 17:38:39,425 - INFO - [JST/USDT] Volume check: 997,486.17
2025-07-04 17:38:39,670 - INFO - [CRV/USDT] Volume check: 13,543,462.94
2025-07-04 17:38:39,915 - INFO - [SAND/USDT] Volume check: 2,087,796.62
2025-07-04 17:38:40,161 - INFO - [NMR/USDT] Volume check: 1,005,846.56
2025-07-04 17:38:40,416 - INFO - [DOT/USDT] Volume check: 16,188,459.70
2025-07-04 17:38:40,668 - INFO - [LUNA/USDT] Volume check: 1,321,592.50
2025-07-04 17:38:40,913 - INFO - [RSR/USDT] Volume check: 3,208,519.43
2025-07-04 17:38:41,167 - INFO - [PAXG/USDT] Volume check: 5,222,107.53
2025-07-04 17:38:41,411 - INFO - [TRB/USDT] Volume check: 3,001,055.71
2025-07-04 17:38:41,665 - INFO - [SUSHI/USDT] Volume check: 3,212,195.36
2025-07-04 17:38:41,912 - INFO - [KSM/USDT] Volume check: 809,140.69
2025-07-04 17:38:42,157 - INFO - [EGLD/USDT] Volume check: 1,071,029.71
2025-07-04 17:38:42,401 - INFO - [DIA/USDT] Volume check: 393,220.88
2025-07-04 17:38:42,652 - INFO - [RUNE/USDT] Volume check: 8,081,337.81
2025-07-04 17:38:42,906 - INFO - [FIO/USDT] Volume check: 838,088.09
2025-07-04 17:38:43,153 - INFO - [UMA/USDT] Volume check: 517,662.46
2025-07-04 17:38:43,399 - INFO - [BEL/USDT] Volume check: 2,202,276.18
2025-07-04 17:38:43,643 - INFO - [UNI/USDT] Volume check: 80,873,865.74
2025-07-04 17:38:43,890 - INFO - [OXT/USDT] Volume check: 319,655.59
2025-07-04 17:38:44,135 - INFO - [SUN/USDT] Volume check: 358,437.68
2025-07-04 17:38:44,380 - INFO - [AVAX/USDT] Volume check: 34,368,476.44
2025-07-04 17:38:44,624 - INFO - [FLM/USDT] Volume check: 644,055.32
2025-07-04 17:38:44,878 - INFO - [UTK/USDT] Volume check: 395,349.53
2025-07-04 17:38:45,121 - INFO - [XVS/USDT] Volume check: 440,598.65
2025-07-04 17:38:45,367 - INFO - [AAVE/USDT] Volume check: 40,691,289.27
2025-07-04 17:38:45,610 - INFO - [NEAR/USDT] Volume check: 22,223,532.08
2025-07-04 17:38:45,859 - INFO - [FIL/USDT] Volume check: 9,771,365.85
2025-07-04 17:38:46,103 - INFO - [INJ/USDT] Volume check: 7,930,349.48
2025-07-04 17:38:46,359 - INFO - [AUDIO/USDT] Volume check: 646,547.71
2025-07-04 17:38:46,606 - INFO - [CTK/USDT] Volume check: 1,966,275.77
2025-07-04 17:38:46,852 - INFO - [AXS/USDT] Volume check: 3,160,132.70
2025-07-04 17:38:47,097 - INFO - [STRAX/USDT] Volume check: 7,794,298.52
2025-07-04 17:38:47,348 - INFO - [ROSE/USDT] Volume check: 2,042,364.11
2025-07-04 17:38:47,594 - INFO - [AVA/USDT] Volume check: 586,258.08
2025-07-04 17:38:47,848 - INFO - [SKL/USDT] Volume check: 626,177.15
2025-07-04 17:38:48,094 - INFO - [GRT/USDT] Volume check: 2,504,334.68
2025-07-04 17:38:48,337 - INFO - [JUV/USDT] Volume check: 1,145,869.73
2025-07-04 17:38:48,587 - INFO - [PSG/USDT] Volume check: 975,718.88
2025-07-04 17:38:48,834 - INFO - [1INCH/USDT] Volume check: 982,926.47
2025-07-04 17:38:49,081 - INFO - [OG/USDT] Volume check: 863,399.88
2025-07-04 17:38:49,335 - INFO - [ATM/USDT] Volume check: 357,946.20
2025-07-04 17:38:49,591 - INFO - [ASR/USDT] Volume check: 550,563.86
2025-07-04 17:38:49,843 - INFO - [CELO/USDT] Volume check: 1,889,697.54
2025-07-04 17:38:50,090 - INFO - [RIF/USDT] Volume check: 268,671.52
2025-07-04 17:38:50,336 - INFO - [TRU/USDT] Volume check: 816,017.99
2025-07-04 17:38:50,585 - INFO - [CKB/USDT] Volume check: 947,386.79
2025-07-04 17:38:50,834 - INFO - [TWT/USDT] Volume check: 447,361.53
2025-07-04 17:38:51,084 - INFO - [SFP/USDT] Volume check: 285,969.71
2025-07-04 17:38:51,333 - INFO - [DODO/USDT] Volume check: 497,962.60
2025-07-04 17:38:51,579 - INFO - [CAKE/USDT] Volume check: 8,834,197.02
2025-07-04 17:38:51,823 - INFO - [ACM/USDT] Volume check: 626,069.17
2025-07-04 17:38:52,078 - INFO - [FIS/USDT] Volume check: 746,907.05
2025-07-04 17:38:52,326 - INFO - [OM/USDT] Volume check: 6,805,119.40
2025-07-04 17:38:52,570 - INFO - [POND/USDT] Volume check: 349,572.94
2025-07-04 17:38:52,816 - INFO - [DEGO/USDT] Volume check: 677,526.43
2025-07-04 17:38:53,058 - INFO - [ALICE/USDT] Volume check: 936,096.08
2025-07-04 17:38:53,302 - INFO - [PERP/USDT] Volume check: 804,137.19
2025-07-04 17:38:53,552 - INFO - [SUPER/USDT] Volume check: 1,947,457.88
2025-07-04 17:38:53,800 - INFO - [CFX/USDT] Volume check: 2,775,422.30
2025-07-04 17:38:54,050 - INFO - [TKO/USDT] Volume check: 470,247.08
2025-07-04 17:38:54,294 - INFO - [PUNDIX/USDT] Volume check: 2,155,234.37
2025-07-04 17:38:54,540 - INFO - [TLM/USDT] Volume check: 540,982.39
2025-07-04 17:38:54,792 - INFO - [BAR/USDT] Volume check: 3,284,327.81
2025-07-04 17:38:55,046 - INFO - [FORTH/USDT] Volume check: 309,271.35
2025-07-04 17:38:55,294 - INFO - [BAKE/USDT] Volume check: 1,035,632.75
2025-07-04 17:38:55,541 - INFO - [SLP/USDT] Volume check: 333,919.27
2025-07-04 17:38:55,788 - INFO - [SHIB/USDT] Volume check: 11,322,003.04
2025-07-04 17:38:56,045 - INFO - [ICP/USDT] Volume check: 5,617,327.48
2025-07-04 17:38:56,289 - INFO - [AR/USDT] Volume check: 3,131,529.35
2025-07-04 17:38:56,538 - INFO - [MASK/USDT] Volume check: 2,574,446.61
2025-07-04 17:38:56,786 - INFO - [LPT/USDT] Volume check: 3,331,658.40
2025-07-04 17:38:57,033 - INFO - [XVG/USDT] Volume check: 606,246.31
2025-07-04 17:38:57,282 - INFO - [ATA/USDT] Volume check: 3,147,196.81
2025-07-04 17:38:57,528 - INFO - [GTC/USDT] Volume check: 145,622.79
2025-07-04 17:38:57,775 - INFO - [PHA/USDT] Volume check: 568,244.69
2025-07-04 17:38:58,018 - INFO - [MLN/USDT] Volume check: 468,277.62
2025-07-04 17:38:58,271 - INFO - [DEXE/USDT] Volume check: 893,483.54
2025-07-04 17:38:58,527 - INFO - [C98/USDT] Volume check: 704,932.12
2025-07-04 17:38:58,771 - INFO - [QNT/USDT] Volume check: 1,825,369.92
2025-07-04 17:38:59,019 - INFO - [FLOW/USDT] Volume check: 1,018,531.70
2025-07-04 17:38:59,263 - INFO - [MINA/USDT] Volume check: 1,790,122.38
2025-07-04 17:38:59,508 - INFO - [RAY/USDT] Volume check: 5,287,809.97
2025-07-04 17:38:59,751 - INFO - [FARM/USDT] Volume check: 240,154.81
2025-07-04 17:39:00,003 - INFO - [QUICK/USDT] Volume check: 837,978.98
2025-07-04 17:39:00,247 - INFO - [MBOX/USDT] Volume check: 1,376,465.57
2025-07-04 17:39:00,494 - INFO - [REQ/USDT] Volume check: 228,216.45
2025-07-04 17:39:00,738 - INFO - [GHST/USDT] Volume check: 300,548.78
2025-07-04 17:39:00,992 - INFO - [WAXP/USDT] Volume check: 350,282.36
2025-07-04 17:39:01,240 - INFO - [GNO/USDT] Volume check: 239,466.05
2025-07-04 17:39:01,483 - INFO - [XEC/USDT] Volume check: 334,859.94
2025-07-04 17:39:01,728 - INFO - [DYDX/USDT] Volume check: 3,678,026.57
2025-07-04 17:39:01,984 - INFO - [IDEX/USDT] Volume check: 563,780.59
2025-07-04 17:39:02,232 - INFO - [USDP/USDT] Volume check: 2,324,819.97
2025-07-04 17:39:02,484 - INFO - [GALA/USDT] Volume check: 9,618,417.98
2025-07-04 17:39:02,730 - INFO - [ILV/USDT] Volume check: 678,354.59
2025-07-04 17:39:02,974 - INFO - [YGG/USDT] Volume check: 1,166,219.61
2025-07-04 17:39:03,230 - INFO - [SYS/USDT] Volume check: 355,541.30
2025-07-04 17:39:03,475 - INFO - [DF/USDT] Volume check: 673,803.46
2025-07-04 17:39:03,721 - INFO - [FIDA/USDT] Volume check: 2,819,481.34
2025-07-04 17:39:03,966 - INFO - [AGLD/USDT] Volume check: 1,044,355.63
2025-07-04 17:39:04,214 - INFO - [RAD/USDT] Volume check: 335,768.38
2025-07-04 17:39:04,462 - INFO - [RARE/USDT] Volume check: 1,031,622.52
2025-07-04 17:39:04,710 - INFO - [LAZIO/USDT] Volume check: 753,071.89
2025-07-04 17:39:04,966 - INFO - [CHESS/USDT] Volume check: 4,058,511.41
2025-07-04 17:39:05,214 - INFO - [ADX/USDT] Volume check: 401,329.91
2025-07-04 17:39:05,461 - INFO - [AUCTION/USDT] Volume check: 1,012,308.71
2025-07-04 17:39:05,712 - INFO - [MOVR/USDT] Volume check: 448,807.77
2025-07-04 17:39:05,959 - INFO - [CITY/USDT] Volume check: 821,338.66
2025-07-04 17:39:06,204 - INFO - [ENS/USDT] Volume check: 3,658,758.13
2025-07-04 17:39:06,447 - INFO - [QI/USDT] Volume check: 449,040.18
2025-07-04 17:39:06,700 - INFO - [PORTO/USDT] Volume check: 383,429.84
2025-07-04 17:39:06,954 - INFO - [POWR/USDT] Volume check: 184,651.34
2025-07-04 17:39:07,209 - INFO - [JASMY/USDT] Volume check: 3,806,710.86
2025-07-04 17:39:07,453 - INFO - [AMP/USDT] Volume check: 7,563,813.86
2025-07-04 17:39:07,699 - INFO - [PYR/USDT] Volume check: 1,118,845.51
2025-07-04 17:39:07,942 - INFO - [ALCX/USDT] Volume check: 405,781.08
2025-07-04 17:39:08,187 - INFO - [SANTOS/USDT] Volume check: 1,593,136.01
2025-07-04 17:39:08,431 - INFO - [BICO/USDT] Volume check: 541,688.95
2025-07-04 17:39:08,674 - INFO - [FLUX/USDT] Volume check: 780,130.27
2025-07-04 17:39:08,930 - INFO - [FXS/USDT] Volume check: 743,709.35
2025-07-04 17:39:09,178 - INFO - [VOXEL/USDT] Volume check: 4,364,336.99
2025-07-04 17:39:09,497 - INFO - [HIGH/USDT] Volume check: 796,414.59
2025-07-04 17:39:09,743 - INFO - [CVX/USDT] Volume check: 695,268.70
2025-07-04 17:39:10,045 - INFO - [PEOPLE/USDT] Volume check: 4,375,523.99
2025-07-04 17:39:10,294 - INFO - [SPELL/USDT] Volume check: 755,519.34
2025-07-04 17:39:10,555 - INFO - [JOE/USDT] Volume check: 378,677.42
2025-07-04 17:39:10,896 - INFO - [ACH/USDT] Volume check: 2,291,356.63
2025-07-04 17:39:11,154 - INFO - [IMX/USDT] Volume check: 2,014,623.54
2025-07-04 17:39:11,403 - INFO - [GLMR/USDT] Volume check: 544,799.14
2025-07-04 17:39:11,651 - INFO - [LOKA/USDT] Volume check: 8,252,294.85
2025-07-04 17:39:11,996 - INFO - [SCRT/USDT] Volume check: 161,192.22
2025-07-04 17:39:12,297 - INFO - [API3/USDT] Volume check: 653,303.56
2025-07-04 17:39:12,542 - INFO - [BTTC/USDT] Volume check: 862,262.24
2025-07-04 17:39:12,795 - INFO - [ACA/USDT] Volume check: 585,207.87
2025-07-04 17:39:13,048 - INFO - [XNO/USDT] Volume check: 181,725.01
2025-07-04 17:39:13,294 - INFO - [WOO/USDT] Volume check: 842,121.15
2025-07-04 17:39:13,543 - INFO - [ALPINE/USDT] Volume check: 300,116.02
2025-07-04 17:39:13,788 - INFO - [T/USDT] Volume check: 1,071,316.10
2025-07-04 17:39:14,035 - INFO - [ASTR/USDT] Volume check: 1,874,954.67
2025-07-04 17:39:14,279 - INFO - [GMT/USDT] Volume check: 2,727,782.98
2025-07-04 17:39:14,526 - INFO - [KDA/USDT] Volume check: 1,026,865.01
2025-07-04 17:39:14,778 - INFO - [APE/USDT] Volume check: 1,588,699.17
2025-07-04 17:39:15,033 - INFO - [BIFI/USDT] Volume check: 423,602.82
2025-07-04 17:39:15,278 - INFO - [STEEM/USDT] Volume check: 563,650.43
2025-07-04 17:39:15,523 - INFO - [NEXO/USDT] Volume check: 1,339,351.48
2025-07-04 17:39:15,770 - INFO - [REI/USDT] Volume check: 1,021,514.54
2025-07-04 17:39:16,023 - INFO - [LDO/USDT] Volume check: 7,459,237.65
2025-07-04 17:39:16,267 - INFO - [OP/USDT] Volume check: 9,476,626.29
2025-07-04 17:39:16,514 - INFO - [STG/USDT] Volume check: 441,826.74
2025-07-04 17:39:16,768 - INFO - [LUNC/USDT] Volume check: 1,589,103.23
2025-07-04 17:39:17,012 - INFO - [GMX/USDT] Volume check: 992,988.96
2025-07-04 17:39:17,256 - INFO - [POLYX/USDT] Volume check: 565,471.55
2025-07-04 17:39:17,512 - INFO - [APT/USDT] Volume check: 23,430,160.81
2025-07-04 17:39:17,763 - INFO - [OSMO/USDT] Volume check: 439,314.67
2025-07-04 17:39:18,008 - INFO - [HFT/USDT] Volume check: 12,048,002.32
2025-07-04 17:39:18,273 - INFO - [PHB/USDT] Volume check: 527,622.32
2025-07-04 17:39:18,527 - INFO - [HOOK/USDT] Volume check: 5,945,932.21
2025-07-04 17:39:18,772 - INFO - [MAGIC/USDT] Volume check: 776,085.37
2025-07-04 17:39:19,018 - INFO - [HIFI/USDT] Volume check: 6,724,544.38
2025-07-04 17:39:19,271 - INFO - [RPL/USDT] Volume check: 1,237,446.44
2025-07-04 17:39:19,516 - INFO - [GNS/USDT] Volume check: 604,947.79
2025-07-04 17:39:19,770 - INFO - [SYN/USDT] Volume check: 536,702.08
2025-07-04 17:39:20,020 - INFO - [SSV/USDT] Volume check: 1,948,144.61
2025-07-04 17:39:20,273 - INFO - [LQTY/USDT] Volume check: 2,037,474.13
2025-07-04 17:39:20,519 - INFO - [USTC/USDT] Volume check: 900,647.13
2025-07-04 17:39:20,776 - INFO - [GAS/USDT] Volume check: 833,196.25
2025-07-04 17:39:21,028 - INFO - [GLM/USDT] Volume check: 2,207,603.93
2025-07-04 17:39:21,275 - INFO - [PROM/USDT] Volume check: 2,035,641.83
2025-07-04 17:39:21,525 - INFO - [QKC/USDT] Volume check: 439,824.28
2025-07-04 17:39:21,778 - INFO - [ID/USDT] Volume check: 878,268.48
2025-07-04 17:39:22,030 - INFO - [ARB/USDT] Volume check: 23,733,001.25
2025-07-04 17:39:22,287 - INFO - [RDNT/USDT] Volume check: 627,222.21
2025-07-04 17:39:22,541 - INFO - [WBTC/USDT] Volume check: 9,035,276.33
2025-07-04 17:39:22,794 - INFO - [EDU/USDT] Volume check: 288,190.14
2025-07-04 17:39:23,047 - INFO - [SUI/USDT] Volume check: 102,684,615.35
2025-07-04 17:39:23,291 - INFO - [PEPE/USDT] Volume check: 129,606,225.98
2025-07-04 17:39:23,537 - INFO - [FLOKI/USDT] Volume check: 14,665,038.98
2025-07-04 17:39:23,788 - INFO - [MAV/USDT] Volume check: 5,187,231.99
2025-07-04 17:39:24,044 - INFO - [PENDLE/USDT] Volume check: 6,580,361.07
2025-07-04 17:39:24,292 - INFO - [ARKM/USDT] Volume check: 3,716,713.30
2025-07-04 17:39:24,541 - INFO - [WBETH/USDT] Volume check: 749,656.79
2025-07-04 17:39:24,795 - INFO - [WLD/USDT] Volume check: 18,803,303.95
2025-07-04 17:39:25,043 - INFO - [FDUSD/USDT] Volume check: 264,950,765.52
2025-07-04 17:39:25,288 - INFO - [SEI/USDT] Volume check: 33,193,364.13
2025-07-04 17:39:25,543 - INFO - [CYBER/USDT] Volume check: 913,410.61
2025-07-04 17:39:25,789 - INFO - [ARK/USDT] Volume check: 12,256,845.15
2025-07-04 17:39:26,034 - INFO - [IQ/USDT] Volume check: 367,051.79
2025-07-04 17:39:26,281 - INFO - [NTRN/USDT] Volume check: 249,050.90
2025-07-04 17:39:26,526 - INFO - [TIA/USDT] Volume check: 15,295,011.96
2025-07-04 17:39:26,775 - INFO - [MEME/USDT] Volume check: 2,517,505.07
2025-07-04 17:39:27,029 - INFO - [ORDI/USDT] Volume check: 6,618,047.85
2025-07-04 17:39:27,277 - INFO - [BEAMX/USDT] Volume check: 4,423,725.37
2025-07-04 17:39:27,524 - INFO - [PIVX/USDT] Volume check: 251,206.79
2025-07-04 17:39:27,775 - INFO - [VIC/USDT] Volume check: 260,303.77
2025-07-04 17:39:28,027 - INFO - [BLUR/USDT] Volume check: 1,577,030.31
2025-07-04 17:39:28,275 - INFO - [VANRY/USDT] Volume check: 1,063,057.50
2025-07-04 17:39:28,534 - INFO - [AEUR/USDT] Volume check: 20,004.36
2025-07-04 17:39:28,782 - INFO - [JTO/USDT] Volume check: 3,172,290.54
2025-07-04 17:39:29,026 - INFO - [1000SATS/USDT] Volume check: 3,584,321.00
2025-07-04 17:39:29,271 - INFO - [BONK/USDT] Volume check: 39,319,294.39
2025-07-04 17:39:29,515 - INFO - [ACE/USDT] Volume check: 1,001,704.00
2025-07-04 17:39:29,763 - INFO - [NFP/USDT] Volume check: 602,802.26
2025-07-04 17:39:30,007 - INFO - [AI/USDT] Volume check: 1,139,524.26
2025-07-04 17:39:30,255 - INFO - [XAI/USDT] Volume check: 2,510,193.21
2025-07-04 17:39:30,509 - INFO - [MANTA/USDT] Volume check: 2,549,399.19
2025-07-04 17:39:30,761 - INFO - [ALT/USDT] Volume check: 1,739,520.24
2025-07-04 17:39:31,007 - INFO - [JUP/USDT] Volume check: 6,296,482.96
2025-07-04 17:39:31,253 - INFO - [PYTH/USDT] Volume check: 2,923,361.10
2025-07-04 17:39:31,505 - INFO - [RONIN/USDT] Volume check: 10,595,024.26
2025-07-04 17:39:31,768 - INFO - [DYM/USDT] Volume check: 989,134.83
2025-07-04 17:39:32,023 - INFO - [PIXEL/USDT] Volume check: 5,493,861.31
2025-07-04 17:39:32,272 - INFO - [STRK/USDT] Volume check: 2,410,295.20
2025-07-04 17:39:32,516 - INFO - [PORTAL/USDT] Volume check: 10,171,648.70
2025-07-04 17:39:32,762 - INFO - [AXL/USDT] Volume check: 973,684.36
2025-07-04 17:39:33,005 - INFO - [WIF/USDT] Volume check: 48,543,677.64
2025-07-04 17:39:33,251 - INFO - [METIS/USDT] Volume check: 1,589,514.86
2025-07-04 17:39:33,499 - INFO - [AEVO/USDT] Volume check: 793,176.18
2025-07-04 17:39:33,753 - INFO - [BOME/USDT] Volume check: 4,734,363.63
2025-07-04 17:39:34,010 - INFO - [ETHFI/USDT] Volume check: 14,447,510.43
2025-07-04 17:39:34,260 - INFO - [ENA/USDT] Volume check: 33,437,890.90
2025-07-04 17:39:34,505 - INFO - [W/USDT] Volume check: 3,825,459.06
2025-07-04 17:39:34,752 - INFO - [TNSR/USDT] Volume check: 2,439,588.45
2025-07-04 17:39:35,000 - INFO - [SAGA/USDT] Volume check: 2,276,950.21
2025-07-04 17:39:35,257 - INFO - [TAO/USDT] Volume check: 17,877,285.35
2025-07-04 17:39:35,504 - INFO - [OMNI/USDT] Volume check: 2,718,167.95
2025-07-04 17:39:35,761 - INFO - [REZ/USDT] Volume check: 1,576,341.73
2025-07-04 17:39:36,009 - INFO - [BB/USDT] Volume check: 1,620,224.34
2025-07-04 17:39:36,263 - INFO - [NOT/USDT] Volume check: 1,730,977.45
2025-07-04 17:39:36,518 - INFO - [IO/USDT] Volume check: 3,380,804.68
2025-07-04 17:39:36,766 - INFO - [ZK/USDT] Volume check: 5,147,811.84
2025-07-04 17:39:37,011 - INFO - [LISTA/USDT] Volume check: 3,159,547.19
2025-07-04 17:39:37,267 - INFO - [ZRO/USDT] Volume check: 3,895,677.74
2025-07-04 17:39:37,519 - INFO - [G/USDT] Volume check: 4,174,734.41
2025-07-04 17:39:37,768 - INFO - [BANANA/USDT] Volume check: 1,952,133.73
2025-07-04 17:39:38,030 - INFO - [RENDER/USDT] Volume check: 8,104,084.06
2025-07-04 17:39:38,286 - INFO - [TON/USDT] Volume check: 16,124,791.89
2025-07-04 17:39:38,532 - INFO - [DOGS/USDT] Volume check: 1,654,845.51
2025-07-04 17:39:38,784 - INFO - [EURI/USDT] Volume check: 1,794,100.79
2025-07-04 17:39:39,032 - INFO - [SLF/USDT] Volume check: 899,465.82
2025-07-04 17:39:39,287 - INFO - [POL/USDT] Volume check: 6,033,725.08
2025-07-04 17:39:39,538 - INFO - [NEIRO/USDT] Volume check: 44,127,047.89
2025-07-04 17:39:39,784 - INFO - [TURBO/USDT] Volume check: 3,267,694.82
2025-07-04 17:39:40,029 - INFO - [1MBABYDOGE/USDT] Volume check: 2,313,977.48
2025-07-04 17:39:40,273 - INFO - [CATI/USDT] Volume check: 766,132.96
2025-07-04 17:39:40,519 - INFO - [HMSTR/USDT] Volume check: 1,328,724.86
2025-07-04 17:39:40,776 - INFO - [EIGEN/USDT] Volume check: 9,160,194.14
2025-07-04 17:39:41,022 - INFO - [SCR/USDT] Volume check: 3,556,959.58
2025-07-04 17:39:41,270 - INFO - [BNSOL/USDT] Volume check: 955,798.76
2025-07-04 17:39:41,519 - INFO - [LUMIA/USDT] Volume check: 1,062,300.29
2025-07-04 17:39:41,767 - INFO - [KAIA/USDT] Volume check: 4,484,583.56
2025-07-04 17:39:42,024 - INFO - [COW/USDT] Volume check: 3,016,763.33
2025-07-04 17:39:42,273 - INFO - [CETUS/USDT] Volume check: 1,380,135.07
2025-07-04 17:39:42,521 - INFO - [PNUT/USDT] Volume check: 24,878,879.30
2025-07-04 17:39:42,766 - INFO - [ACT/USDT] Volume check: 1,947,011.25
2025-07-04 17:39:43,024 - INFO - [USUAL/USDT] Volume check: 3,373,035.63
2025-07-04 17:39:43,281 - INFO - [THE/USDT] Volume check: 1,759,328.00
2025-07-04 17:39:43,536 - INFO - [ACX/USDT] Volume check: 685,221.47
2025-07-04 17:39:43,782 - INFO - [ORCA/USDT] Volume check: 2,527,670.63
2025-07-04 17:39:44,027 - INFO - [MOVE/USDT] Volume check: 2,168,298.60
2025-07-04 17:39:44,275 - INFO - [ME/USDT] Volume check: 789,033.95
2025-07-04 17:39:44,528 - INFO - [VELODROME/USDT] Volume check: 614,245.76
2025-07-04 17:39:44,776 - INFO - [VANA/USDT] Volume check: 2,045,281.23
2025-07-04 17:39:45,020 - INFO - [1000CAT/USDT] Volume check: 1,502,890.11
2025-07-04 17:39:45,265 - INFO - [PENGU/USDT] Volume check: 73,083,586.53
2025-07-04 17:39:45,513 - INFO - [BIO/USDT] Volume check: 1,310,218.77
2025-07-04 17:39:45,760 - INFO - [D/USDT] Volume check: 5,139,719.20
2025-07-04 17:39:46,005 - INFO - [AIXBT/USDT] Volume check: 6,868,085.27
2025-07-04 17:39:46,250 - INFO - [CGPT/USDT] Volume check: 1,288,185.16
2025-07-04 17:39:46,494 - INFO - [COOKIE/USDT] Volume check: 3,145,776.49
2025-07-04 17:39:46,741 - INFO - [S/USDT] Volume check: 14,987,536.76
2025-07-04 17:39:46,994 - INFO - [SOLV/USDT] Volume check: 953,664.07
2025-07-04 17:39:47,245 - INFO - [TRUMP/USDT] Volume check: 24,915,366.66
2025-07-04 17:39:47,501 - INFO - [ANIME/USDT] Volume check: 1,279,681.42
2025-07-04 17:39:47,749 - INFO - [BERA/USDT] Volume check: 3,223,196.37
2025-07-04 17:39:48,004 - INFO - [1000CHEEMS/USDT] Volume check: 1,058,815.18
2025-07-04 17:39:48,261 - INFO - [TST/USDT] Volume check: 779,021.12
2025-07-04 17:39:48,506 - INFO - [LAYER/USDT] Volume check: 1,325,685.43
2025-07-04 17:39:48,760 - INFO - [HEI/USDT] Volume check: 559,013.44
2025-07-04 17:39:49,008 - INFO - [KAITO/USDT] Volume check: 5,421,455.66
2025-07-04 17:39:49,254 - INFO - [SHELL/USDT] Volume check: 589,535.74
2025-07-04 17:39:49,498 - INFO - [RED/USDT] Volume check: 632,713.59
2025-07-04 17:39:49,744 - INFO - [GPS/USDT] Volume check: 1,419,690.90
2025-07-04 17:39:49,999 - INFO - [EPIC/USDT] Volume check: 1,104,123.99
2025-07-04 17:39:50,243 - INFO - [BMT/USDT] Volume check: 2,171,339.56
2025-07-04 17:39:50,490 - INFO - [FORM/USDT] Volume check: 9,787,027.29
2025-07-04 17:39:50,743 - INFO - [XUSD/USDT] Volume check: 7,524,533.14
2025-07-04 17:39:50,987 - INFO - [NIL/USDT] Volume check: 1,110,220.73
2025-07-04 17:39:51,237 - INFO - [PARTI/USDT] Volume check: 6,550,343.08
2025-07-04 17:39:51,481 - INFO - [MUBARAK/USDT] Volume check: 6,524,568.66
2025-07-04 17:39:51,729 - INFO - [TUT/USDT] Volume check: 2,276,132.99
2025-07-04 17:39:51,973 - INFO - [BROCCOLI714/USDT] Volume check: 11,894,784.71
2025-07-04 17:39:52,220 - INFO - [BANANAS31/USDT] Volume check: 10,369,033.97
2025-07-04 17:39:52,469 - INFO - [GUN/USDT] Volume check: 23,525,820.61
2025-07-04 17:39:52,724 - INFO - [BABY/USDT] Volume check: 891,274.53
2025-07-04 17:39:52,969 - INFO - [ONDO/USDT] Volume check: 10,888,909.68
2025-07-04 17:39:53,216 - INFO - [BIGTIME/USDT] Volume check: 1,098,156.43
2025-07-04 17:39:53,460 - INFO - [VIRTUAL/USDT] Volume check: 27,235,294.07
2025-07-04 17:39:53,705 - INFO - [KERNEL/USDT] Volume check: 568,026.51
2025-07-04 17:39:53,950 - INFO - [WCT/USDT] Volume check: 2,956,164.37
2025-07-04 17:39:54,207 - INFO - [HYPER/USDT] Volume check: 1,042,028.59
2025-07-04 17:39:54,464 - INFO - [INIT/USDT] Volume check: 6,300,019.78
2025-07-04 17:39:54,710 - INFO - [SIGN/USDT] Volume check: 930,668.51
2025-07-04 17:39:54,969 - INFO - [STO/USDT] Volume check: 1,292,370.53
2025-07-04 17:39:55,220 - INFO - [SYRUP/USDT] Volume check: 29,588,075.28
2025-07-04 17:39:55,467 - INFO - [KMNO/USDT] Volume check: 671,589.13
2025-07-04 17:39:55,714 - INFO - [SXT/USDT] Volume check: 2,068,134.92
2025-07-04 17:39:55,961 - INFO - [NXPC/USDT] Volume check: 1,882,912.93
2025-07-04 17:39:56,209 - INFO - [AWE/USDT] Volume check: 4,949,441.38
2025-07-04 17:39:56,454 - INFO - [HAEDAL/USDT] Volume check: 3,006,945.97
2025-07-04 17:39:56,701 - INFO - [USD1/USDT] Volume check: 1,904,838.96
2025-07-04 17:39:56,956 - INFO - [HUMA/USDT] Volume check: 10,170,205.03
2025-07-04 17:39:57,203 - INFO - [A/USDT] Volume check: 3,140,360.30
2025-07-04 17:39:57,453 - INFO - [SOPH/USDT] Volume check: 3,395,288.21
2025-07-04 17:39:57,700 - INFO - [RESOLV/USDT] Volume check: 4,877,803.62
2025-07-04 17:39:57,943 - INFO - [HOME/USDT] Volume check: 1,128,954.84
2025-07-04 17:39:58,190 - INFO - [SPK/USDT] Volume check: 7,016,885.85
2025-07-04 17:39:58,456 - INFO - [NEWT/USDT] Volume check: 53,407,589.41
2025-07-04 17:39:58,705 - INFO - [SAHARA/USDT] Volume check: 30,097,517.08
2025-07-04 17:39:58,806 - INFO - Selected top 30 USDT pairs with volume > $500,000: ['BTC/USDT', 'ETH/USDT', 'USDC/USDT', 'SOL/USDT', 'FDUSD/USDT', 'XRP/USDT', 'PEPE/USDT', 'DOGE/USDT', 'SUI/USDT', 'UNI/USDT', 'PENGU/USDT', 'BNB/USDT', 'TRX/USDT', 'NEWT/USDT', 'ADA/USDT', 'WIF/USDT', 'FUN/USDT', 'NEIRO/USDT', 'AAVE/USDT', 'BONK/USDT', 'LTC/USDT', 'AVAX/USDT', 'ENA/USDT', 'SEI/USDT', 'EUR/USDT', 'SAHARA/USDT', 'LINK/USDT', 'SYRUP/USDT', 'VIRTUAL/USDT', 'TRUMP/USDT']
2025-07-04 17:39:58,807 - INFO - Starting scan cycle for 30 symbols
2025-07-04 17:39:58,807 - INFO - [BTC/USDT] Scanning for signal
2025-07-04 17:39:58,954 - INFO - [BTC/USDT] Volume check: 1,160,197,955.79
2025-07-04 17:39:58,954 - INFO - [ETH/USDT] Scanning for signal
2025-07-04 17:39:59,106 - INFO - [ETH/USDT] Volume check: 1,059,076,225.04
2025-07-04 17:39:59,107 - INFO - [USDC/USDT] Scanning for signal
2025-07-04 17:39:59,264 - INFO - [USDC/USDT] Volume check: 799,942,202.62
2025-07-04 17:39:59,265 - INFO - [SOL/USDT] Scanning for signal
2025-07-04 17:39:59,411 - INFO - [SOL/USDT] Volume check: 339,010,231.97
2025-07-04 17:39:59,412 - INFO - [FDUSD/USDT] Scanning for signal
2025-07-04 17:39:59,564 - INFO - [FDUSD/USDT] Volume check: 264,919,412.55
2025-07-04 17:39:59,565 - INFO - [XRP/USDT] Scanning for signal
2025-07-04 17:39:59,710 - INFO - [XRP/USDT] Volume check: 175,099,311.59
2025-07-04 17:39:59,710 - INFO - [PEPE/USDT] Scanning for signal
2025-07-04 17:39:59,865 - INFO - [PEPE/USDT] Volume check: 129,681,305.84
2025-07-04 17:39:59,866 - INFO - [DOGE/USDT] Scanning for signal
2025-07-04 17:40:00,013 - INFO - [DOGE/USDT] Volume check: 116,474,524.83
2025-07-04 17:40:00,013 - INFO - [SUI/USDT] Scanning for signal
2025-07-04 17:40:00,162 - INFO - [SUI/USDT] Volume check: 102,654,530.96
2025-07-04 17:40:00,162 - INFO - [UNI/USDT] Scanning for signal
2025-07-04 17:40:00,311 - INFO - [UNI/USDT] Volume check: 80,973,550.35
2025-07-04 17:40:00,312 - INFO - [PENGU/USDT] Scanning for signal
2025-07-04 17:40:00,452 - INFO - [PENGU/USDT] Volume check: 73,077,748.89
2025-07-04 17:40:00,453 - INFO - [BNB/USDT] Scanning for signal
2025-07-04 17:40:00,598 - INFO - [BNB/USDT] Volume check: 61,873,875.47
2025-07-04 17:40:00,599 - INFO - [TRX/USDT] Scanning for signal
2025-07-04 17:40:00,745 - INFO - [TRX/USDT] Volume check: 55,913,093.73
2025-07-04 17:40:00,746 - INFO - [NEWT/USDT] Scanning for signal
2025-07-04 17:40:00,889 - INFO - [NEWT/USDT] Volume check: 53,405,012.77
2025-07-04 17:40:00,890 - INFO - [ADA/USDT] Scanning for signal
2025-07-04 17:40:01,048 - INFO - [ADA/USDT] Volume check: 48,666,508.37
2025-07-04 17:40:01,048 - INFO - [WIF/USDT] Scanning for signal
2025-07-04 17:40:01,198 - INFO - [WIF/USDT] Volume check: 48,537,255.83
2025-07-04 17:40:01,199 - INFO - [FUN/USDT] Scanning for signal
2025-07-04 17:40:01,347 - INFO - [FUN/USDT] Volume check: 44,970,009.77
2025-07-04 17:40:01,347 - INFO - [NEIRO/USDT] Scanning for signal
2025-07-04 17:40:01,497 - INFO - [NEIRO/USDT] Volume check: 44,157,100.42
2025-07-04 17:40:01,498 - INFO - [AAVE/USDT] Scanning for signal
2025-07-04 17:40:01,645 - INFO - [AAVE/USDT] Volume check: 40,657,299.51
2025-07-04 17:40:01,646 - INFO - [BONK/USDT] Scanning for signal
2025-07-04 17:40:01,802 - INFO - [BONK/USDT] Volume check: 39,321,855.79
2025-07-04 17:40:01,803 - INFO - [LTC/USDT] Scanning for signal
2025-07-04 17:40:01,948 - INFO - [LTC/USDT] Volume check: 35,251,936.01
2025-07-04 17:40:01,948 - INFO - [AVAX/USDT] Scanning for signal
2025-07-04 17:40:02,109 - INFO - [AVAX/USDT] Volume check: 34,359,981.84
2025-07-04 17:40:02,110 - INFO - [ENA/USDT] Scanning for signal
2025-07-04 17:40:02,256 - INFO - [ENA/USDT] Volume check: 33,394,890.59
2025-07-04 17:40:02,257 - INFO - [SEI/USDT] Scanning for signal
2025-07-04 17:40:02,412 - INFO - [SEI/USDT] Volume check: 33,191,115.08
2025-07-04 17:40:02,413 - INFO - [EUR/USDT] Scanning for signal
2025-07-04 17:40:02,561 - INFO - [EUR/USDT] Volume check: 30,200,830.18
2025-07-04 17:40:02,562 - INFO - [SAHARA/USDT] Scanning for signal
2025-07-04 17:40:02,712 - INFO - [SAHARA/USDT] Volume check: 30,090,319.62
2025-07-04 17:40:02,713 - INFO - [LINK/USDT] Scanning for signal
2025-07-04 17:40:02,861 - INFO - [LINK/USDT] Volume check: 29,603,788.58
2025-07-04 17:40:02,862 - INFO - [SYRUP/USDT] Scanning for signal
2025-07-04 17:40:03,011 - INFO - [SYRUP/USDT] Volume check: 29,581,988.06
2025-07-04 17:40:03,012 - INFO - [VIRTUAL/USDT] Scanning for signal
2025-07-04 17:40:03,159 - INFO - [VIRTUAL/USDT] Volume check: 27,218,719.92
2025-07-04 17:40:03,159 - INFO - [TRUMP/USDT] Scanning for signal
2025-07-04 17:40:03,312 - INFO - [TRUMP/USDT] Volume check: 24,915,364.70
2025-07-04 17:54:16,303 - INFO - Starting bot initialization
2025-07-04 17:54:16,306 - INFO - Initializing Binance exchange
2025-07-04 17:54:16,316 - INFO - Testing Binance API keys
2025-07-04 17:54:18,403 - INFO - API key test successful: BTC/USDT - 107892.77
2025-07-04 17:54:18,404 - INFO - Setting up Telegram bot
2025-07-04 17:54:19,176 - INFO - Telegram bot polling started
2025-07-04 17:54:19,176 - INFO - Attempting to fetch USDT pairs
2025-07-04 17:54:19,176 - INFO - Fetching USDT pairs from Binance
2025-07-04 17:54:19,387 - INFO - Selected top 30 USDT pairs with volume > $500,000: ['BTC/USDT', 'ETH/USDT', 'USDC/USDT', 'SOL/USDT', 'FDUSD/USDT', 'XRP/USDT', 'PEPE/USDT', 'DOGE/USDT', 'SUI/USDT', 'UNI/USDT', 'PENGU/USDT', 'BNB/USDT', 'TRX/USDT', 'NEWT/USDT', 'ADA/USDT', 'WIF/USDT', 'FUN/USDT', 'NEIRO/USDT', 'AAVE/USDT', 'BONK/USDT', 'LTC/USDT', 'AVAX/USDT', 'ENA/USDT', 'SEI/USDT', 'EUR/USDT', 'SAHARA/USDT', 'LINK/USDT', 'SYRUP/USDT', 'VIRTUAL/USDT', 'TRUMP/USDT']
2025-07-04 17:54:19,394 - INFO - Starting scan cycle for 30 symbols
2025-07-04 17:54:19,395 - INFO - [BTC/USDT] Scanning for signal
2025-07-04 17:54:19,553 - INFO - [BTC/USDT] Volume check: 1,160,459,436.07
2025-07-04 17:54:19,553 - INFO - [ETH/USDT] Scanning for signal
2025-07-04 17:54:19,705 - INFO - [ETH/USDT] Volume check: 1,065,450,692.70
2025-07-04 17:54:19,705 - INFO - [USDC/USDT] Scanning for signal
2025-07-04 17:54:19,867 - INFO - [USDC/USDT] Volume check: 801,000,625.00
2025-07-04 17:54:19,867 - INFO - [SOL/USDT] Scanning for signal
2025-07-04 17:54:20,021 - INFO - [SOL/USDT] Volume check: 344,079,784.73
2025-07-04 17:54:20,022 - INFO - [FDUSD/USDT] Scanning for signal
2025-07-04 17:54:20,173 - INFO - [FDUSD/USDT] Volume check: 263,260,561.28
2025-07-04 17:54:20,173 - INFO - [XRP/USDT] Scanning for signal
2025-07-04 17:54:20,319 - INFO - [XRP/USDT] Volume check: 175,053,596.71
2025-07-04 17:54:20,321 - INFO - [PEPE/USDT] Scanning for signal
2025-07-04 17:54:20,475 - INFO - [PEPE/USDT] Volume check: 129,942,801.80
2025-07-04 17:54:20,475 - INFO - [DOGE/USDT] Scanning for signal
2025-07-04 17:54:20,618 - INFO - [DOGE/USDT] Volume check: 116,983,684.33
2025-07-04 17:54:20,619 - INFO - [SUI/USDT] Scanning for signal
2025-07-04 17:54:20,760 - INFO - [SUI/USDT] Volume check: 102,781,817.83
2025-07-04 17:54:20,761 - INFO - [UNI/USDT] Scanning for signal
2025-07-04 17:54:20,914 - INFO - [UNI/USDT] Volume check: 81,703,549.81
2025-07-04 17:54:20,915 - INFO - [PENGU/USDT] Scanning for signal
2025-07-04 17:54:21,059 - INFO - [PENGU/USDT] Volume check: 73,150,520.18
2025-07-04 17:54:21,060 - INFO - [BNB/USDT] Scanning for signal
2025-07-04 17:54:21,208 - INFO - [BNB/USDT] Volume check: 62,171,308.05
2025-07-04 17:54:21,209 - INFO - [TRX/USDT] Scanning for signal
2025-07-04 17:54:21,352 - INFO - [TRX/USDT] Volume check: 56,221,670.13
2025-07-04 17:54:21,353 - INFO - [NEWT/USDT] Scanning for signal
2025-07-04 17:54:21,502 - INFO - [NEWT/USDT] Volume check: 53,365,005.32
2025-07-04 17:54:21,502 - INFO - [ADA/USDT] Scanning for signal
2025-07-04 17:54:21,654 - INFO - [ADA/USDT] Volume check: 48,958,457.43
2025-07-04 17:54:21,654 - INFO - [WIF/USDT] Scanning for signal
2025-07-04 17:54:21,800 - INFO - [WIF/USDT] Volume check: 48,615,222.58
2025-07-04 17:54:21,800 - INFO - [FUN/USDT] Scanning for signal
2025-07-04 17:54:21,945 - INFO - [FUN/USDT] Volume check: 44,969,642.13
2025-07-04 17:54:21,945 - INFO - [NEIRO/USDT] Scanning for signal
2025-07-04 17:54:22,091 - INFO - [NEIRO/USDT] Volume check: 44,158,406.52
2025-07-04 17:54:22,094 - INFO - [AAVE/USDT] Scanning for signal
2025-07-04 17:54:22,243 - INFO - [AAVE/USDT] Volume check: 40,591,419.90
2025-07-04 17:54:22,244 - INFO - [BONK/USDT] Scanning for signal
2025-07-04 17:54:22,392 - INFO - [BONK/USDT] Volume check: 39,323,106.49
2025-07-04 17:54:22,393 - INFO - [LTC/USDT] Scanning for signal
2025-07-04 17:54:22,539 - INFO - [LTC/USDT] Volume check: 34,715,240.36
2025-07-04 17:54:22,540 - INFO - [AVAX/USDT] Scanning for signal
2025-07-04 17:54:22,687 - INFO - [AVAX/USDT] Volume check: 34,478,626.36
2025-07-04 17:54:22,687 - INFO - [ENA/USDT] Scanning for signal
2025-07-04 17:54:22,841 - INFO - [ENA/USDT] Volume check: 33,563,680.58
2025-07-04 17:54:22,841 - INFO - [SEI/USDT] Scanning for signal
2025-07-04 17:54:22,996 - INFO - [SEI/USDT] Volume check: 33,321,338.24
2025-07-04 17:54:22,997 - INFO - [EUR/USDT] Scanning for signal
2025-07-04 17:54:23,150 - INFO - [EUR/USDT] Volume check: 30,258,366.46
2025-07-04 17:54:23,150 - INFO - [SAHARA/USDT] Scanning for signal
2025-07-04 17:54:23,297 - INFO - [SAHARA/USDT] Volume check: 30,156,875.13
2025-07-04 17:54:23,298 - INFO - [LINK/USDT] Scanning for signal
2025-07-04 17:54:23,450 - INFO - [LINK/USDT] Volume check: 29,769,693.79
2025-07-04 17:54:23,451 - INFO - [SYRUP/USDT] Scanning for signal
2025-07-04 17:54:23,595 - INFO - [SYRUP/USDT] Volume check: 29,740,104.39
2025-07-04 17:54:23,596 - INFO - [VIRTUAL/USDT] Scanning for signal
2025-07-04 17:54:23,741 - INFO - [VIRTUAL/USDT] Volume check: 27,282,126.46
2025-07-04 17:54:23,741 - INFO - [TRUMP/USDT] Scanning for signal
2025-07-04 17:54:23,895 - INFO - [TRUMP/USDT] Volume check: 24,995,954.91
2025-07-04 17:54:41,092 - INFO - DataFrame validated successfully
2025-07-04 17:54:41,093 - INFO - [SOL/USDT] Fetched 50 candles for 15m
2025-07-04 17:54:41,096 - INFO - DataFrame validated successfully
2025-07-04 17:54:41,096 - INFO - [USDC/USDT] Fetched 50 candles for 15m
2025-07-04 17:54:41,319 - ERROR - [SAHARA/USDT] Error fetching OHLCV data: binance GET https://api.binance.com/api/v3/exchangeInfo
2025-07-04 17:54:41,319 - ERROR - [LINK/USDT] Error fetching OHLCV data: binance GET https://api.binance.com/api/v3/exchangeInfo
2025-07-04 17:54:41,319 - ERROR - [SYRUP/USDT] Error fetching OHLCV data: binance GET https://fapi.binance.com/fapi/v1/exchangeInfo
2025-07-04 17:54:41,319 - ERROR - [AVAX/USDT] Error fetching OHLCV data: binance GET https://dapi.binance.com/dapi/v1/exchangeInfo
2025-07-04 17:54:41,320 - ERROR - [NEIRO/USDT] Error fetching OHLCV data: binance GET https://dapi.binance.com/dapi/v1/exchangeInfo
2025-07-04 17:54:41,320 - ERROR - [AAVE/USDT] Error fetching OHLCV data: binance GET https://dapi.binance.com/dapi/v1/exchangeInfo
2025-07-04 17:54:41,320 - ERROR - [ADA/USDT] Error fetching OHLCV data: binance GET https://dapi.binance.com/dapi/v1/exchangeInfo
2025-07-04 17:54:41,320 - ERROR - [FUN/USDT] Error fetching OHLCV data: binance GET https://dapi.binance.com/dapi/v1/exchangeInfo
2025-07-04 17:54:41,320 - ERROR - [WIF/USDT] Error fetching OHLCV data: binance GET https://dapi.binance.com/dapi/v1/exchangeInfo
2025-07-04 17:54:41,320 - ERROR - [ENA/USDT] Error fetching OHLCV data: binance GET https://dapi.binance.com/dapi/v1/exchangeInfo
2025-07-04 17:54:41,321 - ERROR - [BONK/USDT] Error fetching OHLCV data: binance GET https://dapi.binance.com/dapi/v1/exchangeInfo
2025-07-04 17:54:41,321 - ERROR - [LTC/USDT] Error fetching OHLCV data: binance GET https://dapi.binance.com/dapi/v1/exchangeInfo
2025-07-04 17:54:41,321 - ERROR - [EUR/USDT] Error fetching OHLCV data: binance GET https://api.binance.com/api/v3/exchangeInfo
2025-07-04 17:54:41,321 - ERROR - [SEI/USDT] Error fetching OHLCV data: binance GET https://dapi.binance.com/dapi/v1/exchangeInfo
2025-07-04 17:54:41,321 - ERROR - [VIRTUAL/USDT] Error fetching OHLCV data: binance GET https://api.binance.com/api/v3/exchangeInfo
2025-07-04 17:54:41,321 - ERROR - [TRUMP/USDT] Error fetching OHLCV data: binance GET https://api.binance.com/api/v3/exchangeInfo
2025-07-04 17:54:41,329 - INFO - DataFrame validated successfully
2025-07-04 17:54:41,329 - INFO - [DOGE/USDT] Fetched 50 candles for 15m
2025-07-04 17:54:41,331 - INFO - DataFrame validated successfully
2025-07-04 17:54:41,331 - INFO - [SUI/USDT] Fetched 50 candles for 15m
2025-07-04 17:54:41,332 - INFO - DataFrame validated successfully
2025-07-04 17:54:41,332 - INFO - [UNI/USDT] Fetched 50 candles for 15m
2025-07-04 17:54:41,334 - INFO - DataFrame validated successfully
2025-07-04 17:54:41,334 - INFO - [PENGU/USDT] Fetched 50 candles for 15m
2025-07-04 17:54:41,457 - INFO - DataFrame validated successfully
2025-07-04 17:54:41,459 - INFO - [BTC/USDT] Fetched 50 candles for 15m
2025-07-04 17:54:41,462 - INFO - DataFrame validated successfully
2025-07-04 17:54:41,463 - INFO - [BNB/USDT] Fetched 50 candles for 15m
2025-07-04 17:54:41,465 - INFO - DataFrame validated successfully
2025-07-04 17:54:41,465 - INFO - [NEWT/USDT] Fetched 50 candles for 15m
2025-07-04 17:54:41,467 - INFO - DataFrame validated successfully
2025-07-04 17:54:41,468 - INFO - [TRX/USDT] Fetched 50 candles for 15m
2025-07-04 17:54:41,481 - INFO - DataFrame validated successfully
2025-07-04 17:54:41,481 - INFO - [XRP/USDT] Fetched 50 candles for 15m
2025-07-04 17:54:41,484 - INFO - DataFrame validated successfully
2025-07-04 17:54:41,485 - INFO - [FDUSD/USDT] Fetched 50 candles for 15m
2025-07-04 17:54:41,487 - INFO - DataFrame validated successfully
2025-07-04 17:54:41,487 - INFO - [PEPE/USDT] Fetched 50 candles for 15m
2025-07-04 17:54:41,491 - INFO - DataFrame validated successfully
2025-07-04 17:54:41,491 - INFO - [ETH/USDT] Fetched 50 candles for 15m
2025-07-04 17:54:41,586 - WARNING - [SAHARA/USDT] Insufficient data for 15m
2025-07-04 17:54:41,586 - WARNING - [LINK/USDT] Insufficient data for 15m
2025-07-04 17:54:41,586 - WARNING - [SYRUP/USDT] Insufficient data for 15m
2025-07-04 17:54:41,587 - WARNING - [EUR/USDT] Insufficient data for 15m
2025-07-04 17:54:41,682 - INFO - Candle patterns identified successfully
2025-07-04 17:54:41,682 - INFO - [SOL/USDT] Calculated indicators and patterns for 15m: ['timestamp', 'open', 'high', 'low', 'close', 'volume', 'ma20', 'ema12', 'ema26', 'macd', 'signal_line', 'rsi', 'adx', 'vwap', 'atr', 'candle_pattern']
2025-07-04 17:54:41,788 - INFO - Candle patterns identified successfully
2025-07-04 17:54:41,789 - INFO - [USDC/USDT] Calculated indicators and patterns for 15m: ['timestamp', 'open', 'high', 'low', 'close', 'volume', 'ma20', 'ema12', 'ema26', 'macd', 'signal_line', 'rsi', 'adx', 'vwap', 'atr', 'candle_pattern']
2025-07-04 17:54:41,804 - WARNING - [VIRTUAL/USDT] Insufficient data for 15m
2025-07-04 17:54:41,804 - WARNING - [TRUMP/USDT] Insufficient data for 15m
2025-07-04 17:54:41,804 - WARNING - [AVAX/USDT] Insufficient data for 15m
2025-07-04 17:54:41,805 - WARNING - [NEIRO/USDT] Insufficient data for 15m
2025-07-04 17:54:41,805 - WARNING - [AAVE/USDT] Insufficient data for 15m
2025-07-04 17:54:41,805 - WARNING - [ADA/USDT] Insufficient data for 15m
2025-07-04 17:54:41,805 - WARNING - [FUN/USDT] Insufficient data for 15m
2025-07-04 17:54:41,805 - WARNING - [WIF/USDT] Insufficient data for 15m
2025-07-04 17:54:41,805 - WARNING - [ENA/USDT] Insufficient data for 15m
2025-07-04 17:54:41,805 - WARNING - [BONK/USDT] Insufficient data for 15m
2025-07-04 17:54:41,805 - WARNING - [LTC/USDT] Insufficient data for 15m
2025-07-04 17:54:41,805 - WARNING - [SEI/USDT] Insufficient data for 15m
2025-07-04 17:54:41,900 - INFO - Candle patterns identified successfully
2025-07-04 17:54:41,900 - INFO - [DOGE/USDT] Calculated indicators and patterns for 15m: ['timestamp', 'open', 'high', 'low', 'close', 'volume', 'ma20', 'ema12', 'ema26', 'macd', 'signal_line', 'rsi', 'adx', 'vwap', 'atr', 'candle_pattern']
2025-07-04 17:54:41,987 - INFO - Candle patterns identified successfully
2025-07-04 17:54:41,987 - INFO - [SUI/USDT] Calculated indicators and patterns for 15m: ['timestamp', 'open', 'high', 'low', 'close', 'volume', 'ma20', 'ema12', 'ema26', 'macd', 'signal_line', 'rsi', 'adx', 'vwap', 'atr', 'candle_pattern']
2025-07-04 17:54:42,094 - INFO - Candle patterns identified successfully
2025-07-04 17:54:42,094 - INFO - [UNI/USDT] Calculated indicators and patterns for 15m: ['timestamp', 'open', 'high', 'low', 'close', 'volume', 'ma20', 'ema12', 'ema26', 'macd', 'signal_line', 'rsi', 'adx', 'vwap', 'atr', 'candle_pattern']
2025-07-04 17:54:42,154 - INFO - Candle patterns identified successfully
2025-07-04 17:54:42,154 - INFO - [PENGU/USDT] Calculated indicators and patterns for 15m: ['timestamp', 'open', 'high', 'low', 'close', 'volume', 'ma20', 'ema12', 'ema26', 'macd', 'signal_line', 'rsi', 'adx', 'vwap', 'atr', 'candle_pattern']
2025-07-04 17:54:42,221 - INFO - Candle patterns identified successfully
2025-07-04 17:54:42,221 - INFO - [BTC/USDT] Calculated indicators and patterns for 15m: ['timestamp', 'open', 'high', 'low', 'close', 'volume', 'ma20', 'ema12', 'ema26', 'macd', 'signal_line', 'rsi', 'adx', 'vwap', 'atr', 'candle_pattern']
2025-07-04 17:54:42,287 - INFO - Candle patterns identified successfully
2025-07-04 17:54:42,287 - INFO - [BNB/USDT] Calculated indicators and patterns for 15m: ['timestamp', 'open', 'high', 'low', 'close', 'volume', 'ma20', 'ema12', 'ema26', 'macd', 'signal_line', 'rsi', 'adx', 'vwap', 'atr', 'candle_pattern']
2025-07-04 17:54:42,352 - INFO - Candle patterns identified successfully
2025-07-04 17:54:42,352 - INFO - [NEWT/USDT] Calculated indicators and patterns for 15m: ['timestamp', 'open', 'high', 'low', 'close', 'volume', 'ma20', 'ema12', 'ema26', 'macd', 'signal_line', 'rsi', 'adx', 'vwap', 'atr', 'candle_pattern']
2025-07-04 17:54:42,415 - INFO - Candle patterns identified successfully
2025-07-04 17:54:42,415 - INFO - [TRX/USDT] Calculated indicators and patterns for 15m: ['timestamp', 'open', 'high', 'low', 'close', 'volume', 'ma20', 'ema12', 'ema26', 'macd', 'signal_line', 'rsi', 'adx', 'vwap', 'atr', 'candle_pattern']
2025-07-04 17:54:42,474 - INFO - Candle patterns identified successfully
2025-07-04 17:54:42,474 - INFO - [XRP/USDT] Calculated indicators and patterns for 15m: ['timestamp', 'open', 'high', 'low', 'close', 'volume', 'ma20', 'ema12', 'ema26', 'macd', 'signal_line', 'rsi', 'adx', 'vwap', 'atr', 'candle_pattern']
2025-07-04 17:54:42,540 - INFO - Candle patterns identified successfully
2025-07-04 17:54:42,541 - INFO - [FDUSD/USDT] Calculated indicators and patterns for 15m: ['timestamp', 'open', 'high', 'low', 'close', 'volume', 'ma20', 'ema12', 'ema26', 'macd', 'signal_line', 'rsi', 'adx', 'vwap', 'atr', 'candle_pattern']
2025-07-04 17:54:42,601 - INFO - Candle patterns identified successfully
2025-07-04 17:54:42,601 - INFO - [PEPE/USDT] Calculated indicators and patterns for 15m: ['timestamp', 'open', 'high', 'low', 'close', 'volume', 'ma20', 'ema12', 'ema26', 'macd', 'signal_line', 'rsi', 'adx', 'vwap', 'atr', 'candle_pattern']
2025-07-04 17:54:42,662 - INFO - Candle patterns identified successfully
2025-07-04 17:54:42,662 - INFO - [ETH/USDT] Calculated indicators and patterns for 15m: ['timestamp', 'open', 'high', 'low', 'close', 'volume', 'ma20', 'ema12', 'ema26', 'macd', 'signal_line', 'rsi', 'adx', 'vwap', 'atr', 'candle_pattern']
2025-07-04 17:54:56,785 - INFO - DataFrame validated successfully
2025-07-04 17:54:56,785 - INFO - [DOGE/USDT] Fetched 50 candles for 1h
2025-07-04 17:54:56,826 - INFO - DataFrame validated successfully
2025-07-04 17:54:56,826 - INFO - [XRP/USDT] Fetched 50 candles for 1h
2025-07-04 17:54:56,829 - INFO - DataFrame validated successfully
2025-07-04 17:54:56,829 - INFO - [SOL/USDT] Fetched 50 candles for 1h
2025-07-04 17:54:56,832 - INFO - DataFrame validated successfully
2025-07-04 17:54:56,832 - INFO - [SUI/USDT] Fetched 50 candles for 1h
2025-07-04 17:54:56,834 - INFO - DataFrame validated successfully
2025-07-04 17:54:56,835 - INFO - [PENGU/USDT] Fetched 50 candles for 1h
2025-07-04 17:54:56,837 - INFO - DataFrame validated successfully
2025-07-04 17:54:56,837 - INFO - [ETH/USDT] Fetched 50 candles for 1h
2025-07-04 17:54:56,841 - INFO - DataFrame validated successfully
2025-07-04 17:54:56,841 - INFO - [TRX/USDT] Fetched 50 candles for 1h
2025-07-04 17:54:56,843 - INFO - DataFrame validated successfully
2025-07-04 17:54:56,843 - INFO - [USDC/USDT] Fetched 50 candles for 1h
2025-07-04 17:54:56,845 - INFO - DataFrame validated successfully
2025-07-04 17:54:56,846 - INFO - [BTC/USDT] Fetched 50 candles for 1h
2025-07-04 17:54:56,848 - INFO - DataFrame validated successfully
2025-07-04 17:54:56,848 - INFO - [UNI/USDT] Fetched 50 candles for 1h
2025-07-04 17:54:56,852 - INFO - DataFrame validated successfully
2025-07-04 17:54:56,852 - INFO - [PEPE/USDT] Fetched 50 candles for 1h
2025-07-04 17:54:56,855 - INFO - DataFrame validated successfully
2025-07-04 17:54:56,855 - INFO - [NEWT/USDT] Fetched 50 candles for 1h
2025-07-04 17:54:56,856 - INFO - DataFrame validated successfully
2025-07-04 17:54:56,856 - INFO - [FDUSD/USDT] Fetched 50 candles for 1h
2025-07-04 17:54:56,858 - INFO - DataFrame validated successfully
2025-07-04 17:54:56,858 - INFO - [BNB/USDT] Fetched 50 candles for 1h
2025-07-04 17:54:57,098 - INFO - Candle patterns identified successfully
2025-07-04 17:54:57,098 - INFO - [DOGE/USDT] Calculated indicators and patterns for 1h: ['timestamp', 'open', 'high', 'low', 'close', 'volume', 'ma20', 'ema12', 'ema26', 'macd', 'signal_line', 'rsi', 'adx', 'vwap', 'atr', 'candle_pattern']
2025-07-04 17:54:57,170 - INFO - Candle patterns identified successfully
2025-07-04 17:54:57,170 - INFO - [XRP/USDT] Calculated indicators and patterns for 1h: ['timestamp', 'open', 'high', 'low', 'close', 'volume', 'ma20', 'ema12', 'ema26', 'macd', 'signal_line', 'rsi', 'adx', 'vwap', 'atr', 'candle_pattern']
2025-07-04 17:54:57,232 - INFO - Candle patterns identified successfully
2025-07-04 17:54:57,232 - INFO - [SOL/USDT] Calculated indicators and patterns for 1h: ['timestamp', 'open', 'high', 'low', 'close', 'volume', 'ma20', 'ema12', 'ema26', 'macd', 'signal_line', 'rsi', 'adx', 'vwap', 'atr', 'candle_pattern']
2025-07-04 17:54:57,292 - INFO - Candle patterns identified successfully
2025-07-04 17:54:57,293 - INFO - [SUI/USDT] Calculated indicators and patterns for 1h: ['timestamp', 'open', 'high', 'low', 'close', 'volume', 'ma20', 'ema12', 'ema26', 'macd', 'signal_line', 'rsi', 'adx', 'vwap', 'atr', 'candle_pattern']
2025-07-04 17:54:57,353 - INFO - Candle patterns identified successfully
2025-07-04 17:54:57,354 - INFO - [PENGU/USDT] Calculated indicators and patterns for 1h: ['timestamp', 'open', 'high', 'low', 'close', 'volume', 'ma20', 'ema12', 'ema26', 'macd', 'signal_line', 'rsi', 'adx', 'vwap', 'atr', 'candle_pattern']
2025-07-04 17:54:57,410 - INFO - Candle patterns identified successfully
2025-07-04 17:54:57,410 - INFO - [ETH/USDT] Calculated indicators and patterns for 1h: ['timestamp', 'open', 'high', 'low', 'close', 'volume', 'ma20', 'ema12', 'ema26', 'macd', 'signal_line', 'rsi', 'adx', 'vwap', 'atr', 'candle_pattern']
2025-07-04 17:54:57,471 - INFO - Candle patterns identified successfully
2025-07-04 17:54:57,472 - INFO - [TRX/USDT] Calculated indicators and patterns for 1h: ['timestamp', 'open', 'high', 'low', 'close', 'volume', 'ma20', 'ema12', 'ema26', 'macd', 'signal_line', 'rsi', 'adx', 'vwap', 'atr', 'candle_pattern']
2025-07-04 17:54:57,535 - INFO - Candle patterns identified successfully
2025-07-04 17:54:57,535 - INFO - [USDC/USDT] Calculated indicators and patterns for 1h: ['timestamp', 'open', 'high', 'low', 'close', 'volume', 'ma20', 'ema12', 'ema26', 'macd', 'signal_line', 'rsi', 'adx', 'vwap', 'atr', 'candle_pattern']
2025-07-04 17:54:57,594 - INFO - Candle patterns identified successfully
2025-07-04 17:54:57,595 - INFO - [BTC/USDT] Calculated indicators and patterns for 1h: ['timestamp', 'open', 'high', 'low', 'close', 'volume', 'ma20', 'ema12', 'ema26', 'macd', 'signal_line', 'rsi', 'adx', 'vwap', 'atr', 'candle_pattern']
2025-07-04 17:54:57,654 - INFO - Candle patterns identified successfully
2025-07-04 17:54:57,654 - INFO - [UNI/USDT] Calculated indicators and patterns for 1h: ['timestamp', 'open', 'high', 'low', 'close', 'volume', 'ma20', 'ema12', 'ema26', 'macd', 'signal_line', 'rsi', 'adx', 'vwap', 'atr', 'candle_pattern']
2025-07-04 17:54:57,717 - INFO - Candle patterns identified successfully
2025-07-04 17:54:57,717 - INFO - [PEPE/USDT] Calculated indicators and patterns for 1h: ['timestamp', 'open', 'high', 'low', 'close', 'volume', 'ma20', 'ema12', 'ema26', 'macd', 'signal_line', 'rsi', 'adx', 'vwap', 'atr', 'candle_pattern']
2025-07-04 17:54:57,780 - INFO - Candle patterns identified successfully
2025-07-04 17:54:57,780 - INFO - [NEWT/USDT] Calculated indicators and patterns for 1h: ['timestamp', 'open', 'high', 'low', 'close', 'volume', 'ma20', 'ema12', 'ema26', 'macd', 'signal_line', 'rsi', 'adx', 'vwap', 'atr', 'candle_pattern']
2025-07-04 17:54:57,844 - INFO - Candle patterns identified successfully
2025-07-04 17:54:57,845 - INFO - [FDUSD/USDT] Calculated indicators and patterns for 1h: ['timestamp', 'open', 'high', 'low', 'close', 'volume', 'ma20', 'ema12', 'ema26', 'macd', 'signal_line', 'rsi', 'adx', 'vwap', 'atr', 'candle_pattern']
2025-07-04 17:54:57,914 - INFO - Candle patterns identified successfully
2025-07-04 17:54:57,914 - INFO - [BNB/USDT] Calculated indicators and patterns for 1h: ['timestamp', 'open', 'high', 'low', 'close', 'volume', 'ma20', 'ema12', 'ema26', 'macd', 'signal_line', 'rsi', 'adx', 'vwap', 'atr', 'candle_pattern']
2025-07-04 17:55:13,937 - INFO - DataFrame validated successfully
2025-07-04 17:55:13,938 - INFO - [DOGE/USDT] Fetched 50 candles for 4h
2025-07-04 17:55:13,942 - INFO - DataFrame validated successfully
2025-07-04 17:55:13,944 - INFO - [NEWT/USDT] Fetched 50 candles for 4h
2025-07-04 17:55:13,949 - INFO - DataFrame validated successfully
2025-07-04 17:55:13,951 - INFO - [PENGU/USDT] Fetched 50 candles for 4h
2025-07-04 17:55:13,973 - INFO - DataFrame validated successfully
2025-07-04 17:55:13,974 - INFO - [TRX/USDT] Fetched 50 candles for 4h
2025-07-04 17:55:13,978 - INFO - DataFrame validated successfully
2025-07-04 17:55:13,978 - INFO - [SOL/USDT] Fetched 50 candles for 4h
2025-07-04 17:55:13,983 - INFO - DataFrame validated successfully
2025-07-04 17:55:13,983 - INFO - [SUI/USDT] Fetched 50 candles for 4h
2025-07-04 17:55:13,991 - INFO - DataFrame validated successfully
2025-07-04 17:55:13,992 - INFO - [FDUSD/USDT] Fetched 50 candles for 4h
2025-07-04 17:55:13,999 - INFO - DataFrame validated successfully
2025-07-04 17:55:13,999 - INFO - [UNI/USDT] Fetched 50 candles for 4h
2025-07-04 17:55:14,002 - INFO - DataFrame validated successfully
2025-07-04 17:55:14,002 - INFO - [ETH/USDT] Fetched 50 candles for 4h
2025-07-04 17:55:14,006 - INFO - DataFrame validated successfully
2025-07-04 17:55:14,006 - INFO - [BTC/USDT] Fetched 50 candles for 4h
2025-07-04 17:55:14,013 - INFO - DataFrame validated successfully
2025-07-04 17:55:14,013 - INFO - [XRP/USDT] Fetched 50 candles for 4h
2025-07-04 17:55:14,016 - INFO - DataFrame validated successfully
2025-07-04 17:55:14,017 - INFO - [PEPE/USDT] Fetched 50 candles for 4h
2025-07-04 17:55:14,020 - INFO - DataFrame validated successfully
2025-07-04 17:55:14,020 - INFO - [USDC/USDT] Fetched 50 candles for 4h
2025-07-04 17:55:14,028 - INFO - DataFrame validated successfully
2025-07-04 17:55:14,029 - INFO - [BNB/USDT] Fetched 50 candles for 4h
2025-07-04 17:55:14,261 - INFO - Candle patterns identified successfully
2025-07-04 17:55:14,261 - INFO - [DOGE/USDT] Calculated indicators and patterns for 4h: ['timestamp', 'open', 'high', 'low', 'close', 'volume', 'ma20', 'ema12', 'ema26', 'macd', 'signal_line', 'rsi', 'adx', 'vwap', 'atr', 'candle_pattern']
2025-07-04 17:55:14,330 - INFO - Candle patterns identified successfully
2025-07-04 17:55:14,330 - INFO - [NEWT/USDT] Calculated indicators and patterns for 4h: ['timestamp', 'open', 'high', 'low', 'close', 'volume', 'ma20', 'ema12', 'ema26', 'macd', 'signal_line', 'rsi', 'adx', 'vwap', 'atr', 'candle_pattern']
2025-07-04 17:55:14,398 - INFO - Candle patterns identified successfully
2025-07-04 17:55:14,399 - INFO - [PENGU/USDT] Calculated indicators and patterns for 4h: ['timestamp', 'open', 'high', 'low', 'close', 'volume', 'ma20', 'ema12', 'ema26', 'macd', 'signal_line', 'rsi', 'adx', 'vwap', 'atr', 'candle_pattern']
2025-07-04 17:55:14,468 - INFO - Candle patterns identified successfully
2025-07-04 17:55:14,468 - INFO - [TRX/USDT] Calculated indicators and patterns for 4h: ['timestamp', 'open', 'high', 'low', 'close', 'volume', 'ma20', 'ema12', 'ema26', 'macd', 'signal_line', 'rsi', 'adx', 'vwap', 'atr', 'candle_pattern']
2025-07-04 17:55:14,527 - INFO - Candle patterns identified successfully
2025-07-04 17:55:14,527 - INFO - [SOL/USDT] Calculated indicators and patterns for 4h: ['timestamp', 'open', 'high', 'low', 'close', 'volume', 'ma20', 'ema12', 'ema26', 'macd', 'signal_line', 'rsi', 'adx', 'vwap', 'atr', 'candle_pattern']
2025-07-04 17:55:14,588 - INFO - Candle patterns identified successfully
2025-07-04 17:55:14,589 - INFO - [SUI/USDT] Calculated indicators and patterns for 4h: ['timestamp', 'open', 'high', 'low', 'close', 'volume', 'ma20', 'ema12', 'ema26', 'macd', 'signal_line', 'rsi', 'adx', 'vwap', 'atr', 'candle_pattern']
2025-07-04 17:55:14,651 - INFO - Candle patterns identified successfully
2025-07-04 17:55:14,652 - INFO - [FDUSD/USDT] Calculated indicators and patterns for 4h: ['timestamp', 'open', 'high', 'low', 'close', 'volume', 'ma20', 'ema12', 'ema26', 'macd', 'signal_line', 'rsi', 'adx', 'vwap', 'atr', 'candle_pattern']
2025-07-04 17:55:14,721 - INFO - Candle patterns identified successfully
2025-07-04 17:55:14,721 - INFO - [UNI/USDT] Calculated indicators and patterns for 4h: ['timestamp', 'open', 'high', 'low', 'close', 'volume', 'ma20', 'ema12', 'ema26', 'macd', 'signal_line', 'rsi', 'adx', 'vwap', 'atr', 'candle_pattern']
2025-07-04 17:55:14,797 - INFO - Candle patterns identified successfully
2025-07-04 17:55:14,797 - INFO - [ETH/USDT] Calculated indicators and patterns for 4h: ['timestamp', 'open', 'high', 'low', 'close', 'volume', 'ma20', 'ema12', 'ema26', 'macd', 'signal_line', 'rsi', 'adx', 'vwap', 'atr', 'candle_pattern']
2025-07-04 17:55:14,862 - INFO - Candle patterns identified successfully
2025-07-04 17:55:14,863 - INFO - [BTC/USDT] Calculated indicators and patterns for 4h: ['timestamp', 'open', 'high', 'low', 'close', 'volume', 'ma20', 'ema12', 'ema26', 'macd', 'signal_line', 'rsi', 'adx', 'vwap', 'atr', 'candle_pattern']
2025-07-04 17:55:14,938 - INFO - Candle patterns identified successfully
2025-07-04 17:55:14,938 - INFO - [XRP/USDT] Calculated indicators and patterns for 4h: ['timestamp', 'open', 'high', 'low', 'close', 'volume', 'ma20', 'ema12', 'ema26', 'macd', 'signal_line', 'rsi', 'adx', 'vwap', 'atr', 'candle_pattern']
2025-07-04 17:55:15,001 - INFO - Candle patterns identified successfully
2025-07-04 17:55:15,001 - INFO - [PEPE/USDT] Calculated indicators and patterns for 4h: ['timestamp', 'open', 'high', 'low', 'close', 'volume', 'ma20', 'ema12', 'ema26', 'macd', 'signal_line', 'rsi', 'adx', 'vwap', 'atr', 'candle_pattern']
2025-07-04 17:55:15,068 - INFO - Candle patterns identified successfully
2025-07-04 17:55:15,068 - INFO - [USDC/USDT] Calculated indicators and patterns for 4h: ['timestamp', 'open', 'high', 'low', 'close', 'volume', 'ma20', 'ema12', 'ema26', 'macd', 'signal_line', 'rsi', 'adx', 'vwap', 'atr', 'candle_pattern']
2025-07-04 17:55:15,159 - INFO - Candle patterns identified successfully
2025-07-04 17:55:15,160 - INFO - [BNB/USDT] Calculated indicators and patterns for 4h: ['timestamp', 'open', 'high', 'low', 'close', 'volume', 'ma20', 'ema12', 'ema26', 'macd', 'signal_line', 'rsi', 'adx', 'vwap', 'atr', 'candle_pattern']
2025-07-04 17:55:30,346 - INFO - DataFrame validated successfully
2025-07-04 17:55:30,346 - INFO - [DOGE/USDT] Fetched 50 candles for 1d
2025-07-04 17:55:30,385 - INFO - DataFrame validated successfully
2025-07-04 17:55:30,385 - INFO - [BNB/USDT] Fetched 50 candles for 1d
2025-07-04 17:55:30,388 - INFO - DataFrame validated successfully
2025-07-04 17:55:30,388 - INFO - [ETH/USDT] Fetched 50 candles for 1d
2025-07-04 17:55:30,389 - WARNING - DataFrame is empty or too short
2025-07-04 17:55:30,390 - WARNING - [NEWT/USDT] Invalid OHLCV data for 1d
2025-07-04 17:55:30,393 - INFO - DataFrame validated successfully
2025-07-04 17:55:30,393 - INFO - [UNI/USDT] Fetched 50 candles for 1d
2025-07-04 17:55:30,395 - INFO - DataFrame validated successfully
2025-07-04 17:55:30,395 - INFO - [PENGU/USDT] Fetched 50 candles for 1d
2025-07-04 17:55:30,396 - INFO - DataFrame validated successfully
2025-07-04 17:55:30,396 - INFO - [TRX/USDT] Fetched 50 candles for 1d
2025-07-04 17:55:30,399 - INFO - DataFrame validated successfully
2025-07-04 17:55:30,399 - INFO - [BTC/USDT] Fetched 50 candles for 1d
2025-07-04 17:55:30,401 - INFO - DataFrame validated successfully
2025-07-04 17:55:30,401 - INFO - [XRP/USDT] Fetched 50 candles for 1d
2025-07-04 17:55:30,404 - INFO - DataFrame validated successfully
2025-07-04 17:55:30,404 - INFO - [SUI/USDT] Fetched 50 candles for 1d
2025-07-04 17:55:30,406 - INFO - DataFrame validated successfully
2025-07-04 17:55:30,406 - INFO - [PEPE/USDT] Fetched 50 candles for 1d
2025-07-04 17:55:30,408 - INFO - DataFrame validated successfully
2025-07-04 17:55:30,408 - INFO - [FDUSD/USDT] Fetched 50 candles for 1d
2025-07-04 17:55:30,410 - INFO - DataFrame validated successfully
2025-07-04 17:55:30,410 - INFO - [USDC/USDT] Fetched 50 candles for 1d
2025-07-04 17:55:30,413 - INFO - DataFrame validated successfully
2025-07-04 17:55:30,413 - INFO - [SOL/USDT] Fetched 50 candles for 1d
2025-07-04 17:55:30,652 - INFO - Candle patterns identified successfully
2025-07-04 17:55:30,653 - INFO - [DOGE/USDT] Calculated indicators and patterns for 1d: ['timestamp', 'open', 'high', 'low', 'close', 'volume', 'ma20', 'ema12', 'ema26', 'macd', 'signal_line', 'rsi', 'adx', 'vwap', 'atr', 'candle_pattern']
2025-07-04 17:55:30,675 - INFO - Candle patterns identified successfully
2025-07-04 17:55:30,676 - INFO - Fibonacci levels calculated: {'r1': np.float32(0.16341108), 'r2': np.float32(0.16472946), 'r3': np.float32(0.16686055), 's1': np.float32(0.16817893), 's2': np.float32(0.16686055), 's3': np.float32(0.16472946)}
2025-07-04 17:55:30,676 - INFO - Support: 0.16203999519348145, Resistance: 0.1662299931049347
2025-07-04 17:55:30,677 - ERROR - [DOGE/USDT] Error in market analysis: 'stochastic'
2025-07-04 17:55:30,677 - INFO - [DOGE/USDT] No valid conditions for signal
2025-07-04 17:55:30,677 - INFO - [DOGE/USDT] No signal generated
2025-07-04 17:55:30,677 - INFO - [DOGE/USDT] No signal or low confidence
2025-07-04 17:55:30,733 - INFO - Candle patterns identified successfully
2025-07-04 17:55:30,733 - INFO - [BNB/USDT] Calculated indicators and patterns for 1d: ['timestamp', 'open', 'high', 'low', 'close', 'volume', 'ma20', 'ema12', 'ema26', 'macd', 'signal_line', 'rsi', 'adx', 'vwap', 'atr', 'candle_pattern']
2025-07-04 17:55:30,753 - INFO - Candle patterns identified successfully
2025-07-04 17:55:30,753 - INFO - Fibonacci levels calculated: {'r1': np.float32(652.7565), 'r2': np.float32(654.3318), 'r3': np.float32(656.87823), 's1': np.float32(658.45355), 's2': np.float32(656.87823), 's3': np.float32(654.3318)}
2025-07-04 17:55:30,754 - INFO - Support: 651.0, Resistance: 658.3099975585938
2025-07-04 17:55:30,754 - ERROR - [BNB/USDT] Error in market analysis: 'stochastic'
2025-07-04 17:55:30,754 - INFO - [BNB/USDT] No valid conditions for signal
2025-07-04 17:55:30,754 - INFO - [BNB/USDT] No signal generated
2025-07-04 17:55:30,754 - INFO - [BNB/USDT] No signal or low confidence
2025-07-04 17:55:30,819 - INFO - Candle patterns identified successfully
2025-07-04 17:55:30,819 - INFO - [ETH/USDT] Calculated indicators and patterns for 1d: ['timestamp', 'open', 'high', 'low', 'close', 'volume', 'ma20', 'ema12', 'ema26', 'macd', 'signal_line', 'rsi', 'adx', 'vwap', 'atr', 'candle_pattern']
2025-07-04 17:55:30,842 - INFO - Candle patterns identified successfully
2025-07-04 17:55:30,842 - INFO - Fibonacci levels calculated: {'r1': np.float32(2499.746), 'r2': np.float32(2515.3271), 'r3': np.float32(2540.513), 's1': np.float32(2556.0942), 's2': np.float32(2540.513), 's3': np.float32(2515.3271)}
2025-07-04 17:55:30,843 - INFO - Support: 2482.909912109375, Resistance: 2540.580078125
2025-07-04 17:55:30,843 - ERROR - [ETH/USDT] Error in market analysis: 'stochastic'
2025-07-04 17:55:30,843 - INFO - [ETH/USDT] No valid conditions for signal
2025-07-04 17:55:30,843 - INFO - [ETH/USDT] No signal generated
2025-07-04 17:55:30,843 - INFO - [ETH/USDT] No signal or low confidence
2025-07-04 17:55:30,881 - WARNING - [NEWT/USDT] Insufficient data for 1d
2025-07-04 17:55:30,933 - INFO - Candle patterns identified successfully
2025-07-04 17:55:30,934 - INFO - [UNI/USDT] Calculated indicators and patterns for 1d: ['timestamp', 'open', 'high', 'low', 'close', 'volume', 'ma20', 'ema12', 'ema26', 'macd', 'signal_line', 'rsi', 'adx', 'vwap', 'atr', 'candle_pattern']
2025-07-04 17:55:30,955 - INFO - Candle patterns identified successfully
2025-07-04 17:55:30,955 - INFO - Fibonacci levels calculated: {'r1': np.float32(6.93394), 'r2': np.float32(7.0310297), 'r3': np.float32(7.1879697), 's1': np.float32(7.28506), 's2': np.float32(7.18797), 's3': np.float32(7.03103)}
2025-07-04 17:55:30,956 - INFO - Support: 6.814000129699707, Resistance: 7.263999938964844
2025-07-04 17:55:30,956 - ERROR - [UNI/USDT] Error in market analysis: 'stochastic'
2025-07-04 17:55:30,956 - INFO - [UNI/USDT] No valid conditions for signal
2025-07-04 17:55:30,956 - INFO - [UNI/USDT] No signal generated
2025-07-04 17:55:30,956 - INFO - [UNI/USDT] No signal or low confidence
2025-07-04 17:55:31,013 - INFO - Candle patterns identified successfully
2025-07-04 17:55:31,013 - INFO - [PENGU/USDT] Calculated indicators and patterns for 1d: ['timestamp', 'open', 'high', 'low', 'close', 'volume', 'ma20', 'ema12', 'ema26', 'macd', 'signal_line', 'rsi', 'adx', 'vwap', 'atr', 'candle_pattern']
2025-07-04 17:55:31,034 - INFO - Candle patterns identified successfully
2025-07-04 17:55:31,034 - INFO - Fibonacci levels calculated: {'r1': np.float32(0.015818536), 'r2': np.float32(0.015953733), 'r3': np.float32(0.016172267), 's1': np.float32(0.016307464), 's2': np.float32(0.016172267), 's3': np.float32(0.015953733)}
2025-07-04 17:55:31,035 - INFO - Support: 0.015930000692605972, Resistance: 0.01631000079214573
2025-07-04 17:55:31,035 - ERROR - [PENGU/USDT] Error in market analysis: 'stochastic'
2025-07-04 17:55:31,035 - INFO - [PENGU/USDT] No valid conditions for signal
2025-07-04 17:55:31,035 - INFO - [PENGU/USDT] No signal generated
2025-07-04 17:55:31,035 - INFO - [PENGU/USDT] No signal or low confidence
2025-07-04 17:55:31,084 - INFO - Candle patterns identified successfully
2025-07-04 17:55:31,085 - INFO - [TRX/USDT] Calculated indicators and patterns for 1d: ['timestamp', 'open', 'high', 'low', 'close', 'volume', 'ma20', 'ema12', 'ema26', 'macd', 'signal_line', 'rsi', 'adx', 'vwap', 'atr', 'candle_pattern']
2025-07-04 17:55:31,114 - INFO - Candle patterns identified successfully
2025-07-04 17:55:31,114 - INFO - Fibonacci levels calculated: {'r1': np.float32(0.2828048), 'r2': np.float32(0.2837976), 'r3': np.float32(0.2854024), 's1': np.float32(0.2863952), 's2': np.float32(0.2854024), 's3': np.float32(0.2837976)}
2025-07-04 17:55:31,115 - INFO - Support: 0.2816999852657318, Resistance: 0.2854999899864197
2025-07-04 17:55:31,115 - ERROR - [TRX/USDT] Error in market analysis: 'stochastic'
2025-07-04 17:55:31,115 - INFO - [TRX/USDT] No valid conditions for signal
2025-07-04 17:55:31,115 - INFO - [TRX/USDT] No signal generated
2025-07-04 17:55:31,115 - INFO - [TRX/USDT] No signal or low confidence
2025-07-04 17:55:31,165 - INFO - Candle patterns identified successfully
2025-07-04 17:55:31,166 - INFO - [BTC/USDT] Calculated indicators and patterns for 1d: ['timestamp', 'open', 'high', 'low', 'close', 'volume', 'ma20', 'ema12', 'ema26', 'macd', 'signal_line', 'rsi', 'adx', 'vwap', 'atr', 'candle_pattern']
2025-07-04 17:55:31,198 - INFO - Candle patterns identified successfully
2025-07-04 17:55:31,198 - INFO - Fibonacci levels calculated: {'r1': np.float32(107774.83), 'r2': np.float32(108047.95), 'r3': np.float32(108489.45), 's1': np.float32(108762.58), 's2': np.float32(108489.45), 's3': np.float32(108047.95)}
2025-07-04 17:55:31,199 - INFO - Support: 107447.9765625, Resistance: 108621.0
2025-07-04 17:55:31,199 - ERROR - [BTC/USDT] Error in market analysis: 'stochastic'
2025-07-04 17:55:31,199 - INFO - [BTC/USDT] No valid conditions for signal
2025-07-04 17:55:31,199 - INFO - [BTC/USDT] No signal generated
2025-07-04 17:55:31,199 - INFO - [BTC/USDT] No signal or low confidence
2025-07-04 17:55:31,401 - INFO - Candle patterns identified successfully
2025-07-04 17:55:31,401 - INFO - [XRP/USDT] Calculated indicators and patterns for 1d: ['timestamp', 'open', 'high', 'low', 'close', 'volume', 'ma20', 'ema12', 'ema26', 'macd', 'signal_line', 'rsi', 'adx', 'vwap', 'atr', 'candle_pattern']
2025-07-04 17:55:31,421 - INFO - Candle patterns identified successfully
2025-07-04 17:55:31,422 - INFO - Fibonacci levels calculated: {'r1': np.float32(2.2087204), 'r2': np.float32(2.21659), 'r3': np.float32(2.2293103), 's1': np.float32(2.2371798), 's2': np.float32(2.2293103), 's3': np.float32(2.21659)}
2025-07-04 17:55:31,423 - INFO - Support: 2.2044999599456787, Resistance: 2.2363998889923096
2025-07-04 17:55:31,423 - ERROR - [XRP/USDT] Error in market analysis: 'stochastic'
2025-07-04 17:55:31,423 - INFO - [XRP/USDT] No valid conditions for signal
2025-07-04 17:55:31,423 - INFO - [XRP/USDT] No signal generated
2025-07-04 17:55:31,424 - INFO - [XRP/USDT] No signal or low confidence
2025-07-04 17:55:31,473 - INFO - Candle patterns identified successfully
2025-07-04 17:55:31,473 - INFO - [SUI/USDT] Calculated indicators and patterns for 1d: ['timestamp', 'open', 'high', 'low', 'close', 'volume', 'ma20', 'ema12', 'ema26', 'macd', 'signal_line', 'rsi', 'adx', 'vwap', 'atr', 'candle_pattern']
2025-07-04 17:55:31,501 - INFO - Candle patterns identified successfully
2025-07-04 17:55:31,501 - INFO - Fibonacci levels calculated: {'r1': np.float32(2.7712483), 'r2': np.float32(2.8153257), 'r3': np.float32(2.8865743), 's1': np.float32(2.9306517), 's2': np.float32(2.8865743), 's3': np.float32(2.8153257)}
2025-07-04 17:55:31,502 - INFO - Support: 2.8326001167297363, Resistance: 2.9161999225616455
2025-07-04 17:55:31,502 - ERROR - [SUI/USDT] Error in market analysis: 'stochastic'
2025-07-04 17:55:31,502 - INFO - [SUI/USDT] No valid conditions for signal
2025-07-04 17:55:31,502 - INFO - [SUI/USDT] No signal generated
2025-07-04 17:55:31,502 - INFO - [SUI/USDT] No signal or low confidence
2025-07-04 17:55:31,549 - INFO - Candle patterns identified successfully
2025-07-04 17:55:31,549 - INFO - [PEPE/USDT] Calculated indicators and patterns for 1d: ['timestamp', 'open', 'high', 'low', 'close', 'volume', 'ma20', 'ema12', 'ema26', 'macd', 'signal_line', 'rsi', 'adx', 'vwap', 'atr', 'candle_pattern']
2025-07-04 17:55:31,569 - INFO - Candle patterns identified successfully
2025-07-04 17:55:31,569 - INFO - Fibonacci levels calculated: {'r1': np.float32(9.55508e-06), 'r2': np.float32(9.63246e-06), 'r3': np.float32(9.75754e-06), 's1': np.float32(9.83492e-06), 's2': np.float32(9.75754e-06), 's3': np.float32(9.63246e-06)}
2025-07-04 17:55:31,569 - INFO - Support: 9.48999968386488e-06, Resistance: 9.700000191514846e-06
2025-07-04 17:55:31,570 - ERROR - [PEPE/USDT] Error in market analysis: 'stochastic'
2025-07-04 17:55:31,570 - INFO - [PEPE/USDT] No valid conditions for signal
2025-07-04 17:55:31,570 - INFO - [PEPE/USDT] No signal generated
2025-07-04 17:55:31,570 - INFO - [PEPE/USDT] No signal or low confidence
2025-07-04 17:55:31,634 - INFO - Candle patterns identified successfully
2025-07-04 17:55:31,634 - INFO - [FDUSD/USDT] Calculated indicators and patterns for 1d: ['timestamp', 'open', 'high', 'low', 'close', 'volume', 'ma20', 'ema12', 'ema26', 'macd', 'signal_line', 'rsi', 'adx', 'vwap', 'atr', 'candle_pattern']
2025-07-04 17:55:31,657 - INFO - Candle patterns identified successfully
2025-07-04 17:55:31,658 - INFO - Fibonacci levels calculated: {'r1': np.float32(0.9975416), 'r2': np.float32(0.9976292), 'r3': np.float32(0.9977708), 's1': np.float32(0.9978584), 's2': np.float32(0.9977708), 's3': np.float32(0.9976292)}
2025-07-04 17:55:31,658 - INFO - Support: 0.9976000189781189, Resistance: 0.9977999925613403
2025-07-04 17:55:31,658 - ERROR - [FDUSD/USDT] Error in market analysis: 'stochastic'
2025-07-04 17:55:31,659 - INFO - [FDUSD/USDT] No valid conditions for signal
2025-07-04 17:55:31,659 - INFO - [FDUSD/USDT] No signal generated
2025-07-04 17:55:31,659 - INFO - [FDUSD/USDT] No signal or low confidence
2025-07-04 17:55:31,715 - INFO - Candle patterns identified successfully
2025-07-04 17:55:31,715 - INFO - [USDC/USDT] Calculated indicators and patterns for 1d: ['timestamp', 'open', 'high', 'low', 'close', 'volume', 'ma20', 'ema12', 'ema26', 'macd', 'signal_line', 'rsi', 'adx', 'vwap', 'atr', 'candle_pattern']
2025-07-04 17:55:31,740 - INFO - Candle patterns identified successfully
2025-07-04 17:55:31,740 - INFO - Fibonacci levels calculated: {'r1': np.float32(0.9995708), 'r2': np.float32(0.9996146), 'r3': np.float32(0.9996854), 's1': np.float32(0.9997292), 's2': np.float32(0.9996854), 's3': np.float32(0.9996146)}
2025-07-04 17:55:31,740 - INFO - Support: 0.9994999766349792, Resistance: 0.9997000098228455
2025-07-04 17:55:31,741 - ERROR - [USDC/USDT] Error in market analysis: 'stochastic'
2025-07-04 17:55:31,741 - INFO - [USDC/USDT] No valid conditions for signal
2025-07-04 17:55:31,741 - INFO - [USDC/USDT] No signal generated
2025-07-04 17:55:31,741 - INFO - [USDC/USDT] No signal or low confidence
2025-07-04 17:55:31,804 - INFO - Candle patterns identified successfully
2025-07-04 17:55:31,804 - INFO - [SOL/USDT] Calculated indicators and patterns for 1d: ['timestamp', 'open', 'high', 'low', 'close', 'volume', 'ma20', 'ema12', 'ema26', 'macd', 'signal_line', 'rsi', 'adx', 'vwap', 'atr', 'candle_pattern']
2025-07-04 17:55:31,826 - INFO - Candle patterns identified successfully
2025-07-04 17:55:31,826 - INFO - Fibonacci levels calculated: {'r1': np.float32(147.26376), 'r2': np.float32(148.52812), 'r3': np.float32(150.57188), 's1': np.float32(151.83624), 's2': np.float32(150.57188), 's3': np.float32(148.52812)}
2025-07-04 17:55:31,827 - INFO - Support: 145.3800048828125, Resistance: 150.1300048828125
2025-07-04 17:55:31,827 - ERROR - [SOL/USDT] Error in market analysis: 'stochastic'
2025-07-04 17:55:31,827 - INFO - [SOL/USDT] No valid conditions for signal
2025-07-04 17:55:31,827 - INFO - [SOL/USDT] No signal generated
2025-07-04 17:55:31,827 - INFO - [SOL/USDT] No signal or low confidence
2025-07-04 17:55:36,831 - INFO - Scan cycle completed, clearing scanned symbols
2025-07-04 18:04:46,444 - INFO - Starting bot initialization
2025-07-04 18:04:46,446 - INFO - Initializing Binance exchange
2025-07-04 18:04:46,456 - INFO - Testing Binance API keys
2025-07-04 18:04:48,735 - INFO - API key test successful: BTC/USDT - 107859.99
2025-07-04 18:04:48,735 - INFO - Setting up Telegram bot
2025-07-04 18:04:49,526 - INFO - Telegram bot polling started
2025-07-04 18:04:49,527 - INFO - Attempting to fetch USDT pairs
2025-07-04 18:04:49,527 - INFO - Fetching USDT pairs from Binance
2025-07-04 18:04:49,749 - INFO - Selected top 0 USDT pairs with volume > $500,000: []
2025-07-04 18:04:49,750 - WARNING - No USDT pairs found, retrying in 60s
2025-07-04 18:05:49,751 - INFO - Attempting to fetch USDT pairs
2025-07-04 18:05:49,752 - INFO - Fetching USDT pairs from Binance
2025-07-04 18:05:50,846 - INFO - Selected top 0 USDT pairs with volume > $500,000: []
2025-07-04 18:05:50,847 - WARNING - No USDT pairs found, retrying in 60s
2025-07-04 18:06:50,848 - INFO - Attempting to fetch USDT pairs
2025-07-04 18:06:50,849 - INFO - Fetching USDT pairs from Binance
2025-07-04 18:06:51,818 - INFO - Selected top 0 USDT pairs with volume > $500,000: []
2025-07-04 18:06:51,819 - WARNING - No USDT pairs found, retrying in 60s
2025-07-04 18:09:10,639 - INFO - Starting bot initialization
2025-07-04 18:09:10,643 - INFO - Initializing Binance exchange
2025-07-04 18:09:10,655 - INFO - Testing Binance API keys
2025-07-04 18:09:12,919 - INFO - API key test successful: BTC/USDT - 107841.7
2025-07-04 18:09:12,919 - INFO - Setting up Telegram bot
2025-07-04 18:09:13,697 - INFO - Telegram bot polling started
2025-07-04 18:09:13,697 - INFO - Attempting to fetch USDT pairs
2025-07-04 18:09:13,697 - INFO - Fetching USDT pairs from Binance
2025-07-04 18:09:13,697 - INFO - Total markets fetched: 3746
2025-07-04 18:09:13,698 - INFO - Total USDT pairs after initial filtering: 402
2025-07-04 18:09:13,895 - INFO - Tickers fetched for 402 symbols
2025-07-04 18:09:13,896 - INFO - Selected top 30 USDT pairs with volume > $100,000: ['BTC/USDT', 'ETH/USDT', 'USDC/USDT', 'SOL/USDT', 'FDUSD/USDT', 'XRP/USDT', 'PEPE/USDT', 'DOGE/USDT', 'SUI/USDT', 'UNI/USDT', 'PENGU/USDT', 'BNB/USDT', 'TRX/USDT', 'NEWT/USDT', 'ADA/USDT', 'WIF/USDT', 'FUN/USDT', 'NEIRO/USDT', 'AAVE/USDT', 'BONK/USDT', 'LTC/USDT', 'AVAX/USDT', 'ENA/USDT', 'SEI/USDT', 'EUR/USDT', 'SYRUP/USDT', 'SAHARA/USDT', 'LINK/USDT', 'VIRTUAL/USDT', 'PNUT/USDT']
2025-07-04 18:09:13,896 - INFO - Starting scan cycle for 30 symbols
2025-07-04 18:09:13,897 - INFO - [BTC/USDT] Scanning for signal
2025-07-04 18:09:14,043 - INFO - [BTC/USDT] Volume check: 1,162,778,760.58
2025-07-04 18:09:14,043 - INFO - [ETH/USDT] Scanning for signal
2025-07-04 18:09:14,190 - INFO - [ETH/USDT] Volume check: 1,070,559,765.39
2025-07-04 18:09:14,190 - INFO - [USDC/USDT] Scanning for signal
2025-07-04 18:09:14,357 - INFO - [USDC/USDT] Volume check: 800,908,094.03
2025-07-04 18:09:14,358 - INFO - [SOL/USDT] Scanning for signal
2025-07-04 18:09:14,514 - INFO - [SOL/USDT] Volume check: 344,246,064.10
2025-07-04 18:09:14,514 - INFO - [FDUSD/USDT] Scanning for signal
2025-07-04 18:09:14,667 - INFO - [FDUSD/USDT] Volume check: 263,985,406.91
2025-07-04 18:09:14,667 - INFO - [XRP/USDT] Scanning for signal
2025-07-04 18:09:14,830 - INFO - [XRP/USDT] Volume check: 175,163,129.81
2025-07-04 18:09:14,831 - INFO - [PEPE/USDT] Scanning for signal
2025-07-04 18:09:14,985 - INFO - [PEPE/USDT] Volume check: 129,002,221.56
2025-07-04 18:09:14,985 - INFO - [DOGE/USDT] Scanning for signal
2025-07-04 18:09:15,155 - INFO - [DOGE/USDT] Volume check: 118,255,317.08
2025-07-04 18:09:15,156 - INFO - [SUI/USDT] Scanning for signal
2025-07-04 18:09:15,306 - INFO - [SUI/USDT] Volume check: 102,733,714.56
2025-07-04 18:09:15,307 - INFO - [UNI/USDT] Scanning for signal
2025-07-04 18:09:15,460 - INFO - [UNI/USDT] Volume check: 82,066,774.29
2025-07-04 18:09:15,460 - INFO - [PENGU/USDT] Scanning for signal
2025-07-04 18:09:15,609 - INFO - [PENGU/USDT] Volume check: 73,197,199.16
2025-07-04 18:09:15,610 - INFO - [BNB/USDT] Scanning for signal
2025-07-04 18:09:15,753 - INFO - [BNB/USDT] Volume check: 62,133,719.38
2025-07-04 18:09:15,754 - INFO - [TRX/USDT] Scanning for signal
2025-07-04 18:09:15,897 - INFO - [TRX/USDT] Volume check: 55,685,068.66
2025-07-04 18:09:15,898 - INFO - [NEWT/USDT] Scanning for signal
2025-07-04 18:09:16,044 - INFO - [NEWT/USDT] Volume check: 53,056,237.31
2025-07-04 18:09:16,045 - INFO - [ADA/USDT] Scanning for signal
2025-07-04 18:09:16,192 - INFO - [ADA/USDT] Volume check: 49,393,557.40
2025-07-04 18:09:16,193 - INFO - [WIF/USDT] Scanning for signal
2025-07-04 18:09:16,336 - INFO - [WIF/USDT] Volume check: 48,536,922.75
2025-07-04 18:09:16,337 - INFO - [FUN/USDT] Scanning for signal
2025-07-04 18:09:16,484 - INFO - [FUN/USDT] Volume check: 45,375,282.69
2025-07-04 18:09:16,484 - INFO - [NEIRO/USDT] Scanning for signal
2025-07-04 18:09:16,639 - INFO - [NEIRO/USDT] Volume check: 44,166,091.54
2025-07-04 18:09:16,639 - INFO - [AAVE/USDT] Scanning for signal
2025-07-04 18:09:16,792 - INFO - [AAVE/USDT] Volume check: 40,725,395.18
2025-07-04 18:09:16,792 - INFO - [BONK/USDT] Scanning for signal
2025-07-04 18:09:16,950 - INFO - [BONK/USDT] Volume check: 39,397,616.69
2025-07-04 18:09:16,950 - INFO - [LTC/USDT] Scanning for signal
2025-07-04 18:09:17,099 - INFO - [LTC/USDT] Volume check: 34,669,119.51
2025-07-04 18:09:17,099 - INFO - [AVAX/USDT] Scanning for signal
2025-07-04 18:09:17,245 - INFO - [AVAX/USDT] Volume check: 34,531,254.69
2025-07-04 18:09:17,246 - INFO - [ENA/USDT] Scanning for signal
2025-07-04 18:09:17,394 - INFO - [ENA/USDT] Volume check: 33,516,603.47
2025-07-04 18:09:17,396 - INFO - [SEI/USDT] Scanning for signal
2025-07-04 18:09:17,553 - INFO - [SEI/USDT] Volume check: 33,225,415.46
2025-07-04 18:09:17,555 - INFO - [EUR/USDT] Scanning for signal
2025-07-04 18:09:17,700 - INFO - [EUR/USDT] Volume check: 30,207,427.74
2025-07-04 18:09:17,701 - INFO - [SYRUP/USDT] Scanning for signal
2025-07-04 18:09:17,848 - INFO - [SYRUP/USDT] Volume check: 30,029,231.01
2025-07-04 18:09:17,850 - INFO - [SAHARA/USDT] Scanning for signal
2025-07-04 18:09:18,007 - INFO - [SAHARA/USDT] Volume check: 30,021,596.06
2025-07-04 18:09:18,010 - INFO - [LINK/USDT] Scanning for signal
2025-07-04 18:09:18,156 - INFO - [LINK/USDT] Volume check: 29,620,518.59
2025-07-04 18:09:18,156 - INFO - [VIRTUAL/USDT] Scanning for signal
2025-07-04 18:09:18,304 - INFO - [VIRTUAL/USDT] Volume check: 27,287,337.97
2025-07-04 18:09:18,312 - INFO - [PNUT/USDT] Scanning for signal
2025-07-04 18:09:18,463 - INFO - [PNUT/USDT] Volume check: 25,234,962.00
2025-07-04 18:09:47,220 - INFO - Starting bot initialization
2025-07-04 18:09:47,221 - INFO - Initializing Binance exchange
2025-07-04 18:09:47,238 - INFO - Testing Binance API keys
2025-07-04 18:09:49,981 - INFO - API key test successful: BTC/USDT - 107826.06
2025-07-04 18:09:49,981 - INFO - Setting up Telegram bot
2025-07-04 18:09:50,775 - INFO - Telegram bot polling started
2025-07-04 18:09:50,775 - INFO - Attempting to fetch USDT pairs
2025-07-04 18:09:50,776 - INFO - Fetching USDT pairs from Binance
2025-07-04 18:09:50,776 - INFO - Total markets fetched: 3746
2025-07-04 18:09:50,777 - INFO - Total USDT pairs after initial filtering: 402
2025-07-04 18:09:50,992 - INFO - Tickers fetched for 402 symbols
2025-07-04 18:09:50,993 - INFO - Selected top 30 USDT pairs with volume > $100,000: ['BTC/USDT', 'ETH/USDT', 'USDC/USDT', 'SOL/USDT', 'FDUSD/USDT', 'XRP/USDT', 'PEPE/USDT', 'DOGE/USDT', 'SUI/USDT', 'UNI/USDT', 'PENGU/USDT', 'BNB/USDT', 'TRX/USDT', 'NEWT/USDT', 'ADA/USDT', 'WIF/USDT', 'FUN/USDT', 'NEIRO/USDT', 'AAVE/USDT', 'BONK/USDT', 'LTC/USDT', 'AVAX/USDT', 'ENA/USDT', 'SEI/USDT', 'EUR/USDT', 'SYRUP/USDT', 'SAHARA/USDT', 'LINK/USDT', 'VIRTUAL/USDT', 'PNUT/USDT']
2025-07-04 18:09:50,994 - INFO - Starting scan cycle for 30 symbols
2025-07-04 18:09:50,995 - INFO - [BTC/USDT] Scanning for signal
2025-07-04 18:09:51,151 - INFO - [BTC/USDT] Volume check: 1,163,764,895.14
2025-07-04 18:09:51,153 - INFO - [ETH/USDT] Scanning for signal
2025-07-04 18:09:51,299 - INFO - [ETH/USDT] Volume check: 1,071,134,315.42
2025-07-04 18:09:51,299 - INFO - [USDC/USDT] Scanning for signal
2025-07-04 18:09:51,455 - INFO - [USDC/USDT] Volume check: 799,639,180.16
2025-07-04 18:09:51,456 - INFO - [SOL/USDT] Scanning for signal
2025-07-04 18:09:51,603 - INFO - [SOL/USDT] Volume check: 344,264,533.62
2025-07-04 18:09:51,603 - INFO - [FDUSD/USDT] Scanning for signal
2025-07-04 18:09:51,746 - INFO - [FDUSD/USDT] Volume check: 263,977,891.70
2025-07-04 18:09:51,747 - INFO - [XRP/USDT] Scanning for signal
2025-07-04 18:09:51,900 - INFO - [XRP/USDT] Volume check: 175,143,039.82
2025-07-04 18:09:51,901 - INFO - [PEPE/USDT] Scanning for signal
2025-07-04 18:09:52,053 - INFO - [PEPE/USDT] Volume check: 128,950,852.91
2025-07-04 18:09:52,054 - INFO - [DOGE/USDT] Scanning for signal
2025-07-04 18:09:52,200 - INFO - [DOGE/USDT] Volume check: 118,322,576.30
2025-07-04 18:09:52,201 - INFO - [SUI/USDT] Scanning for signal
2025-07-04 18:09:52,346 - INFO - [SUI/USDT] Volume check: 102,717,308.77
2025-07-04 18:09:52,347 - INFO - [UNI/USDT] Scanning for signal
2025-07-04 18:09:52,503 - INFO - [UNI/USDT] Volume check: 82,075,128.85
2025-07-04 18:09:52,503 - INFO - [PENGU/USDT] Scanning for signal
2025-07-04 18:09:52,647 - INFO - [PENGU/USDT] Volume check: 73,192,086.96
2025-07-04 18:09:52,648 - INFO - [BNB/USDT] Scanning for signal
2025-07-04 18:09:52,791 - INFO - [BNB/USDT] Volume check: 62,125,632.73
2025-07-04 18:09:52,792 - INFO - [TRX/USDT] Scanning for signal
2025-07-04 18:09:52,949 - INFO - [TRX/USDT] Volume check: 55,683,944.60
2025-07-04 18:09:52,950 - INFO - [NEWT/USDT] Scanning for signal
2025-07-04 18:09:53,093 - INFO - [NEWT/USDT] Volume check: 53,034,612.98
2025-07-04 18:09:53,094 - INFO - [ADA/USDT] Scanning for signal
2025-07-04 18:09:53,247 - INFO - [ADA/USDT] Volume check: 49,453,158.47
2025-07-04 18:09:53,248 - INFO - [WIF/USDT] Scanning for signal
2025-07-04 18:09:53,397 - INFO - [WIF/USDT] Volume check: 48,537,341.25
2025-07-04 18:09:53,397 - INFO - [FUN/USDT] Scanning for signal
2025-07-04 18:09:53,541 - INFO - [FUN/USDT] Volume check: 45,375,969.99
2025-07-04 18:09:53,542 - INFO - [NEIRO/USDT] Scanning for signal
2025-07-04 18:09:53,689 - INFO - [NEIRO/USDT] Volume check: 44,171,841.14
2025-07-04 18:09:53,689 - INFO - [AAVE/USDT] Scanning for signal
2025-07-04 18:09:53,841 - INFO - [AAVE/USDT] Volume check: 40,734,049.67
2025-07-04 18:09:53,841 - INFO - [BONK/USDT] Scanning for signal
2025-07-04 18:09:53,996 - INFO - [BONK/USDT] Volume check: 39,402,278.60
2025-07-04 18:09:53,997 - INFO - [LTC/USDT] Scanning for signal
2025-07-04 18:09:54,138 - INFO - [LTC/USDT] Volume check: 34,723,686.19
2025-07-04 18:09:54,139 - INFO - [AVAX/USDT] Scanning for signal
2025-07-04 18:09:54,292 - INFO - [AVAX/USDT] Volume check: 34,532,217.49
2025-07-04 18:09:54,292 - INFO - [ENA/USDT] Scanning for signal
2025-07-04 18:09:54,435 - INFO - [ENA/USDT] Volume check: 33,521,345.34
2025-07-04 18:09:54,436 - INFO - [SEI/USDT] Scanning for signal
2025-07-04 18:09:54,580 - INFO - [SEI/USDT] Volume check: 33,226,125.95
2025-07-04 18:09:54,581 - INFO - [EUR/USDT] Scanning for signal
2025-07-04 18:09:54,726 - INFO - [EUR/USDT] Volume check: 30,208,188.65
2025-07-04 18:09:54,726 - INFO - [SYRUP/USDT] Scanning for signal
2025-07-04 18:09:54,883 - INFO - [SYRUP/USDT] Volume check: 30,056,975.51
2025-07-04 18:09:54,884 - INFO - [SAHARA/USDT] Scanning for signal
2025-07-04 18:09:55,025 - INFO - [SAHARA/USDT] Volume check: 30,007,043.35
2025-07-04 18:09:55,025 - INFO - [LINK/USDT] Scanning for signal
2025-07-04 18:09:55,172 - INFO - [LINK/USDT] Volume check: 29,620,276.83
2025-07-04 18:09:55,172 - INFO - [VIRTUAL/USDT] Scanning for signal
2025-07-04 18:09:55,329 - INFO - [VIRTUAL/USDT] Volume check: 27,282,474.89
2025-07-04 18:09:55,329 - INFO - [PNUT/USDT] Scanning for signal
2025-07-04 18:09:55,473 - INFO - [PNUT/USDT] Volume check: 25,251,556.93
2025-07-04 18:10:20,820 - ERROR - [PNUT/USDT] Retry 1/3 for 15m: binance GET https://api.binance.com/api/v3/exchangeInfo
2025-07-04 18:10:20,821 - ERROR - [SAHARA/USDT] Retry 1/3 for 15m: binance GET https://dapi.binance.com/dapi/v1/exchangeInfo
2025-07-04 18:10:20,821 - ERROR - [SYRUP/USDT] Retry 1/3 for 15m: binance GET https://dapi.binance.com/dapi/v1/exchangeInfo
2025-07-04 18:10:20,821 - ERROR - [VIRTUAL/USDT] Retry 1/3 for 15m: binance GET https://api.binance.com/api/v3/exchangeInfo
2025-07-04 18:10:20,821 - ERROR - [LINK/USDT] Retry 1/3 for 15m: binance GET https://api.binance.com/api/v3/exchangeInfo
2025-07-04 18:10:20,891 - ERROR - [ENA/USDT] Retry 1/3 for 15m: binance GET https://fapi.binance.com/fapi/v1/exchangeInfo
2025-07-04 18:10:20,891 - ERROR - [EUR/USDT] Retry 1/3 for 15m: binance GET https://fapi.binance.com/fapi/v1/exchangeInfo
2025-07-04 18:10:20,892 - ERROR - [AVAX/USDT] Retry 1/3 for 15m: binance GET https://fapi.binance.com/fapi/v1/exchangeInfo
2025-07-04 18:10:20,892 - ERROR - [SEI/USDT] Retry 1/3 for 15m: binance GET https://fapi.binance.com/fapi/v1/exchangeInfo
2025-07-04 18:10:21,044 - INFO - DataFrame validated successfully
2025-07-04 18:10:21,044 - INFO - [PEPE/USDT] Fetched 50 candles for 15m
2025-07-04 18:10:21,047 - INFO - DataFrame validated successfully
2025-07-04 18:10:21,047 - INFO - [SOL/USDT] Fetched 50 candles for 15m
2025-07-04 18:10:21,051 - INFO - DataFrame validated successfully
2025-07-04 18:10:21,051 - INFO - [BNB/USDT] Fetched 50 candles for 15m
2025-07-04 18:10:21,055 - INFO - DataFrame validated successfully
2025-07-04 18:10:21,055 - INFO - [ETH/USDT] Fetched 50 candles for 15m
2025-07-04 18:10:21,057 - INFO - DataFrame validated successfully
2025-07-04 18:10:21,057 - INFO - [NEWT/USDT] Fetched 50 candles for 15m
2025-07-04 18:10:21,059 - INFO - DataFrame validated successfully
2025-07-04 18:10:21,059 - INFO - [LTC/USDT] Fetched 50 candles for 15m
2025-07-04 18:10:21,060 - INFO - DataFrame validated successfully
2025-07-04 18:10:21,060 - INFO - [ADA/USDT] Fetched 50 candles for 15m
2025-07-04 18:10:21,062 - INFO - DataFrame validated successfully
2025-07-04 18:10:21,062 - INFO - [BONK/USDT] Fetched 50 candles for 15m
2025-07-04 18:10:21,064 - INFO - DataFrame validated successfully
2025-07-04 18:10:21,064 - INFO - [USDC/USDT] Fetched 50 candles for 15m
2025-07-04 18:10:21,066 - INFO - DataFrame validated successfully
2025-07-04 18:10:21,066 - INFO - [FUN/USDT] Fetched 50 candles for 15m
2025-07-04 18:10:21,069 - INFO - DataFrame validated successfully
2025-07-04 18:10:21,069 - INFO - [DOGE/USDT] Fetched 50 candles for 15m
2025-07-04 18:10:21,071 - INFO - DataFrame validated successfully
2025-07-04 18:10:21,071 - INFO - [XRP/USDT] Fetched 50 candles for 15m
2025-07-04 18:10:21,073 - INFO - DataFrame validated successfully
2025-07-04 18:10:21,073 - INFO - [SUI/USDT] Fetched 50 candles for 15m
2025-07-04 18:10:21,076 - INFO - DataFrame validated successfully
2025-07-04 18:10:21,076 - INFO - [WIF/USDT] Fetched 50 candles for 15m
2025-07-04 18:10:21,078 - INFO - DataFrame validated successfully
2025-07-04 18:10:21,078 - INFO - [TRX/USDT] Fetched 50 candles for 15m
2025-07-04 18:10:21,080 - INFO - DataFrame validated successfully
2025-07-04 18:10:21,080 - INFO - [FDUSD/USDT] Fetched 50 candles for 15m
2025-07-04 18:10:21,082 - INFO - DataFrame validated successfully
2025-07-04 18:10:21,082 - INFO - [NEIRO/USDT] Fetched 50 candles for 15m
2025-07-04 18:10:21,083 - INFO - DataFrame validated successfully
2025-07-04 18:10:21,083 - INFO - [AAVE/USDT] Fetched 50 candles for 15m
2025-07-04 18:10:21,085 - INFO - DataFrame validated successfully
2025-07-04 18:10:21,085 - INFO - [UNI/USDT] Fetched 50 candles for 15m
2025-07-04 18:10:21,087 - INFO - DataFrame validated successfully
2025-07-04 18:10:21,087 - INFO - [PENGU/USDT] Fetched 50 candles for 15m
2025-07-04 18:10:21,297 - INFO - DataFrame validated successfully
2025-07-04 18:10:21,298 - INFO - [BTC/USDT] Fetched 50 candles for 15m
2025-07-04 18:10:21,357 - INFO - Candle patterns identified successfully
2025-07-04 18:10:21,357 - INFO - [PEPE/USDT] Calculated indicators and patterns for 15m: ['timestamp', 'open', 'high', 'low', 'close', 'volume', 'ma20', 'ema12', 'ema26', 'macd', 'signal_line', 'rsi', 'adx', 'vwap', 'atr', 'stoch_k', 'stoch_d', 'candle_pattern']
2025-07-04 18:10:21,424 - INFO - Candle patterns identified successfully
2025-07-04 18:10:21,424 - INFO - [SOL/USDT] Calculated indicators and patterns for 15m: ['timestamp', 'open', 'high', 'low', 'close', 'volume', 'ma20', 'ema12', 'ema26', 'macd', 'signal_line', 'rsi', 'adx', 'vwap', 'atr', 'stoch_k', 'stoch_d', 'candle_pattern']
2025-07-04 18:10:21,508 - INFO - Candle patterns identified successfully
2025-07-04 18:10:21,508 - INFO - [BNB/USDT] Calculated indicators and patterns for 15m: ['timestamp', 'open', 'high', 'low', 'close', 'volume', 'ma20', 'ema12', 'ema26', 'macd', 'signal_line', 'rsi', 'adx', 'vwap', 'atr', 'stoch_k', 'stoch_d', 'candle_pattern']
2025-07-04 18:10:21,574 - INFO - Candle patterns identified successfully
2025-07-04 18:10:21,574 - INFO - [ETH/USDT] Calculated indicators and patterns for 15m: ['timestamp', 'open', 'high', 'low', 'close', 'volume', 'ma20', 'ema12', 'ema26', 'macd', 'signal_line', 'rsi', 'adx', 'vwap', 'atr', 'stoch_k', 'stoch_d', 'candle_pattern']
2025-07-04 18:10:21,633 - INFO - Candle patterns identified successfully
2025-07-04 18:10:21,634 - INFO - [NEWT/USDT] Calculated indicators and patterns for 15m: ['timestamp', 'open', 'high', 'low', 'close', 'volume', 'ma20', 'ema12', 'ema26', 'macd', 'signal_line', 'rsi', 'adx', 'vwap', 'atr', 'stoch_k', 'stoch_d', 'candle_pattern']
2025-07-04 18:10:21,697 - INFO - Candle patterns identified successfully
2025-07-04 18:10:21,697 - INFO - [LTC/USDT] Calculated indicators and patterns for 15m: ['timestamp', 'open', 'high', 'low', 'close', 'volume', 'ma20', 'ema12', 'ema26', 'macd', 'signal_line', 'rsi', 'adx', 'vwap', 'atr', 'stoch_k', 'stoch_d', 'candle_pattern']
2025-07-04 18:10:21,774 - INFO - Candle patterns identified successfully
2025-07-04 18:10:21,775 - INFO - [ADA/USDT] Calculated indicators and patterns for 15m: ['timestamp', 'open', 'high', 'low', 'close', 'volume', 'ma20', 'ema12', 'ema26', 'macd', 'signal_line', 'rsi', 'adx', 'vwap', 'atr', 'stoch_k', 'stoch_d', 'candle_pattern']
2025-07-04 18:10:21,837 - INFO - Candle patterns identified successfully
2025-07-04 18:10:21,837 - INFO - [BONK/USDT] Calculated indicators and patterns for 15m: ['timestamp', 'open', 'high', 'low', 'close', 'volume', 'ma20', 'ema12', 'ema26', 'macd', 'signal_line', 'rsi', 'adx', 'vwap', 'atr', 'stoch_k', 'stoch_d', 'candle_pattern']
2025-07-04 18:10:21,901 - INFO - Candle patterns identified successfully
2025-07-04 18:10:21,901 - INFO - [USDC/USDT] Calculated indicators and patterns for 15m: ['timestamp', 'open', 'high', 'low', 'close', 'volume', 'ma20', 'ema12', 'ema26', 'macd', 'signal_line', 'rsi', 'adx', 'vwap', 'atr', 'stoch_k', 'stoch_d', 'candle_pattern']
2025-07-04 18:10:21,994 - INFO - Candle patterns identified successfully
2025-07-04 18:10:21,997 - INFO - [FUN/USDT] Calculated indicators and patterns for 15m: ['timestamp', 'open', 'high', 'low', 'close', 'volume', 'ma20', 'ema12', 'ema26', 'macd', 'signal_line', 'rsi', 'adx', 'vwap', 'atr', 'stoch_k', 'stoch_d', 'candle_pattern']
2025-07-04 18:10:22,082 - INFO - Candle patterns identified successfully
2025-07-04 18:10:22,083 - INFO - [DOGE/USDT] Calculated indicators and patterns for 15m: ['timestamp', 'open', 'high', 'low', 'close', 'volume', 'ma20', 'ema12', 'ema26', 'macd', 'signal_line', 'rsi', 'adx', 'vwap', 'atr', 'stoch_k', 'stoch_d', 'candle_pattern']
2025-07-04 18:10:22,154 - INFO - Candle patterns identified successfully
2025-07-04 18:10:22,154 - INFO - [XRP/USDT] Calculated indicators and patterns for 15m: ['timestamp', 'open', 'high', 'low', 'close', 'volume', 'ma20', 'ema12', 'ema26', 'macd', 'signal_line', 'rsi', 'adx', 'vwap', 'atr', 'stoch_k', 'stoch_d', 'candle_pattern']
2025-07-04 18:10:22,225 - INFO - Candle patterns identified successfully
2025-07-04 18:10:22,225 - INFO - [SUI/USDT] Calculated indicators and patterns for 15m: ['timestamp', 'open', 'high', 'low', 'close', 'volume', 'ma20', 'ema12', 'ema26', 'macd', 'signal_line', 'rsi', 'adx', 'vwap', 'atr', 'stoch_k', 'stoch_d', 'candle_pattern']
2025-07-04 18:10:22,300 - INFO - Candle patterns identified successfully
2025-07-04 18:10:22,300 - INFO - [WIF/USDT] Calculated indicators and patterns for 15m: ['timestamp', 'open', 'high', 'low', 'close', 'volume', 'ma20', 'ema12', 'ema26', 'macd', 'signal_line', 'rsi', 'adx', 'vwap', 'atr', 'stoch_k', 'stoch_d', 'candle_pattern']
2025-07-04 18:10:22,381 - INFO - Candle patterns identified successfully
2025-07-04 18:10:22,381 - INFO - [TRX/USDT] Calculated indicators and patterns for 15m: ['timestamp', 'open', 'high', 'low', 'close', 'volume', 'ma20', 'ema12', 'ema26', 'macd', 'signal_line', 'rsi', 'adx', 'vwap', 'atr', 'stoch_k', 'stoch_d', 'candle_pattern']
2025-07-04 18:10:22,458 - INFO - Candle patterns identified successfully
2025-07-04 18:10:22,458 - INFO - [FDUSD/USDT] Calculated indicators and patterns for 15m: ['timestamp', 'open', 'high', 'low', 'close', 'volume', 'ma20', 'ema12', 'ema26', 'macd', 'signal_line', 'rsi', 'adx', 'vwap', 'atr', 'stoch_k', 'stoch_d', 'candle_pattern']
2025-07-04 18:10:22,534 - INFO - Candle patterns identified successfully
2025-07-04 18:10:22,534 - INFO - [NEIRO/USDT] Calculated indicators and patterns for 15m: ['timestamp', 'open', 'high', 'low', 'close', 'volume', 'ma20', 'ema12', 'ema26', 'macd', 'signal_line', 'rsi', 'adx', 'vwap', 'atr', 'stoch_k', 'stoch_d', 'candle_pattern']
2025-07-04 18:10:22,615 - INFO - Candle patterns identified successfully
2025-07-04 18:10:22,615 - INFO - [AAVE/USDT] Calculated indicators and patterns for 15m: ['timestamp', 'open', 'high', 'low', 'close', 'volume', 'ma20', 'ema12', 'ema26', 'macd', 'signal_line', 'rsi', 'adx', 'vwap', 'atr', 'stoch_k', 'stoch_d', 'candle_pattern']
2025-07-04 18:10:22,696 - INFO - Candle patterns identified successfully
2025-07-04 18:10:22,696 - INFO - [UNI/USDT] Calculated indicators and patterns for 15m: ['timestamp', 'open', 'high', 'low', 'close', 'volume', 'ma20', 'ema12', 'ema26', 'macd', 'signal_line', 'rsi', 'adx', 'vwap', 'atr', 'stoch_k', 'stoch_d', 'candle_pattern']
2025-07-04 18:10:22,767 - INFO - Candle patterns identified successfully
2025-07-04 18:10:22,767 - INFO - [PENGU/USDT] Calculated indicators and patterns for 15m: ['timestamp', 'open', 'high', 'low', 'close', 'volume', 'ma20', 'ema12', 'ema26', 'macd', 'signal_line', 'rsi', 'adx', 'vwap', 'atr', 'stoch_k', 'stoch_d', 'candle_pattern']
2025-07-04 18:10:23,116 - INFO - Candle patterns identified successfully
2025-07-04 18:10:23,116 - INFO - [BTC/USDT] Calculated indicators and patterns for 15m: ['timestamp', 'open', 'high', 'low', 'close', 'volume', 'ma20', 'ema12', 'ema26', 'macd', 'signal_line', 'rsi', 'adx', 'vwap', 'atr', 'stoch_k', 'stoch_d', 'candle_pattern']
2025-07-04 18:13:53,304 - INFO - Starting bot initialization
2025-07-04 18:13:53,307 - INFO - Initializing Binance exchange
2025-07-04 18:13:53,337 - INFO - Testing Binance API keys
2025-07-04 18:13:55,981 - INFO - API key test successful: BTC/USDT - 107807.55
2025-07-04 18:13:55,981 - INFO - Setting up Telegram bot
2025-07-04 18:13:56,755 - INFO - Telegram bot polling started
2025-07-04 18:13:56,755 - INFO - Attempting to fetch USDT pairs
2025-07-04 18:13:56,755 - INFO - Fetching USDT pairs from Binance
2025-07-04 18:13:56,755 - INFO - Total markets fetched: 3746
2025-07-04 18:13:56,757 - INFO - Total USDT pairs after initial filtering: 402
2025-07-04 18:13:56,979 - INFO - Tickers fetched for 402 symbols
2025-07-04 18:13:56,979 - INFO - Selected top 30 USDT pairs with volume > $100,000: ['BTC/USDT', 'ETH/USDT', 'USDC/USDT', 'SOL/USDT', 'FDUSD/USDT', 'XRP/USDT', 'PEPE/USDT', 'DOGE/USDT', 'SUI/USDT', 'UNI/USDT', 'PENGU/USDT', 'BNB/USDT', 'TRX/USDT', 'NEWT/USDT', 'ADA/USDT', 'WIF/USDT', 'FUN/USDT', 'NEIRO/USDT', 'AAVE/USDT', 'BONK/USDT', 'LTC/USDT', 'AVAX/USDT', 'ENA/USDT', 'SEI/USDT', 'EUR/USDT', 'SYRUP/USDT', 'SAHARA/USDT', 'LINK/USDT', 'VIRTUAL/USDT', 'PNUT/USDT']
2025-07-04 18:13:56,980 - INFO - Starting scan cycle for 30 symbols
2025-07-04 18:13:56,980 - INFO - [BTC/USDT] Scanning for signal
2025-07-04 18:13:57,129 - INFO - [BTC/USDT] Volume check: 1,163,981,122.80
2025-07-04 18:13:57,129 - INFO - [ETH/USDT] Scanning for signal
2025-07-04 18:13:57,286 - INFO - [ETH/USDT] Volume check: 1,072,578,539.88
2025-07-04 18:13:57,287 - INFO - [USDC/USDT] Scanning for signal
2025-07-04 18:13:57,440 - INFO - [USDC/USDT] Volume check: 802,459,471.84
2025-07-04 18:13:57,442 - INFO - [SOL/USDT] Scanning for signal
2025-07-04 18:13:57,584 - INFO - [SOL/USDT] Volume check: 343,745,720.30
2025-07-04 18:13:57,585 - INFO - [FDUSD/USDT] Scanning for signal
2025-07-04 18:13:57,743 - INFO - [FDUSD/USDT] Volume check: 263,574,811.88
2025-07-04 18:13:57,743 - INFO - [XRP/USDT] Scanning for signal
2025-07-04 18:13:57,890 - INFO - [XRP/USDT] Volume check: 175,194,539.78
2025-07-04 18:13:57,891 - INFO - [PEPE/USDT] Scanning for signal
2025-07-04 18:13:58,153 - INFO - [PEPE/USDT] Volume check: 128,643,956.36
2025-07-04 18:13:58,153 - INFO - [DOGE/USDT] Scanning for signal
2025-07-04 18:13:58,296 - INFO - [DOGE/USDT] Volume check: 118,386,609.00
2025-07-04 18:13:58,296 - INFO - [SUI/USDT] Scanning for signal
2025-07-04 18:13:58,444 - INFO - [SUI/USDT] Volume check: 102,381,201.42
2025-07-04 18:13:58,444 - INFO - [UNI/USDT] Scanning for signal
2025-07-04 18:13:58,586 - INFO - [UNI/USDT] Volume check: 82,019,066.12
2025-07-04 18:13:58,587 - INFO - [PENGU/USDT] Scanning for signal
2025-07-04 18:13:58,740 - INFO - [PENGU/USDT] Volume check: 73,201,951.98
2025-07-04 18:13:58,740 - INFO - [BNB/USDT] Scanning for signal
2025-07-04 18:13:58,886 - INFO - [BNB/USDT] Volume check: 61,989,260.54
2025-07-04 18:13:58,887 - INFO - [TRX/USDT] Scanning for signal
2025-07-04 18:13:59,030 - INFO - [TRX/USDT] Volume check: 55,687,527.98
2025-07-04 18:13:59,031 - INFO - [NEWT/USDT] Scanning for signal
2025-07-04 18:13:59,176 - INFO - [NEWT/USDT] Volume check: 52,897,101.05
2025-07-04 18:13:59,177 - INFO - [ADA/USDT] Scanning for signal
2025-07-04 18:13:59,329 - INFO - [ADA/USDT] Volume check: 49,230,574.18
2025-07-04 18:13:59,329 - INFO - [WIF/USDT] Scanning for signal
2025-07-04 18:13:59,483 - INFO - [WIF/USDT] Volume check: 48,414,468.24
2025-07-04 18:13:59,483 - INFO - [FUN/USDT] Scanning for signal
2025-07-04 18:13:59,631 - INFO - [FUN/USDT] Volume check: 45,414,122.62
2025-07-04 18:13:59,631 - INFO - [NEIRO/USDT] Scanning for signal
2025-07-04 18:13:59,786 - INFO - [NEIRO/USDT] Volume check: 44,160,520.26
2025-07-04 18:13:59,786 - INFO - [AAVE/USDT] Scanning for signal
2025-07-04 18:13:59,932 - INFO - [AAVE/USDT] Volume check: 40,715,819.25
2025-07-04 18:13:59,932 - INFO - [BONK/USDT] Scanning for signal
2025-07-04 18:14:00,090 - INFO - [BONK/USDT] Volume check: 39,144,000.43
2025-07-04 18:14:00,091 - INFO - [LTC/USDT] Scanning for signal
2025-07-04 18:14:00,236 - INFO - [LTC/USDT] Volume check: 34,571,574.24
2025-07-04 18:14:00,237 - INFO - [AVAX/USDT] Scanning for signal
2025-07-04 18:14:00,384 - INFO - [AVAX/USDT] Volume check: 34,507,449.77
2025-07-04 18:14:00,384 - INFO - [ENA/USDT] Scanning for signal
2025-07-04 18:14:00,537 - INFO - [ENA/USDT] Volume check: 33,524,243.32
2025-07-04 18:14:00,538 - INFO - [SEI/USDT] Scanning for signal
2025-07-04 18:14:00,682 - INFO - [SEI/USDT] Volume check: 33,278,661.18
2025-07-04 18:14:00,682 - INFO - [EUR/USDT] Scanning for signal
2025-07-04 18:14:00,834 - INFO - [EUR/USDT] Volume check: 30,189,527.11
2025-07-04 18:14:00,835 - INFO - [SYRUP/USDT] Scanning for signal
2025-07-04 18:14:00,979 - INFO - [SYRUP/USDT] Volume check: 30,082,036.26
2025-07-04 18:14:00,980 - INFO - [SAHARA/USDT] Scanning for signal
2025-07-04 18:14:01,126 - INFO - [SAHARA/USDT] Volume check: 30,065,597.44
2025-07-04 18:14:01,126 - INFO - [LINK/USDT] Scanning for signal
2025-07-04 18:14:01,270 - INFO - [LINK/USDT] Volume check: 29,553,025.66
2025-07-04 18:14:01,271 - INFO - [VIRTUAL/USDT] Scanning for signal
2025-07-04 18:14:01,432 - INFO - [VIRTUAL/USDT] Volume check: 27,270,200.72
2025-07-04 18:14:01,432 - INFO - [PNUT/USDT] Scanning for signal
2025-07-04 18:14:01,590 - INFO - [PNUT/USDT] Volume check: 25,229,893.13
2025-07-04 22:01:56,773 - INFO - Starting bot initialization
2025-07-04 22:01:56,775 - INFO - Initializing Binance exchange
2025-07-04 22:01:56,785 - INFO - Testing Binance API keys
2025-07-04 22:01:58,797 - INFO - API key test successful: BTC/USDT - 107897.94
2025-07-04 22:01:58,797 - INFO - Setting up Telegram bot
2025-07-04 22:01:59,570 - INFO - Telegram bot polling started
2025-07-04 22:01:59,570 - INFO - Attempting to fetch USDT pairs
2025-07-04 22:01:59,570 - INFO - Fetching USDT pairs from Binance
2025-07-04 22:01:59,570 - INFO - Total markets fetched: 3746
2025-07-04 22:01:59,572 - INFO - Total USDT pairs after initial filtering: 402
2025-07-04 22:01:59,780 - INFO - Tickers fetched for 402 symbols
2025-07-04 22:01:59,781 - INFO - Selected top 30 USDT pairs with volume > $100,000: ['BTC/USDT', 'ETH/USDT', 'USDC/USDT', 'SOL/USDT', 'FDUSD/USDT', 'XRP/USDT', 'PEPE/USDT', 'DOGE/USDT', 'SUI/USDT', 'UNI/USDT', 'PENGU/USDT', 'BNB/USDT', 'TRX/USDT', 'NEWT/USDT', 'ADA/USDT', 'FUN/USDT', 'WIF/USDT', 'NEIRO/USDT', 'BONK/USDT', 'AAVE/USDT', 'AVAX/USDT', 'LTC/USDT', 'ENA/USDT', 'SEI/USDT', 'EUR/USDT', 'LINK/USDT', 'TRUMP/USDT', 'BCH/USDT', 'ARB/USDT', 'APT/USDT']
2025-07-04 22:01:59,782 - INFO - Starting scan cycle for 30 symbols
2025-07-04 22:01:59,783 - INFO - [BTC/USDT] Scanning for signal
2025-07-04 22:01:59,951 - INFO - [BTC/USDT] Volume check: 1,265,796,352.79
2025-07-04 22:01:59,952 - INFO - [ETH/USDT] Scanning for signal
2025-07-04 22:02:00,097 - INFO - [ETH/USDT] Volume check: 1,123,487,253.71
2025-07-04 22:02:00,097 - INFO - [USDC/USDT] Scanning for signal
2025-07-04 22:02:00,244 - INFO - [USDC/USDT] Volume check: 915,047,444.54
2025-07-04 22:02:00,244 - INFO - [SOL/USDT] Scanning for signal
2025-07-04 22:02:00,384 - INFO - [SOL/USDT] Volume check: 333,411,670.20
2025-07-04 22:02:00,385 - INFO - [FDUSD/USDT] Scanning for signal
2025-07-04 22:02:00,536 - INFO - [FDUSD/USDT] Volume check: 245,002,588.52
2025-07-04 22:02:00,536 - INFO - [XRP/USDT] Scanning for signal
2025-07-04 22:02:00,691 - INFO - [XRP/USDT] Volume check: 166,068,399.22
2025-07-04 22:02:00,692 - INFO - [PEPE/USDT] Scanning for signal
2025-07-04 22:02:00,833 - INFO - [PEPE/USDT] Volume check: 123,404,475.86
2025-07-04 22:02:00,834 - INFO - [DOGE/USDT] Scanning for signal
2025-07-04 22:02:00,987 - INFO - [DOGE/USDT] Volume check: 122,189,158.74
2025-07-04 22:02:00,987 - INFO - [SUI/USDT] Scanning for signal
2025-07-04 22:02:01,139 - INFO - [SUI/USDT] Volume check: 99,510,556.06
2025-07-04 22:02:01,139 - INFO - [UNI/USDT] Scanning for signal
2025-07-04 22:02:01,284 - INFO - [UNI/USDT] Volume check: 83,131,463.19
2025-07-04 22:02:01,284 - INFO - [PENGU/USDT] Scanning for signal
2025-07-04 22:02:01,437 - INFO - [PENGU/USDT] Volume check: 70,473,930.13
2025-07-04 22:02:01,438 - INFO - [BNB/USDT] Scanning for signal
2025-07-04 22:02:01,579 - INFO - [BNB/USDT] Volume check: 60,922,423.73
2025-07-04 22:02:01,579 - INFO - [TRX/USDT] Scanning for signal
2025-07-04 22:02:01,732 - INFO - [TRX/USDT] Volume check: 56,395,347.00
2025-07-04 22:02:01,732 - INFO - [NEWT/USDT] Scanning for signal
2025-07-04 22:02:01,874 - INFO - [NEWT/USDT] Volume check: 52,826,432.85
2025-07-04 22:02:01,875 - INFO - [ADA/USDT] Scanning for signal
2025-07-04 22:02:02,016 - INFO - [ADA/USDT] Volume check: 49,508,556.18
2025-07-04 22:02:02,017 - INFO - [FUN/USDT] Scanning for signal
2025-07-04 22:02:02,200 - INFO - [FUN/USDT] Volume check: 46,455,058.40
2025-07-04 22:02:02,201 - INFO - [WIF/USDT] Scanning for signal
2025-07-04 22:02:02,345 - INFO - [WIF/USDT] Volume check: 45,300,827.66
2025-07-04 22:02:02,346 - INFO - [NEIRO/USDT] Scanning for signal
2025-07-04 22:02:02,490 - INFO - [NEIRO/USDT] Volume check: 43,287,304.95
2025-07-04 22:02:02,490 - INFO - [BONK/USDT] Scanning for signal
2025-07-04 22:02:02,635 - INFO - [BONK/USDT] Volume check: 40,105,108.52
2025-07-04 22:02:02,635 - INFO - [AAVE/USDT] Scanning for signal
2025-07-04 22:02:02,778 - INFO - [AAVE/USDT] Volume check: 39,889,427.49
2025-07-04 22:02:02,778 - INFO - [AVAX/USDT] Scanning for signal
2025-07-04 22:02:02,919 - INFO - [AVAX/USDT] Volume check: 33,652,251.17
2025-07-04 22:02:02,919 - INFO - [LTC/USDT] Scanning for signal
2025-07-04 22:02:03,097 - INFO - [LTC/USDT] Volume check: 33,400,613.33
2025-07-04 22:02:03,097 - INFO - [ENA/USDT] Scanning for signal
2025-07-04 22:02:03,248 - INFO - [ENA/USDT] Volume check: 33,045,295.83
2025-07-04 22:02:03,249 - INFO - [SEI/USDT] Scanning for signal
2025-07-04 22:02:03,393 - INFO - [SEI/USDT] Volume check: 32,805,005.71
2025-07-04 22:02:03,393 - INFO - [EUR/USDT] Scanning for signal
2025-07-04 22:02:03,537 - INFO - [EUR/USDT] Volume check: 30,221,612.09
2025-07-04 22:02:03,537 - INFO - [LINK/USDT] Scanning for signal
2025-07-04 22:02:03,683 - INFO - [LINK/USDT] Volume check: 28,557,946.54
2025-07-04 22:02:03,684 - INFO - [TRUMP/USDT] Scanning for signal
2025-07-04 22:02:03,825 - INFO - [TRUMP/USDT] Volume check: 26,941,166.78
2025-07-04 22:02:03,826 - INFO - [BCH/USDT] Scanning for signal
2025-07-04 22:02:03,969 - INFO - [BCH/USDT] Volume check: 24,382,772.09
2025-07-04 22:02:03,969 - INFO - [ARB/USDT] Scanning for signal
2025-07-04 22:02:04,116 - INFO - [ARB/USDT] Volume check: 23,671,216.46
2025-07-04 22:02:04,116 - INFO - [APT/USDT] Scanning for signal
2025-07-04 22:02:04,268 - INFO - [APT/USDT] Volume check: 23,025,816.80
2025-07-04 22:02:18,654 - INFO - DataFrame validated successfully
2025-07-04 22:02:18,655 - INFO - [BTC/USDT] Fetched 50 candles for 15m
2025-07-04 22:02:18,975 - ERROR - [WIF/USDT] Retry 1/3 for 15m: binance GET https://dapi.binance.com/dapi/v1/exchangeInfo
2025-07-04 22:02:18,975 - ERROR - [FUN/USDT] Retry 1/3 for 15m: binance GET https://dapi.binance.com/dapi/v1/exchangeInfo
2025-07-04 22:02:18,976 - ERROR - [NEIRO/USDT] Retry 1/3 for 15m: binance GET https://dapi.binance.com/dapi/v1/exchangeInfo
2025-07-04 22:02:18,976 - ERROR - [PENGU/USDT] Retry 1/3 for 15m: binance GET https://dapi.binance.com/dapi/v1/exchangeInfo
2025-07-04 22:02:18,976 - ERROR - [NEWT/USDT] Retry 1/3 for 15m: binance GET https://dapi.binance.com/dapi/v1/exchangeInfo
2025-07-04 22:02:18,976 - ERROR - [ADA/USDT] Retry 1/3 for 15m: binance GET https://dapi.binance.com/dapi/v1/exchangeInfo
2025-07-04 22:02:18,976 - ERROR - [TRX/USDT] Retry 1/3 for 15m: binance GET https://dapi.binance.com/dapi/v1/exchangeInfo
2025-07-04 22:02:18,976 - ERROR - [BNB/USDT] Retry 1/3 for 15m: binance GET https://dapi.binance.com/dapi/v1/exchangeInfo
2025-07-04 22:02:18,976 - ERROR - [TRUMP/USDT] Retry 1/3 for 15m: binance GET https://api.binance.com/api/v3/exchangeInfo
2025-07-04 22:02:18,977 - ERROR - [BCH/USDT] Retry 1/3 for 15m: binance GET https://api.binance.com/api/v3/exchangeInfo
2025-07-04 22:02:18,977 - ERROR - [LINK/USDT] Retry 1/3 for 15m: binance GET https://fapi.binance.com/fapi/v1/exchangeInfo
2025-07-04 22:02:18,977 - ERROR - [LTC/USDT] Retry 1/3 for 15m: binance GET https://dapi.binance.com/dapi/v1/exchangeInfo
2025-07-04 22:02:18,977 - ERROR - [SEI/USDT] Retry 1/3 for 15m: binance GET https://dapi.binance.com/dapi/v1/exchangeInfo
2025-07-04 22:02:18,978 - ERROR - [BONK/USDT] Retry 1/3 for 15m: binance GET https://dapi.binance.com/dapi/v1/exchangeInfo
2025-07-04 22:02:18,978 - ERROR - [ENA/USDT] Retry 1/3 for 15m: binance GET https://dapi.binance.com/dapi/v1/exchangeInfo
2025-07-04 22:02:18,978 - ERROR - [AVAX/USDT] Retry 1/3 for 15m: binance GET https://dapi.binance.com/dapi/v1/exchangeInfo
2025-07-04 22:02:18,978 - ERROR - [AAVE/USDT] Retry 1/3 for 15m: binance GET https://dapi.binance.com/dapi/v1/exchangeInfo
2025-07-04 22:02:18,997 - INFO - DataFrame validated successfully
2025-07-04 22:02:18,997 - INFO - [PEPE/USDT] Fetched 50 candles for 15m
2025-07-04 22:02:19,000 - INFO - DataFrame validated successfully
2025-07-04 22:02:19,000 - INFO - [DOGE/USDT] Fetched 50 candles for 15m
2025-07-04 22:02:19,003 - INFO - DataFrame validated successfully
2025-07-04 22:02:19,004 - INFO - [USDC/USDT] Fetched 50 candles for 15m
2025-07-04 22:02:19,007 - INFO - DataFrame validated successfully
2025-07-04 22:02:19,007 - INFO - [ETH/USDT] Fetched 50 candles for 15m
2025-07-04 22:02:19,011 - INFO - DataFrame validated successfully
2025-07-04 22:02:19,011 - INFO - [SOL/USDT] Fetched 50 candles for 15m
2025-07-04 22:02:19,013 - INFO - DataFrame validated successfully
2025-07-04 22:02:19,014 - INFO - [FDUSD/USDT] Fetched 50 candles for 15m
2025-07-04 22:02:19,141 - ERROR - [ARB/USDT] Retry 1/3 for 15m: binance GET https://api.binance.com/api/v3/exchangeInfo
2025-07-04 22:02:19,141 - ERROR - [EUR/USDT] Retry 1/3 for 15m: binance GET https://dapi.binance.com/dapi/v1/exchangeInfo
2025-07-04 22:02:19,144 - INFO - DataFrame validated successfully
2025-07-04 22:02:19,144 - INFO - [XRP/USDT] Fetched 50 candles for 15m
2025-07-04 22:02:19,146 - INFO - DataFrame validated successfully
2025-07-04 22:02:19,146 - INFO - [UNI/USDT] Fetched 50 candles for 15m
2025-07-04 22:02:19,148 - INFO - DataFrame validated successfully
2025-07-04 22:02:19,149 - INFO - [SUI/USDT] Fetched 50 candles for 15m
2025-07-04 22:02:19,376 - INFO - Candle patterns identified successfully
2025-07-04 22:02:19,376 - INFO - [BTC/USDT] Calculated indicators and patterns for 15m: ['timestamp', 'open', 'high', 'low', 'close', 'volume', 'ma20', 'ema12', 'ema26', 'macd', 'signal_line', 'rsi', 'adx', 'vwap', 'atr', 'stoch_k', 'stoch_d', 'candle_pattern']
2025-07-04 22:02:19,435 - INFO - Candle patterns identified successfully
2025-07-04 22:02:19,436 - INFO - [PEPE/USDT] Calculated indicators and patterns for 15m: ['timestamp', 'open', 'high', 'low', 'close', 'volume', 'ma20', 'ema12', 'ema26', 'macd', 'signal_line', 'rsi', 'adx', 'vwap', 'atr', 'stoch_k', 'stoch_d', 'candle_pattern']
2025-07-04 22:02:19,498 - INFO - Candle patterns identified successfully
2025-07-04 22:02:19,498 - INFO - [DOGE/USDT] Calculated indicators and patterns for 15m: ['timestamp', 'open', 'high', 'low', 'close', 'volume', 'ma20', 'ema12', 'ema26', 'macd', 'signal_line', 'rsi', 'adx', 'vwap', 'atr', 'stoch_k', 'stoch_d', 'candle_pattern']
2025-07-04 22:02:19,562 - INFO - Candle patterns identified successfully
2025-07-04 22:02:19,562 - INFO - [USDC/USDT] Calculated indicators and patterns for 15m: ['timestamp', 'open', 'high', 'low', 'close', 'volume', 'ma20', 'ema12', 'ema26', 'macd', 'signal_line', 'rsi', 'adx', 'vwap', 'atr', 'stoch_k', 'stoch_d', 'candle_pattern']
2025-07-04 22:02:19,638 - INFO - Candle patterns identified successfully
2025-07-04 22:02:19,638 - INFO - [ETH/USDT] Calculated indicators and patterns for 15m: ['timestamp', 'open', 'high', 'low', 'close', 'volume', 'ma20', 'ema12', 'ema26', 'macd', 'signal_line', 'rsi', 'adx', 'vwap', 'atr', 'stoch_k', 'stoch_d', 'candle_pattern']
2025-07-04 22:02:19,714 - INFO - Candle patterns identified successfully
2025-07-04 22:02:19,715 - INFO - [SOL/USDT] Calculated indicators and patterns for 15m: ['timestamp', 'open', 'high', 'low', 'close', 'volume', 'ma20', 'ema12', 'ema26', 'macd', 'signal_line', 'rsi', 'adx', 'vwap', 'atr', 'stoch_k', 'stoch_d', 'candle_pattern']
2025-07-04 22:02:19,788 - INFO - Candle patterns identified successfully
2025-07-04 22:02:19,789 - INFO - [FDUSD/USDT] Calculated indicators and patterns for 15m: ['timestamp', 'open', 'high', 'low', 'close', 'volume', 'ma20', 'ema12', 'ema26', 'macd', 'signal_line', 'rsi', 'adx', 'vwap', 'atr', 'stoch_k', 'stoch_d', 'candle_pattern']
2025-07-04 22:02:19,876 - INFO - Candle patterns identified successfully
2025-07-04 22:02:19,876 - INFO - [XRP/USDT] Calculated indicators and patterns for 15m: ['timestamp', 'open', 'high', 'low', 'close', 'volume', 'ma20', 'ema12', 'ema26', 'macd', 'signal_line', 'rsi', 'adx', 'vwap', 'atr', 'stoch_k', 'stoch_d', 'candle_pattern']
2025-07-04 22:02:19,939 - INFO - Candle patterns identified successfully
2025-07-04 22:02:19,940 - INFO - [UNI/USDT] Calculated indicators and patterns for 15m: ['timestamp', 'open', 'high', 'low', 'close', 'volume', 'ma20', 'ema12', 'ema26', 'macd', 'signal_line', 'rsi', 'adx', 'vwap', 'atr', 'stoch_k', 'stoch_d', 'candle_pattern']
2025-07-04 22:02:20,004 - INFO - Candle patterns identified successfully
2025-07-04 22:02:20,005 - INFO - [SUI/USDT] Calculated indicators and patterns for 15m: ['timestamp', 'open', 'high', 'low', 'close', 'volume', 'ma20', 'ema12', 'ema26', 'macd', 'signal_line', 'rsi', 'adx', 'vwap', 'atr', 'stoch_k', 'stoch_d', 'candle_pattern']
2025-07-04 22:02:20,900 - INFO - DataFrame validated successfully
2025-07-04 22:02:20,900 - INFO - [APT/USDT] Fetched 50 candles for 15m
2025-07-04 22:15:46,648 - INFO - Starting bot initialization
2025-07-04 22:15:46,651 - INFO - Initializing Binance Futures exchange
2025-07-04 22:15:46,662 - INFO - Testing Binance Futures API keys
2025-07-04 22:15:48,537 - INFO - API key test successful: BTC/USDT:USDT - 107942.0
2025-07-04 22:15:48,538 - INFO - Setting up Telegram bot
2025-07-04 22:15:49,309 - INFO - Telegram bot polling started
2025-07-04 22:15:49,309 - INFO - Attempting to fetch USDT pairs
2025-07-04 22:15:49,310 - INFO - Fetching USDT pairs from Binance Futures
2025-07-04 22:15:49,310 - INFO - Total markets fetched: 3746
2025-07-04 22:15:49,310 - INFO - Total USDT pairs after initial filtering: 0
2025-07-04 22:15:49,311 - ERROR - Retry 1/3 for fetching tickers: can only concatenate str (not "NoneType") to str
2025-07-04 22:15:50,312 - ERROR - Retry 2/3 for fetching tickers: can only concatenate str (not "NoneType") to str
2025-07-04 22:15:51,313 - ERROR - Retry 3/3 for fetching tickers: can only concatenate str (not "NoneType") to str
2025-07-04 22:15:52,314 - ERROR - Failed to fetch tickers after 3 retries
2025-07-04 22:15:52,909 - WARNING - No USDT pairs found, retrying in 60s
2025-07-04 22:17:53,911 - INFO - Starting bot initialization
2025-07-04 22:17:53,911 - INFO - Initializing Binance Futures exchange
2025-07-04 22:17:53,927 - INFO - Testing Binance Futures API keys
2025-07-04 22:17:58,624 - INFO - API key test successful: BTC/USDT:USDT - 108022.0
2025-07-04 22:17:58,624 - INFO - Setting up Telegram bot
2025-07-04 22:17:59,495 - INFO - Telegram bot polling started
2025-07-04 22:17:59,496 - INFO - Attempting to fetch USDT pairs
2025-07-04 22:17:59,496 - INFO - Fetching USDT pairs from Binance Futures
2025-07-04 22:17:59,496 - INFO - Total markets fetched: 3746
2025-07-04 22:17:59,498 - INFO - Total USDT pairs after initial filtering: 444
2025-07-04 22:17:59,498 - ERROR - Retry 1/3 for fetching tickers: binance does not have market symbol BTC:USDT:USDT
2025-07-04 22:18:00,499 - ERROR - Retry 2/3 for fetching tickers: binance does not have market symbol BTC:USDT:USDT
2025-07-04 22:18:01,502 - ERROR - Retry 3/3 for fetching tickers: binance does not have market symbol BTC:USDT:USDT
2025-07-04 22:18:02,504 - ERROR - Failed to fetch tickers after 3 retries
2025-07-04 22:18:03,112 - WARNING - No USDT pairs found, retrying in 60s
2025-07-04 22:18:41,641 - INFO - Starting bot initialization
2025-07-04 22:18:41,641 - INFO - Initializing Binance Futures exchange
2025-07-04 22:18:41,650 - INFO - Testing Binance Futures API keys
2025-07-04 22:18:43,872 - INFO - API key test successful: BTC/USDT:USDT - 108035.0
2025-07-04 22:18:43,872 - INFO - Setting up Telegram bot
2025-07-04 22:18:44,638 - INFO - Telegram bot polling started
2025-07-04 22:18:44,638 - INFO - Attempting to fetch USDT pairs
2025-07-04 22:18:44,638 - INFO - Fetching USDT pairs from Binance Futures
2025-07-04 22:18:44,638 - INFO - Total markets fetched: 3746
2025-07-04 22:18:44,640 - INFO - Total USDT pairs after initial filtering: 444
2025-07-04 22:18:44,640 - ERROR - Retry 1/3 for fetching tickers: binance does not have market symbol BTC:USDT:USDT
2025-07-04 22:18:45,641 - ERROR - Retry 2/3 for fetching tickers: binance does not have market symbol BTC:USDT:USDT
2025-07-04 22:18:46,642 - ERROR - Retry 3/3 for fetching tickers: binance does not have market symbol BTC:USDT:USDT
2025-07-04 22:18:47,643 - ERROR - Failed to fetch tickers after 3 retries
2025-07-04 22:18:48,229 - WARNING - No USDT pairs found, retrying in 60s
2025-07-04 22:19:48,230 - INFO - Attempting to fetch USDT pairs
2025-07-04 22:19:48,231 - INFO - Fetching USDT pairs from Binance Futures
2025-07-04 22:19:48,231 - INFO - Total markets fetched: 3746
2025-07-04 22:19:48,232 - INFO - Total USDT pairs after initial filtering: 444
2025-07-04 22:19:48,233 - ERROR - Retry 1/3 for fetching tickers: binance does not have market symbol BTC:USDT:USDT
2025-07-04 22:19:49,234 - ERROR - Retry 2/3 for fetching tickers: binance does not have market symbol BTC:USDT:USDT
2025-07-04 22:19:50,235 - ERROR - Retry 3/3 for fetching tickers: binance does not have market symbol BTC:USDT:USDT
2025-07-04 22:19:51,236 - ERROR - Failed to fetch tickers after 3 retries
2025-07-04 22:19:51,837 - WARNING - No USDT pairs found, retrying in 60s
2025-07-04 22:20:55,384 - INFO - Starting bot initialization
2025-07-04 22:20:55,384 - INFO - Initializing Binance Futures exchange
2025-07-04 22:20:55,394 - INFO - Testing Binance Futures API keys
2025-07-04 22:20:57,665 - INFO - API key test successful: BTC/USDT:USDT - 108051.3
2025-07-04 22:20:57,665 - INFO - Setting up Telegram bot
2025-07-04 22:20:57,683 - ERROR - Bot startup error: name 'applicationnota' is not defined
Traceback (most recent call last):
  File "/home/runner/workspace/main.py", line 402, in start_bot
    await applicationnota
          ^^^^^^^^^^^^^^^
NameError: name 'applicationnota' is not defined
2025-07-04 22:24:26,713 - INFO - Starting bot initialization
2025-07-04 22:24:26,714 - INFO - Initializing Binance Futures exchange
2025-07-04 22:24:26,724 - INFO - Testing Binance Futures API keys
2025-07-04 22:24:28,874 - INFO - API key test successful: BTC/USDT:USDT - 108086.2
2025-07-04 22:24:28,874 - INFO - Setting up Telegram bot
2025-07-04 22:24:29,641 - INFO - Telegram bot polling started
2025-07-04 22:24:29,641 - INFO - Attempting to fetch USDT pairs
2025-07-04 22:24:29,641 - INFO - Fetching USDT pairs from Binance Futures
2025-07-04 22:24:29,641 - INFO - Total markets fetched: 3746
2025-07-04 22:24:29,642 - INFO - Total USDT pairs after initial filtering: 0
2025-07-04 22:24:29,642 - WARNING - No valid USDT pairs found
2025-07-04 22:24:29,642 - WARNING - No USDT pairs found, retrying in 60s
2025-07-04 22:25:29,644 - INFO - Attempting to fetch USDT pairs
2025-07-04 22:25:29,644 - INFO - Fetching USDT pairs from Binance Futures
2025-07-04 22:25:29,644 - INFO - Total markets fetched: 3746
2025-07-04 22:25:29,645 - INFO - Total USDT pairs after initial filtering: 0
2025-07-04 22:25:29,645 - WARNING - No valid USDT pairs found
2025-07-04 22:25:29,645 - WARNING - No USDT pairs found, retrying in 60s
2025-07-04 22:25:54,873 - INFO - Starting bot initialization
2025-07-04 22:25:54,874 - INFO - Initializing Binance exchange
2025-07-04 22:25:54,884 - INFO - Testing Binance API keys
2025-07-04 22:25:56,934 - INFO - API key test successful: BTC/USDT - 108068.54
2025-07-04 22:25:56,934 - INFO - Setting up Telegram bot
2025-07-04 22:25:57,702 - INFO - Telegram bot polling started
2025-07-04 22:25:57,702 - INFO - Attempting to fetch USDT pairs
2025-07-04 22:25:57,702 - INFO - Fetching USDT pairs from Binance
2025-07-04 22:25:57,702 - INFO - Loaded 3746 markets
2025-07-04 22:25:57,883 - INFO - [BTC/USDT] Volume check: 1,276,154,272.10
2025-07-04 22:25:58,143 - INFO - [ETH/USDT] Volume check: 1,131,174,734.87
2025-07-04 22:25:58,394 - INFO - [BNB/USDT] Volume check: 60,435,762.10
2025-07-04 22:25:58,681 - INFO - [NEO/USDT] Volume check: 1,945,963.94
2025-07-04 22:25:58,923 - INFO - [LTC/USDT] Volume check: 33,303,789.80
2025-07-04 22:25:59,171 - INFO - [QTUM/USDT] Volume check: 1,228,573.65
2025-07-04 22:25:59,538 - INFO - [ADA/USDT] Volume check: 49,341,517.84
2025-07-04 22:25:59,783 - INFO - [XRP/USDT] Volume check: 165,523,228.76
2025-07-04 22:26:00,032 - INFO - [TUSD/USDT] Volume check: 178,036.02
2025-07-04 22:26:00,277 - INFO - [IOTA/USDT] Volume check: 1,902,904.83
2025-07-04 22:26:00,523 - INFO - [XLM/USDT] Volume check: 7,304,994.03
2025-07-04 22:26:00,773 - INFO - [ONT/USDT] Volume check: 314,023.25
2025-07-04 22:26:01,015 - INFO - [TRX/USDT] Volume check: 55,907,868.90
2025-07-04 22:26:01,259 - INFO - [ETC/USDT] Volume check: 3,883,385.87
2025-07-04 22:26:01,502 - INFO - [ICX/USDT] Volume check: 628,965.97
2025-07-04 22:26:01,745 - INFO - [VET/USDT] Volume check: 3,557,318.88
2025-07-04 22:26:01,997 - INFO - [USDC/USDT] Volume check: 912,698,362.24
2025-07-04 22:26:02,239 - INFO - [LINK/USDT] Volume check: 28,662,655.20
2025-07-04 22:26:02,483 - INFO - [ONG/USDT] Volume check: 1,185,186.45
2025-07-04 22:26:02,725 - INFO - [HOT/USDT] Volume check: 775,045.11
2025-07-04 22:26:02,968 - INFO - [ZIL/USDT] Volume check: 776,192.30
2025-07-04 22:26:03,213 - INFO - [ZRX/USDT] Volume check: 1,275,758.22
2025-07-04 22:26:03,456 - INFO - [FET/USDT] Volume check: 21,095,573.73
2025-07-04 22:26:03,700 - INFO - [BAT/USDT] Volume check: 1,796,712.90
2025-07-04 22:26:03,939 - INFO - [ZEC/USDT] Volume check: 3,537,136.35
2025-07-04 22:26:04,183 - INFO - [IOST/USDT] Volume check: 474,998.40
2025-07-04 22:26:04,427 - INFO - [CELR/USDT] Volume check: 615,511.76
2025-07-04 22:26:04,668 - INFO - [DASH/USDT] Volume check: 894,219.89
2025-07-04 22:26:04,911 - INFO - [THETA/USDT] Volume check: 1,641,772.17
2025-07-04 22:26:05,156 - INFO - [ENJ/USDT] Volume check: 1,015,299.14
2025-07-04 22:26:05,400 - INFO - [ATOM/USDT] Volume check: 4,388,242.30
2025-07-04 22:26:05,644 - INFO - [TFUEL/USDT] Volume check: 372,292.69
2025-07-04 22:26:05,892 - INFO - [ONE/USDT] Volume check: 1,026,198.16
2025-07-04 22:26:06,135 - INFO - [ALGO/USDT] Volume check: 4,744,899.98
2025-07-04 22:26:06,381 - INFO - [DOGE/USDT] Volume check: 123,903,956.62
2025-07-04 22:26:06,622 - INFO - [DUSK/USDT] Volume check: 612,388.54
2025-07-04 22:26:06,873 - INFO - [ANKR/USDT] Volume check: 489,798.31
2025-07-04 22:26:07,119 - INFO - [WIN/USDT] Volume check: 356,461.15
2025-07-04 22:26:07,367 - INFO - [COS/USDT] Volume check: 655,175.46
2025-07-04 22:26:07,614 - INFO - [MTL/USDT] Volume check: 221,247.21
2025-07-04 22:26:07,858 - INFO - [DENT/USDT] Volume check: 279,485.06
2025-07-04 22:26:08,101 - INFO - [WAN/USDT] Volume check: 198,279.88
2025-07-04 22:26:08,348 - INFO - [FUN/USDT] Volume check: 47,112,731.90
2025-07-04 22:26:08,589 - INFO - [CVC/USDT] Volume check: 322,715.35
2025-07-04 22:26:08,835 - INFO - [CHZ/USDT] Volume check: 6,014,599.42
2025-07-04 22:26:09,079 - INFO - [BAND/USDT] Volume check: 816,655.10
2025-07-04 22:26:09,322 - INFO - [XTZ/USDT] Volume check: 985,590.38
2025-07-04 22:26:09,564 - INFO - [RVN/USDT] Volume check: 1,352,583.46
2025-07-04 22:26:09,803 - INFO - [HBAR/USDT] Volume check: 17,229,698.20
2025-07-04 22:26:10,045 - INFO - [NKN/USDT] Volume check: 973,815.22
2025-07-04 22:26:10,295 - INFO - [STX/USDT] Volume check: 3,842,895.42
2025-07-04 22:26:10,550 - INFO - [KAVA/USDT] Volume check: 2,250,359.10
2025-07-04 22:26:10,803 - INFO - [ARPA/USDT] Volume check: 1,607,695.37
2025-07-04 22:26:11,047 - INFO - [IOTX/USDT] Volume check: 900,909.38
2025-07-04 22:26:11,296 - INFO - [RLC/USDT] Volume check: 448,230.09
2025-07-04 22:26:11,539 - INFO - [BCH/USDT] Volume check: 24,299,490.35
2025-07-04 22:26:11,784 - INFO - [FTT/USDT] Volume check: 764,036.45
2025-07-04 22:26:12,038 - INFO - [EUR/USDT] Volume check: 30,012,387.10
2025-07-04 22:26:12,286 - INFO - [OGN/USDT] Volume check: 783,877.57
2025-07-04 22:26:12,528 - INFO - [LSK/USDT] Volume check: 288,226.08
2025-07-04 22:26:12,771 - INFO - [BNT/USDT] Volume check: 229,240.30
2025-07-04 22:26:13,016 - INFO - [MBL/USDT] Volume check: 1,423,539.21
2025-07-04 22:26:13,257 - INFO - [COTI/USDT] Volume check: 932,907.60
2025-07-04 22:26:13,503 - INFO - [DATA/USDT] Volume check: 690,904.17
2025-07-04 22:26:13,746 - INFO - [SOL/USDT] Volume check: 332,058,546.11
2025-07-04 22:26:13,989 - INFO - [CTSI/USDT] Volume check: 278,092.56
2025-07-04 22:26:14,235 - INFO - [HIVE/USDT] Volume check: 777,403.55
2025-07-04 22:26:14,479 - INFO - [CHR/USDT] Volume check: 745,081.17
2025-07-04 22:26:14,722 - INFO - [ARDR/USDT] Volume check: 646,469.65
2025-07-04 22:26:14,973 - INFO - [MDT/USDT] Volume check: 445,768.26
2025-07-04 22:26:15,215 - INFO - [KNC/USDT] Volume check: 387,214.13
2025-07-04 22:26:15,464 - INFO - [LRC/USDT] Volume check: 1,808,312.80
2025-07-04 22:26:15,719 - INFO - [COMP/USDT] Volume check: 5,936,981.53
2025-07-04 22:26:15,960 - INFO - [SC/USDT] Volume check: 352,289.66
2025-07-04 22:26:16,201 - INFO - [ZEN/USDT] Volume check: 3,708,703.04
2025-07-04 22:26:16,448 - INFO - [SNX/USDT] Volume check: 741,605.38
2025-07-04 22:26:16,692 - INFO - [VTHO/USDT] Volume check: 388,243.19
2025-07-04 22:26:16,933 - INFO - [DGB/USDT] Volume check: 370,985.01
2025-07-04 22:26:17,183 - INFO - [SXP/USDT] Volume check: 3,357,132.70
2025-07-04 22:26:17,427 - INFO - [MKR/USDT] Volume check: 5,109,095.86
2025-07-04 22:26:17,670 - INFO - [DCR/USDT] Volume check: 291,816.10
2025-07-04 22:26:17,912 - INFO - [STORJ/USDT] Volume check: 678,157.46
2025-07-04 22:26:18,156 - INFO - [MANA/USDT] Volume check: 1,400,424.29
2025-07-04 22:26:18,400 - INFO - [YFI/USDT] Volume check: 1,608,185.78
2025-07-04 22:26:18,642 - INFO - [JST/USDT] Volume check: 1,096,138.55
2025-07-04 22:26:18,884 - INFO - [CRV/USDT] Volume check: 14,195,129.20
2025-07-04 22:26:19,133 - INFO - [SAND/USDT] Volume check: 2,112,992.65
2025-07-04 22:26:19,383 - INFO - [NMR/USDT] Volume check: 966,100.11
2025-07-04 22:26:19,631 - INFO - [DOT/USDT] Volume check: 19,029,469.64
2025-07-04 22:26:19,874 - INFO - [LUNA/USDT] Volume check: 1,104,529.84
2025-07-04 22:26:20,120 - INFO - [RSR/USDT] Volume check: 3,055,162.05
2025-07-04 22:26:20,362 - INFO - [PAXG/USDT] Volume check: 5,601,315.62
2025-07-04 22:26:20,605 - INFO - [TRB/USDT] Volume check: 2,699,528.68
2025-07-04 22:26:20,851 - INFO - [SUSHI/USDT] Volume check: 3,270,666.98
2025-07-04 22:26:21,103 - INFO - [KSM/USDT] Volume check: 840,969.79
2025-07-04 22:26:21,346 - INFO - [EGLD/USDT] Volume check: 1,016,022.17
2025-07-04 22:26:21,590 - INFO - [DIA/USDT] Volume check: 424,985.76
2025-07-04 22:26:21,839 - INFO - [RUNE/USDT] Volume check: 9,409,448.89
2025-07-04 22:26:22,083 - INFO - [FIO/USDT] Volume check: 810,282.23
2025-07-04 22:26:22,327 - INFO - [UMA/USDT] Volume check: 577,413.13
2025-07-04 22:26:22,579 - INFO - [BEL/USDT] Volume check: 2,020,468.14
2025-07-04 22:26:22,823 - INFO - [UNI/USDT] Volume check: 84,323,847.13
2025-07-04 22:26:23,078 - INFO - [OXT/USDT] Volume check: 302,949.55
2025-07-04 22:26:23,322 - INFO - [SUN/USDT] Volume check: 369,085.18
2025-07-04 22:26:23,575 - INFO - [AVAX/USDT] Volume check: 34,076,761.78
2025-07-04 22:26:23,830 - INFO - [FLM/USDT] Volume check: 583,209.40
2025-07-04 22:26:24,079 - INFO - [UTK/USDT] Volume check: 380,900.38
2025-07-04 22:26:24,331 - INFO - [XVS/USDT] Volume check: 359,746.28
2025-07-04 22:26:24,573 - INFO - [AAVE/USDT] Volume check: 40,486,167.37
2025-07-04 22:26:24,816 - INFO - [NEAR/USDT] Volume check: 22,741,358.08
2025-07-04 22:26:25,059 - INFO - [FIL/USDT] Volume check: 10,169,550.76
2025-07-04 22:26:25,300 - INFO - [INJ/USDT] Volume check: 7,040,850.92
2025-07-04 22:26:25,551 - INFO - [AUDIO/USDT] Volume check: 550,734.38
2025-07-04 22:26:25,795 - INFO - [CTK/USDT] Volume check: 2,006,466.18
2025-07-04 22:26:26,037 - INFO - [AXS/USDT] Volume check: 3,711,967.33
2025-07-04 22:26:26,278 - INFO - [STRAX/USDT] Volume check: 8,610,943.22
2025-07-04 22:26:26,522 - INFO - [ROSE/USDT] Volume check: 2,177,725.03
2025-07-04 22:26:26,764 - INFO - [AVA/USDT] Volume check: 662,096.97
2025-07-04 22:26:27,010 - INFO - [SKL/USDT] Volume check: 632,047.13
2025-07-04 22:26:27,261 - INFO - [GRT/USDT] Volume check: 2,520,118.37
2025-07-04 22:26:27,507 - INFO - [JUV/USDT] Volume check: 1,275,794.84
2025-07-04 22:26:27,748 - INFO - [PSG/USDT] Volume check: 1,225,733.82
2025-07-04 22:26:27,989 - INFO - [1INCH/USDT] Volume check: 1,009,636.13
2025-07-04 22:26:28,249 - INFO - [OG/USDT] Volume check: 1,018,471.26
2025-07-04 22:26:28,489 - INFO - [ATM/USDT] Volume check: 443,712.72
2025-07-04 22:26:28,729 - INFO - [ASR/USDT] Volume check: 1,168,015.90
2025-07-04 22:26:28,971 - INFO - [CELO/USDT] Volume check: 1,955,298.14
2025-07-04 22:26:29,220 - INFO - [RIF/USDT] Volume check: 292,121.95
2025-07-04 22:26:29,465 - INFO - [TRU/USDT] Volume check: 816,854.26
2025-07-04 22:26:29,711 - INFO - [CKB/USDT] Volume check: 1,115,335.84
2025-07-04 22:26:29,958 - INFO - [TWT/USDT] Volume check: 435,151.39
2025-07-04 22:26:30,199 - INFO - [SFP/USDT] Volume check: 310,350.62
2025-07-04 22:26:30,449 - INFO - [DODO/USDT] Volume check: 554,231.35
2025-07-04 22:26:30,692 - INFO - [CAKE/USDT] Volume check: 8,537,925.28
2025-07-04 22:26:30,931 - INFO - [ACM/USDT] Volume check: 542,843.38
2025-07-04 22:26:31,180 - INFO - [FIS/USDT] Volume check: 843,405.85
2025-07-04 22:26:31,426 - INFO - [OM/USDT] Volume check: 6,662,198.02
2025-07-04 22:26:31,667 - INFO - [POND/USDT] Volume check: 353,322.53
2025-07-04 22:26:31,914 - INFO - [DEGO/USDT] Volume check: 622,516.23
2025-07-04 22:26:32,158 - INFO - [ALICE/USDT] Volume check: 998,071.60
2025-07-04 22:26:32,405 - INFO - [PERP/USDT] Volume check: 796,476.49
2025-07-04 22:26:32,652 - INFO - [SUPER/USDT] Volume check: 1,813,474.71
2025-07-04 22:26:32,894 - INFO - [CFX/USDT] Volume check: 2,662,571.17
2025-07-04 22:26:33,136 - INFO - [TKO/USDT] Volume check: 451,067.25
2025-07-04 22:26:33,380 - INFO - [PUNDIX/USDT] Volume check: 4,373,221.06
2025-07-04 22:26:33,625 - INFO - [TLM/USDT] Volume check: 548,600.13
2025-07-04 22:26:33,881 - INFO - [BAR/USDT] Volume check: 4,383,329.85
2025-07-04 22:26:34,123 - INFO - [FORTH/USDT] Volume check: 306,364.65
2025-07-04 22:26:34,376 - INFO - [BAKE/USDT] Volume check: 1,006,579.00
2025-07-04 22:26:34,624 - INFO - [SLP/USDT] Volume check: 334,880.27
2025-07-04 22:26:34,872 - INFO - [SHIB/USDT] Volume check: 12,339,044.17
2025-07-04 22:26:35,113 - INFO - [ICP/USDT] Volume check: 5,011,601.03
2025-07-04 22:26:35,359 - INFO - [AR/USDT] Volume check: 3,227,035.42
2025-07-04 22:26:35,609 - INFO - [MASK/USDT] Volume check: 1,995,508.91
2025-07-04 22:26:35,853 - INFO - [LPT/USDT] Volume check: 3,197,177.10
2025-07-04 22:26:36,105 - INFO - [XVG/USDT] Volume check: 617,717.66
2025-07-04 22:26:36,347 - INFO - [ATA/USDT] Volume check: 2,922,407.37
2025-07-04 22:26:36,587 - INFO - [GTC/USDT] Volume check: 192,204.70
2025-07-04 22:26:36,834 - INFO - [PHA/USDT] Volume check: 654,693.91
2025-07-04 22:26:37,077 - INFO - [MLN/USDT] Volume check: 420,396.91
2025-07-04 22:26:37,325 - INFO - [DEXE/USDT] Volume check: 717,398.14
2025-07-04 22:26:37,571 - INFO - [C98/USDT] Volume check: 739,175.81
2025-07-04 22:26:37,816 - INFO - [QNT/USDT] Volume check: 1,608,022.27
2025-07-04 22:26:38,063 - INFO - [FLOW/USDT] Volume check: 1,065,484.34
2025-07-04 22:26:38,306 - INFO - [MINA/USDT] Volume check: 1,673,674.28
2025-07-04 22:26:38,549 - INFO - [RAY/USDT] Volume check: 4,897,657.81
2025-07-04 22:26:38,794 - INFO - [FARM/USDT] Volume check: 226,138.30
2025-07-04 22:26:39,038 - INFO - [QUICK/USDT] Volume check: 992,925.39
2025-07-04 22:26:39,289 - INFO - [MBOX/USDT] Volume check: 1,236,976.75
2025-07-04 22:26:39,529 - INFO - [REQ/USDT] Volume check: 240,570.02
2025-07-04 22:26:39,771 - INFO - [GHST/USDT] Volume check: 281,742.59
2025-07-04 22:26:40,012 - INFO - [WAXP/USDT] Volume check: 334,353.87
2025-07-04 22:26:40,259 - INFO - [GNO/USDT] Volume check: 226,820.99
2025-07-04 22:26:40,511 - INFO - [XEC/USDT] Volume check: 395,867.42
2025-07-04 22:26:40,752 - INFO - [DYDX/USDT] Volume check: 3,008,996.84
2025-07-04 22:26:40,998 - INFO - [IDEX/USDT] Volume check: 533,612.19
2025-07-04 22:26:41,237 - INFO - [USDP/USDT] Volume check: 2,381,152.95
2025-07-04 22:26:41,479 - INFO - [GALA/USDT] Volume check: 9,890,281.30
2025-07-04 22:26:41,732 - INFO - [ILV/USDT] Volume check: 657,570.88
2025-07-04 22:26:41,977 - INFO - [YGG/USDT] Volume check: 1,063,856.98
2025-07-04 22:26:42,220 - INFO - [SYS/USDT] Volume check: 394,593.38
2025-07-04 22:26:42,466 - INFO - [DF/USDT] Volume check: 1,011,060.90
2025-07-04 22:26:42,719 - INFO - [FIDA/USDT] Volume check: 2,654,891.69
2025-07-04 22:26:42,962 - INFO - [AGLD/USDT] Volume check: 977,840.43
2025-07-04 22:26:43,205 - INFO - [RAD/USDT] Volume check: 373,707.08
2025-07-04 22:26:43,450 - INFO - [RARE/USDT] Volume check: 961,160.48
2025-07-04 22:26:43,693 - INFO - [LAZIO/USDT] Volume check: 747,450.50
2025-07-04 22:26:43,936 - INFO - [CHESS/USDT] Volume check: 3,289,303.69
2025-07-04 22:26:44,191 - INFO - [ADX/USDT] Volume check: 336,040.83
2025-07-04 22:26:44,435 - INFO - [AUCTION/USDT] Volume check: 949,266.54
2025-07-04 22:26:44,679 - INFO - [MOVR/USDT] Volume check: 459,440.77
2025-07-04 22:26:44,922 - INFO - [CITY/USDT] Volume check: 826,819.19
2025-07-04 22:26:45,168 - INFO - [ENS/USDT] Volume check: 3,772,366.67
2025-07-04 22:26:45,414 - INFO - [QI/USDT] Volume check: 464,329.02
2025-07-04 22:26:45,664 - INFO - [PORTO/USDT] Volume check: 382,299.99
2025-07-04 22:26:45,906 - INFO - [POWR/USDT] Volume check: 209,175.23
2025-07-04 22:26:46,150 - INFO - [JASMY/USDT] Volume check: 3,479,611.75
2025-07-04 22:26:46,392 - INFO - [AMP/USDT] Volume check: 9,750,302.61
2025-07-04 22:26:46,633 - INFO - [PYR/USDT] Volume check: 1,129,650.82
2025-07-04 22:26:46,874 - INFO - [ALCX/USDT] Volume check: 402,321.90
2025-07-04 22:26:47,119 - INFO - [SANTOS/USDT] Volume check: 1,648,488.87
2025-07-04 22:26:47,364 - INFO - [BICO/USDT] Volume check: 512,988.39
2025-07-04 22:26:47,605 - INFO - [FLUX/USDT] Volume check: 669,380.57
2025-07-04 22:26:47,848 - INFO - [FXS/USDT] Volume check: 735,132.46
2025-07-04 22:26:48,092 - INFO - [VOXEL/USDT] Volume check: 4,034,507.40
2025-07-04 22:26:48,335 - INFO - [HIGH/USDT] Volume check: 802,152.40
2025-07-04 22:26:48,581 - INFO - [CVX/USDT] Volume check: 699,874.46
2025-07-04 22:26:48,835 - INFO - [PEOPLE/USDT] Volume check: 4,224,195.80
2025-07-04 22:26:49,077 - INFO - [SPELL/USDT] Volume check: 1,169,345.77
2025-07-04 22:26:49,327 - INFO - [JOE/USDT] Volume check: 359,400.64
2025-07-04 22:26:49,579 - INFO - [ACH/USDT] Volume check: 1,791,761.20
2025-07-04 22:26:49,826 - INFO - [IMX/USDT] Volume check: 1,973,184.98
2025-07-04 22:26:50,070 - INFO - [GLMR/USDT] Volume check: 625,806.98
2025-07-04 22:26:50,311 - INFO - [LOKA/USDT] Volume check: 6,075,463.52
2025-07-04 22:26:50,553 - INFO - [SCRT/USDT] Volume check: 150,427.34
2025-07-04 22:26:50,796 - INFO - [API3/USDT] Volume check: 742,660.15
2025-07-04 22:26:51,040 - INFO - [BTTC/USDT] Volume check: 856,821.58
2025-07-04 22:26:51,284 - INFO - [ACA/USDT] Volume check: 566,226.25
2025-07-04 22:26:51,530 - INFO - [XNO/USDT] Volume check: 166,856.47
2025-07-04 22:26:51,773 - INFO - [WOO/USDT] Volume check: 876,549.79
2025-07-04 22:26:52,020 - INFO - [ALPINE/USDT] Volume check: 346,224.37
2025-07-04 22:26:52,264 - INFO - [T/USDT] Volume check: 1,113,035.18
2025-07-04 22:26:52,504 - INFO - [ASTR/USDT] Volume check: 1,838,935.05
2025-07-04 22:26:52,753 - INFO - [GMT/USDT] Volume check: 2,922,617.55
2025-07-04 22:26:52,993 - INFO - [KDA/USDT] Volume check: 975,875.88
2025-07-04 22:26:53,246 - INFO - [APE/USDT] Volume check: 1,637,519.27
2025-07-04 22:26:53,492 - INFO - [BIFI/USDT] Volume check: 388,717.64
2025-07-04 22:26:53,734 - INFO - [STEEM/USDT] Volume check: 562,985.38
2025-07-04 22:26:53,984 - INFO - [NEXO/USDT] Volume check: 1,235,931.47
2025-07-04 22:26:54,225 - INFO - [REI/USDT] Volume check: 936,443.46
2025-07-04 22:26:54,470 - INFO - [LDO/USDT] Volume check: 7,487,123.44
2025-07-04 22:26:54,719 - INFO - [OP/USDT] Volume check: 9,695,182.21
2025-07-04 22:26:54,971 - INFO - [STG/USDT] Volume check: 446,835.49
2025-07-04 22:26:55,219 - INFO - [LUNC/USDT] Volume check: 1,616,386.31
2025-07-04 22:26:55,474 - INFO - [GMX/USDT] Volume check: 1,015,128.28
2025-07-04 22:26:55,720 - INFO - [POLYX/USDT] Volume check: 574,206.79
2025-07-04 22:26:55,967 - INFO - [APT/USDT] Volume check: 23,067,992.10
2025-07-04 22:26:56,222 - INFO - [OSMO/USDT] Volume check: 446,230.69
2025-07-04 22:26:56,464 - INFO - [HFT/USDT] Volume check: 11,462,647.42
2025-07-04 22:26:56,719 - INFO - [PHB/USDT] Volume check: 532,100.75
2025-07-04 22:26:56,962 - INFO - [HOOK/USDT] Volume check: 5,588,190.29
2025-07-04 22:26:57,204 - INFO - [MAGIC/USDT] Volume check: 733,475.62
2025-07-04 22:26:57,447 - INFO - [HIFI/USDT] Volume check: 4,995,174.75
2025-07-04 22:26:57,693 - INFO - [RPL/USDT] Volume check: 1,228,804.68
2025-07-04 22:26:57,939 - INFO - [GNS/USDT] Volume check: 626,138.02
2025-07-04 22:26:58,185 - INFO - [SYN/USDT] Volume check: 514,467.74
2025-07-04 22:26:58,436 - INFO - [SSV/USDT] Volume check: 2,073,857.69
2025-07-04 22:26:58,683 - INFO - [LQTY/USDT] Volume check: 2,060,400.33
2025-07-04 22:26:58,923 - INFO - [USTC/USDT] Volume check: 818,436.46
2025-07-04 22:26:59,173 - INFO - [GAS/USDT] Volume check: 788,172.40
2025-07-04 22:26:59,412 - INFO - [GLM/USDT] Volume check: 2,190,633.12
2025-07-04 22:26:59,660 - INFO - [PROM/USDT] Volume check: 1,684,948.78
2025-07-04 22:26:59,903 - INFO - [QKC/USDT] Volume check: 315,468.34
2025-07-04 22:27:00,155 - INFO - [ID/USDT] Volume check: 906,108.45
2025-07-04 22:27:00,402 - INFO - [ARB/USDT] Volume check: 24,034,917.41
2025-07-04 22:27:00,644 - INFO - [RDNT/USDT] Volume check: 675,334.55
2025-07-04 22:27:00,891 - INFO - [WBTC/USDT] Volume check: 7,373,521.48
2025-07-04 22:27:01,388 - INFO - [EDU/USDT] Volume check: 322,586.50
2025-07-04 22:27:01,634 - INFO - [SUI/USDT] Volume check: 99,859,398.53
2025-07-04 22:27:01,893 - INFO - [PEPE/USDT] Volume check: 124,143,813.75
2025-07-04 22:27:02,137 - INFO - [FLOKI/USDT] Volume check: 14,126,961.16
2025-07-04 22:27:02,380 - INFO - [MAV/USDT] Volume check: 4,400,083.15
2025-07-04 22:27:02,631 - INFO - [PENDLE/USDT] Volume check: 6,871,127.38
2025-07-04 22:27:02,886 - INFO - [ARKM/USDT] Volume check: 3,736,067.49
2025-07-04 22:27:03,142 - INFO - [WBETH/USDT] Volume check: 732,249.50
2025-07-04 22:27:03,387 - INFO - [WLD/USDT] Volume check: 18,702,297.58
2025-07-04 22:27:03,630 - INFO - [FDUSD/USDT] Volume check: 246,784,098.79
2025-07-04 22:27:03,870 - INFO - [SEI/USDT] Volume check: 32,656,195.47
2025-07-04 22:27:04,116 - INFO - [CYBER/USDT] Volume check: 894,887.75
2025-07-04 22:27:04,359 - INFO - [ARK/USDT] Volume check: 15,058,740.86
2025-07-04 22:27:04,604 - INFO - [IQ/USDT] Volume check: 415,201.09
2025-07-04 22:27:04,848 - INFO - [NTRN/USDT] Volume check: 254,811.40
2025-07-04 22:27:05,091 - INFO - [TIA/USDT] Volume check: 14,844,218.85
2025-07-04 22:27:05,335 - INFO - [MEME/USDT] Volume check: 2,580,389.65
2025-07-04 22:27:05,587 - INFO - [ORDI/USDT] Volume check: 7,324,218.41
2025-07-04 22:27:05,832 - INFO - [BEAMX/USDT] Volume check: 3,265,816.93
2025-07-04 22:27:06,076 - INFO - [PIVX/USDT] Volume check: 258,846.76
2025-07-04 22:27:06,319 - INFO - [VIC/USDT] Volume check: 251,298.90
2025-07-04 22:27:06,564 - INFO - [BLUR/USDT] Volume check: 1,605,865.83
2025-07-04 22:27:06,817 - INFO - [VANRY/USDT] Volume check: 1,109,743.25
2025-07-04 22:27:07,061 - INFO - [AEUR/USDT] Volume check: 33,117.97
2025-07-04 22:27:07,305 - INFO - [JTO/USDT] Volume check: 3,019,081.93
2025-07-04 22:27:07,549 - INFO - [1000SATS/USDT] Volume check: 3,902,391.62
2025-07-04 22:27:07,794 - INFO - [BONK/USDT] Volume check: 41,767,042.22
2025-07-04 22:27:08,036 - INFO - [ACE/USDT] Volume check: 924,601.97
2025-07-04 22:27:08,281 - INFO - [NFP/USDT] Volume check: 596,593.92
2025-07-04 22:27:08,525 - INFO - [AI/USDT] Volume check: 1,200,586.98
2025-07-04 22:27:08,770 - INFO - [XAI/USDT] Volume check: 2,616,068.91
2025-07-04 22:27:09,016 - INFO - [MANTA/USDT] Volume check: 2,557,549.23
2025-07-04 22:27:09,269 - INFO - [ALT/USDT] Volume check: 1,620,205.34
2025-07-04 22:27:09,512 - INFO - [JUP/USDT] Volume check: 6,043,047.71
2025-07-04 22:27:09,757 - INFO - [PYTH/USDT] Volume check: 3,215,269.21
2025-07-04 22:27:10,003 - INFO - [RONIN/USDT] Volume check: 9,193,704.54
2025-07-04 22:27:10,245 - INFO - [DYM/USDT] Volume check: 1,029,230.02
2025-07-04 22:27:10,487 - INFO - [PIXEL/USDT] Volume check: 4,234,158.50
2025-07-04 22:27:10,728 - INFO - [STRK/USDT] Volume check: 2,438,686.38
2025-07-04 22:27:10,973 - INFO - [PORTAL/USDT] Volume check: 8,582,190.74
2025-07-04 22:27:11,226 - INFO - [AXL/USDT] Volume check: 1,019,025.99
2025-07-04 22:27:11,468 - INFO - [WIF/USDT] Volume check: 45,420,127.08
2025-07-04 22:27:11,712 - INFO - [METIS/USDT] Volume check: 1,443,871.39
2025-07-04 22:27:11,957 - INFO - [AEVO/USDT] Volume check: 885,185.19
2025-07-04 22:27:12,199 - INFO - [BOME/USDT] Volume check: 4,647,287.39
2025-07-04 22:27:12,444 - INFO - [ETHFI/USDT] Volume check: 14,432,459.16
2025-07-04 22:27:12,695 - INFO - [ENA/USDT] Volume check: 33,627,413.97
2025-07-04 22:27:12,940 - INFO - [W/USDT] Volume check: 3,750,237.59
2025-07-04 22:27:13,183 - INFO - [TNSR/USDT] Volume check: 1,734,038.73
2025-07-04 22:27:13,428 - INFO - [SAGA/USDT] Volume check: 2,358,027.07
2025-07-04 22:27:13,677 - INFO - [TAO/USDT] Volume check: 15,668,443.77
2025-07-04 22:27:13,929 - INFO - [OMNI/USDT] Volume check: 2,840,233.57
2025-07-04 22:27:14,175 - INFO - [REZ/USDT] Volume check: 1,749,927.04
2025-07-04 22:27:14,416 - INFO - [BB/USDT] Volume check: 1,370,371.22
2025-07-04 22:27:14,660 - INFO - [NOT/USDT] Volume check: 1,758,988.13
2025-07-04 22:27:14,902 - INFO - [IO/USDT] Volume check: 3,358,232.71
2025-07-04 22:27:15,149 - INFO - [ZK/USDT] Volume check: 3,301,974.38
2025-07-04 22:27:15,394 - INFO - [LISTA/USDT] Volume check: 2,833,093.02
2025-07-04 22:27:15,638 - INFO - [ZRO/USDT] Volume check: 3,934,821.58
2025-07-04 22:27:15,879 - INFO - [G/USDT] Volume check: 4,216,283.15
2025-07-04 22:27:16,121 - INFO - [BANANA/USDT] Volume check: 1,447,136.62
2025-07-04 22:27:16,363 - INFO - [RENDER/USDT] Volume check: 8,258,051.97
2025-07-04 22:27:16,610 - INFO - [TON/USDT] Volume check: 15,107,804.26
2025-07-04 22:27:16,854 - INFO - [DOGS/USDT] Volume check: 1,737,567.90
2025-07-04 22:27:17,096 - INFO - [EURI/USDT] Volume check: 1,775,337.32
2025-07-04 22:27:17,350 - INFO - [SLF/USDT] Volume check: 855,160.72
2025-07-04 22:27:17,607 - INFO - [POL/USDT] Volume check: 6,074,523.65
2025-07-04 22:27:17,853 - INFO - [NEIRO/USDT] Volume check: 43,649,908.40
2025-07-04 22:27:18,099 - INFO - [TURBO/USDT] Volume check: 3,282,573.63
2025-07-04 22:27:18,343 - INFO - [1MBABYDOGE/USDT] Volume check: 2,279,164.61
2025-07-04 22:27:18,591 - INFO - [CATI/USDT] Volume check: 768,978.00
2025-07-04 22:27:18,842 - INFO - [HMSTR/USDT] Volume check: 1,391,508.95
2025-07-04 22:27:19,087 - INFO - [EIGEN/USDT] Volume check: 9,048,560.53
2025-07-04 22:27:19,332 - INFO - [SCR/USDT] Volume check: 3,296,920.43
2025-07-04 22:27:19,580 - INFO - [BNSOL/USDT] Volume check: 912,150.18
2025-07-04 22:27:19,827 - INFO - [LUMIA/USDT] Volume check: 987,784.09
2025-07-04 22:27:20,070 - INFO - [KAIA/USDT] Volume check: 4,520,976.68
2025-07-04 22:27:20,329 - INFO - [COW/USDT] Volume check: 2,512,529.53
2025-07-04 22:27:20,570 - INFO - [CETUS/USDT] Volume check: 1,290,875.38
2025-07-04 22:27:20,813 - INFO - [PNUT/USDT] Volume check: 25,089,878.63
2025-07-04 22:27:21,057 - INFO - [ACT/USDT] Volume check: 1,869,466.19
2025-07-04 22:27:21,301 - INFO - [USUAL/USDT] Volume check: 3,467,001.66
2025-07-04 22:27:21,547 - INFO - [THE/USDT] Volume check: 2,447,346.15
2025-07-04 22:27:21,791 - INFO - [ACX/USDT] Volume check: 658,027.66
2025-07-04 22:27:22,042 - INFO - [ORCA/USDT] Volume check: 2,582,671.20
2025-07-04 22:27:22,290 - INFO - [MOVE/USDT] Volume check: 2,145,096.53
2025-07-04 22:27:22,528 - INFO - [ME/USDT] Volume check: 769,359.45
2025-07-04 22:27:22,778 - INFO - [VELODROME/USDT] Volume check: 597,836.12
2025-07-04 22:27:23,022 - INFO - [VANA/USDT] Volume check: 2,214,279.44
2025-07-04 22:27:23,271 - INFO - [1000CAT/USDT] Volume check: 1,471,714.09
2025-07-04 22:27:23,514 - INFO - [PENGU/USDT] Volume check: 68,122,926.75
2025-07-04 22:27:23,767 - INFO - [BIO/USDT] Volume check: 1,342,677.92
2025-07-04 22:27:24,010 - INFO - [D/USDT] Volume check: 4,028,087.21
2025-07-04 22:27:24,255 - INFO - [AIXBT/USDT] Volume check: 5,860,569.01
2025-07-04 22:27:24,498 - INFO - [CGPT/USDT] Volume check: 1,335,822.56
2025-07-04 22:27:24,752 - INFO - [COOKIE/USDT] Volume check: 3,074,007.00
2025-07-04 22:27:25,002 - INFO - [S/USDT] Volume check: 14,249,269.50
2025-07-04 22:27:25,247 - INFO - [SOLV/USDT] Volume check: 837,451.18
2025-07-04 22:27:25,490 - INFO - [TRUMP/USDT] Volume check: 27,393,215.20
2025-07-04 22:27:25,737 - INFO - [ANIME/USDT] Volume check: 1,300,134.84
2025-07-04 22:27:25,979 - INFO - [BERA/USDT] Volume check: 2,943,986.22
2025-07-04 22:27:26,224 - INFO - [1000CHEEMS/USDT] Volume check: 1,025,708.94
2025-07-04 22:27:26,463 - INFO - [TST/USDT] Volume check: 725,150.39
2025-07-04 22:27:26,706 - INFO - [LAYER/USDT] Volume check: 1,429,932.19
2025-07-04 22:27:26,952 - INFO - [HEI/USDT] Volume check: 516,566.28
2025-07-04 22:27:27,196 - INFO - [KAITO/USDT] Volume check: 5,124,471.34
2025-07-04 22:27:27,438 - INFO - [SHELL/USDT] Volume check: 704,028.46
2025-07-04 22:27:27,682 - INFO - [RED/USDT] Volume check: 624,979.79
2025-07-04 22:27:27,924 - INFO - [GPS/USDT] Volume check: 1,145,007.79
2025-07-04 22:27:28,168 - INFO - [EPIC/USDT] Volume check: 1,903,308.45
2025-07-04 22:27:28,414 - INFO - [BMT/USDT] Volume check: 2,077,297.85
2025-07-04 22:27:28,667 - INFO - [FORM/USDT] Volume check: 9,898,040.16
2025-07-04 22:27:28,922 - INFO - [XUSD/USDT] Volume check: 7,529,553.14
2025-07-04 22:27:29,163 - INFO - [NIL/USDT] Volume check: 1,051,607.07
2025-07-04 22:27:29,404 - INFO - [PARTI/USDT] Volume check: 5,441,381.19
2025-07-04 22:27:29,646 - INFO - [MUBARAK/USDT] Volume check: 6,782,606.42
2025-07-04 22:27:29,891 - INFO - [TUT/USDT] Volume check: 2,374,739.63
2025-07-04 22:27:30,145 - INFO - [BROCCOLI714/USDT] Volume check: 10,397,824.08
2025-07-04 22:27:30,388 - INFO - [BANANAS31/USDT] Volume check: 13,099,252.20
2025-07-04 22:27:30,643 - INFO - [GUN/USDT] Volume check: 14,657,341.29
2025-07-04 22:27:30,887 - INFO - [BABY/USDT] Volume check: 860,839.19
2025-07-04 22:27:31,130 - INFO - [ONDO/USDT] Volume check: 10,702,951.59
2025-07-04 22:27:31,371 - INFO - [BIGTIME/USDT] Volume check: 1,027,505.22
2025-07-04 22:27:31,617 - INFO - [VIRTUAL/USDT] Volume check: 28,378,758.95
2025-07-04 22:27:31,861 - INFO - [KERNEL/USDT] Volume check: 623,834.20
2025-07-04 22:27:32,106 - INFO - [WCT/USDT] Volume check: 2,996,242.11
2025-07-04 22:27:32,348 - INFO - [HYPER/USDT] Volume check: 886,377.66
2025-07-04 22:27:32,592 - INFO - [INIT/USDT] Volume check: 6,303,706.27
2025-07-04 22:27:32,837 - INFO - [SIGN/USDT] Volume check: 992,143.00
2025-07-04 22:27:33,084 - INFO - [STO/USDT] Volume check: 1,578,476.70
2025-07-04 22:27:33,326 - INFO - [SYRUP/USDT] Volume check: 28,644,367.80
2025-07-04 22:27:33,569 - INFO - [KMNO/USDT] Volume check: 684,687.59
2025-07-04 22:27:33,817 - INFO - [SXT/USDT] Volume check: 2,046,386.02
2025-07-04 22:27:34,070 - INFO - [NXPC/USDT] Volume check: 1,823,027.51
2025-07-04 22:27:34,321 - INFO - [AWE/USDT] Volume check: 4,288,857.86
2025-07-04 22:27:34,562 - INFO - [HAEDAL/USDT] Volume check: 2,930,488.92
2025-07-04 22:27:34,808 - INFO - [USD1/USDT] Volume check: 1,851,963.05
2025-07-04 22:27:35,049 - INFO - [HUMA/USDT] Volume check: 9,957,920.41
2025-07-04 22:27:35,291 - INFO - [A/USDT] Volume check: 3,108,055.25
2025-07-04 22:27:35,536 - INFO - [SOPH/USDT] Volume check: 3,703,332.84
2025-07-04 22:27:35,784 - INFO - [RESOLV/USDT] Volume check: 4,834,686.23
2025-07-04 22:27:36,025 - INFO - [HOME/USDT] Volume check: 1,065,969.02
2025-07-04 22:27:36,283 - INFO - [SPK/USDT] Volume check: 7,131,171.03
2025-07-04 22:27:36,529 - INFO - [NEWT/USDT] Volume check: 53,121,568.01
2025-07-04 22:27:36,772 - INFO - [SAHARA/USDT] Volume check: 29,920,208.59
2025-07-04 22:27:36,873 - INFO - Selected top 30 USDT pairs with volume > $500,000: ['BTC/USDT', 'ETH/USDT', 'USDC/USDT', 'SOL/USDT', 'FDUSD/USDT', 'XRP/USDT', 'PEPE/USDT', 'DOGE/USDT', 'SUI/USDT', 'UNI/USDT', 'PENGU/USDT', 'BNB/USDT', 'TRX/USDT', 'NEWT/USDT', 'ADA/USDT', 'FUN/USDT', 'WIF/USDT', 'NEIRO/USDT', 'BONK/USDT', 'AAVE/USDT', 'AVAX/USDT', 'ENA/USDT', 'LTC/USDT', 'SEI/USDT', 'EUR/USDT', 'SAHARA/USDT', 'LINK/USDT', 'SYRUP/USDT', 'VIRTUAL/USDT', 'TRUMP/USDT']
2025-07-04 22:27:36,873 - INFO - Starting scan cycle for 30 symbols
2025-07-04 22:27:36,873 - INFO - [BTC/USDT] Scanning for signal
2025-07-04 22:27:37,025 - INFO - [BTC/USDT] Volume check: 1,275,960,484.14
2025-07-04 22:27:37,026 - INFO - [ETH/USDT] Scanning for signal
2025-07-04 22:27:37,168 - INFO - [ETH/USDT] Volume check: 1,128,307,236.15
2025-07-04 22:27:37,169 - INFO - [USDC/USDT] Scanning for signal
2025-07-04 22:27:37,311 - INFO - [USDC/USDT] Volume check: 912,596,750.56
2025-07-04 22:27:37,312 - INFO - [SOL/USDT] Scanning for signal
2025-07-04 22:27:37,461 - INFO - [SOL/USDT] Volume check: 331,900,978.17
2025-07-04 22:27:37,461 - INFO - [FDUSD/USDT] Scanning for signal
2025-07-04 22:27:37,604 - INFO - [FDUSD/USDT] Volume check: 246,750,466.19
2025-07-04 22:27:37,604 - INFO - [XRP/USDT] Scanning for signal
2025-07-04 22:27:37,747 - INFO - [XRP/USDT] Volume check: 165,488,397.30
2025-07-04 22:27:37,748 - INFO - [PEPE/USDT] Scanning for signal
2025-07-04 22:27:37,891 - INFO - [PEPE/USDT] Volume check: 124,271,501.03
2025-07-04 22:27:37,892 - INFO - [DOGE/USDT] Scanning for signal
2025-07-04 22:27:38,036 - INFO - [DOGE/USDT] Volume check: 124,190,516.77
2025-07-04 22:27:38,037 - INFO - [SUI/USDT] Scanning for signal
2025-07-04 22:27:38,177 - INFO - [SUI/USDT] Volume check: 99,846,717.18
2025-07-04 22:27:38,178 - INFO - [UNI/USDT] Scanning for signal
2025-07-04 22:27:38,322 - INFO - [UNI/USDT] Volume check: 84,438,874.95
2025-07-04 22:27:38,322 - INFO - [PENGU/USDT] Scanning for signal
2025-07-04 22:27:38,466 - INFO - [PENGU/USDT] Volume check: 68,109,871.11
2025-07-04 22:27:38,467 - INFO - [BNB/USDT] Scanning for signal
2025-07-04 22:27:38,620 - INFO - [BNB/USDT] Volume check: 60,398,166.99
2025-07-04 22:27:38,620 - INFO - [TRX/USDT] Scanning for signal
2025-07-04 22:27:38,761 - INFO - [TRX/USDT] Volume check: 55,907,200.68
2025-07-04 22:27:38,761 - INFO - [NEWT/USDT] Scanning for signal
2025-07-04 22:27:38,906 - INFO - [NEWT/USDT] Volume check: 53,121,720.98
2025-07-04 22:27:38,907 - INFO - [ADA/USDT] Scanning for signal
2025-07-04 22:27:39,052 - INFO - [ADA/USDT] Volume check: 49,354,069.58
2025-07-04 22:27:39,053 - INFO - [FUN/USDT] Scanning for signal
2025-07-04 22:27:39,201 - INFO - [FUN/USDT] Volume check: 47,151,528.22
2025-07-04 22:27:39,201 - INFO - [WIF/USDT] Scanning for signal
2025-07-04 22:27:39,361 - INFO - [WIF/USDT] Volume check: 45,406,033.67
2025-07-04 22:27:39,362 - INFO - [NEIRO/USDT] Scanning for signal
2025-07-04 22:27:39,517 - INFO - [NEIRO/USDT] Volume check: 43,649,758.92
2025-07-04 22:27:39,518 - INFO - [BONK/USDT] Scanning for signal
2025-07-04 22:27:39,663 - INFO - [BONK/USDT] Volume check: 41,765,281.70
2025-07-04 22:27:39,663 - INFO - [AAVE/USDT] Scanning for signal
2025-07-04 22:27:39,808 - INFO - [AAVE/USDT] Volume check: 40,526,886.99
2025-07-04 22:27:39,808 - INFO - [AVAX/USDT] Scanning for signal
2025-07-04 22:27:39,965 - INFO - [AVAX/USDT] Volume check: 34,059,862.48
2025-07-04 22:27:39,965 - INFO - [ENA/USDT] Scanning for signal
2025-07-04 22:27:40,106 - INFO - [ENA/USDT] Volume check: 33,634,186.09
2025-07-04 22:27:40,107 - INFO - [LTC/USDT] Scanning for signal
2025-07-04 22:27:40,250 - INFO - [LTC/USDT] Volume check: 33,295,558.79
2025-07-04 22:27:40,250 - INFO - [SEI/USDT] Scanning for signal
2025-07-04 22:27:40,395 - INFO - [SEI/USDT] Volume check: 32,672,411.53
2025-07-04 22:27:40,395 - INFO - [EUR/USDT] Scanning for signal
2025-07-04 22:27:40,540 - INFO - [EUR/USDT] Volume check: 30,015,191.18
2025-07-04 22:27:40,540 - INFO - [SAHARA/USDT] Scanning for signal
2025-07-04 22:27:40,681 - INFO - [SAHARA/USDT] Volume check: 29,920,534.91
2025-07-04 22:27:40,682 - INFO - [LINK/USDT] Scanning for signal
2025-07-04 22:27:40,826 - INFO - [LINK/USDT] Volume check: 28,627,161.96
2025-07-04 22:27:40,826 - INFO - [SYRUP/USDT] Scanning for signal
2025-07-04 22:27:41,228 - INFO - [SYRUP/USDT] Volume check: 28,647,690.70
2025-07-04 22:27:41,229 - INFO - [VIRTUAL/USDT] Scanning for signal
2025-07-04 22:27:41,656 - INFO - [VIRTUAL/USDT] Volume check: 28,379,764.48
2025-07-04 22:27:41,656 - INFO - [TRUMP/USDT] Scanning for signal
2025-07-04 22:27:41,799 - INFO - [TRUMP/USDT] Volume check: 27,393,213.96
2025-07-04 22:27:52,283 - ERROR - [PEPE/USDT] Retry 1/3 for 15m: binance does not have market symbol PEPE/USDT
2025-07-04 22:27:52,283 - ERROR - [FDUSD/USDT] Retry 1/3 for 15m: binance does not have market symbol FDUSD/USDT
2025-07-04 22:27:57,888 - INFO - DataFrame validated successfully
2025-07-04 22:27:57,889 - INFO - [USDC/USDT] Fetched 50 candles for 15m
2025-07-04 22:27:57,924 - INFO - DataFrame validated successfully
2025-07-04 22:27:57,924 - INFO - [ETH/USDT] Fetched 50 candles for 15m
2025-07-04 22:27:57,925 - ERROR - [PEPE/USDT] Retry 2/3 for 15m: binance does not have market symbol PEPE/USDT
2025-07-04 22:27:57,925 - ERROR - [FDUSD/USDT] Retry 2/3 for 15m: binance does not have market symbol FDUSD/USDT
2025-07-04 22:27:57,931 - ERROR - [LINK/USDT] Retry 1/3 for 15m: binance GET https://api.binance.com/api/v3/exchangeInfo
2025-07-04 22:27:57,931 - ERROR - [ENA/USDT] Retry 1/3 for 15m: binance GET https://dapi.binance.com/dapi/v1/exchangeInfo
2025-07-04 22:27:57,932 - ERROR - [AAVE/USDT] Retry 1/3 for 15m: binance GET https://fapi.binance.com/fapi/v1/exchangeInfo
2025-07-04 22:27:57,948 - ERROR - [SAHARA/USDT] Retry 1/3 for 15m: binance GET https://api.binance.com/api/v3/exchangeInfo
2025-07-04 22:27:57,948 - ERROR - [BONK/USDT] Retry 1/3 for 15m: binance GET https://fapi.binance.com/fapi/v1/exchangeInfo
2025-07-04 22:27:57,949 - ERROR - [SEI/USDT] Retry 1/3 for 15m: binance GET https://dapi.binance.com/dapi/v1/exchangeInfo
2025-07-04 22:27:57,949 - ERROR - [LTC/USDT] Retry 1/3 for 15m: binance GET https://dapi.binance.com/dapi/v1/exchangeInfo
2025-07-04 22:27:57,966 - ERROR - [NEIRO/USDT] Retry 1/3 for 15m: binance GET https://fapi.binance.com/fapi/v1/exchangeInfo
2025-07-04 22:27:57,985 - ERROR - [EUR/USDT] Retry 1/3 for 15m: binance GET https://fapi.binance.com/fapi/v1/exchangeInfo
2025-07-04 22:27:58,077 - ERROR - [FUN/USDT] Retry 1/3 for 15m: binance GET https://fapi.binance.com/fapi/v1/exchangeInfo
2025-07-04 22:27:58,100 - ERROR - [WIF/USDT] Retry 1/3 for 15m: binance GET https://fapi.binance.com/fapi/v1/exchangeInfo
2025-07-04 22:27:58,100 - ERROR - [AVAX/USDT] Retry 1/3 for 15m: binance GET https://fapi.binance.com/fapi/v1/exchangeInfo
2025-07-04 22:27:58,100 - ERROR - [SYRUP/USDT] Retry 1/3 for 15m: binance GET https://api.binance.com/api/v3/exchangeInfo
2025-07-04 22:27:58,100 - ERROR - [TRUMP/USDT] Retry 1/3 for 15m: binance GET https://api.binance.com/api/v3/exchangeInfo
2025-07-04 22:27:58,100 - ERROR - [VIRTUAL/USDT] Retry 1/3 for 15m: binance GET https://api.binance.com/api/v3/exchangeInfo
2025-07-04 22:27:58,106 - INFO - DataFrame validated successfully
2025-07-04 22:27:58,106 - INFO - [BTC/USDT] Fetched 50 candles for 15m
2025-07-04 22:27:58,109 - INFO - DataFrame validated successfully
2025-07-04 22:27:58,109 - INFO - [SOL/USDT] Fetched 50 candles for 15m
2025-07-04 22:27:58,111 - INFO - DataFrame validated successfully
2025-07-04 22:27:58,112 - INFO - [XRP/USDT] Fetched 50 candles for 15m
2025-07-04 22:27:58,114 - INFO - DataFrame validated successfully
2025-07-04 22:27:58,114 - INFO - [DOGE/USDT] Fetched 50 candles for 15m
2025-07-04 22:27:58,116 - INFO - DataFrame validated successfully
2025-07-04 22:27:58,116 - INFO - [SUI/USDT] Fetched 50 candles for 15m
2025-07-04 22:27:58,118 - INFO - DataFrame validated successfully
2025-07-04 22:27:58,118 - INFO - [UNI/USDT] Fetched 50 candles for 15m
2025-07-04 22:27:58,235 - INFO - DataFrame validated successfully
2025-07-04 22:27:58,235 - INFO - [NEWT/USDT] Fetched 50 candles for 15m
2025-07-04 22:27:58,239 - INFO - DataFrame validated successfully
2025-07-04 22:27:58,239 - INFO - [TRX/USDT] Fetched 50 candles for 15m
2025-07-04 22:27:58,241 - INFO - DataFrame validated successfully
2025-07-04 22:27:58,241 - INFO - [PENGU/USDT] Fetched 50 candles for 15m
2025-07-04 22:27:58,243 - INFO - DataFrame validated successfully
2025-07-04 22:27:58,243 - INFO - [BNB/USDT] Fetched 50 candles for 15m
2025-07-04 22:27:58,245 - INFO - DataFrame validated successfully
2025-07-04 22:27:58,245 - INFO - [ADA/USDT] Fetched 50 candles for 15m
2025-07-04 22:27:58,434 - INFO - [USDC/USDT] Calculated indicators for 15m: ['timestamp', 'open', 'high', 'low', 'close', 'volume', 'ma20', 'ema8', 'ema21', 'macd', 'signal_line', 'rsi', 'adx', 'vwap', 'atr', 'stoch_k', 'stoch_d', 'bollinger_mid', 'bollinger_std', 'bollinger_upper', 'bollinger_lower']
2025-07-04 22:27:58,496 - INFO - [ETH/USDT] Calculated indicators for 15m: ['timestamp', 'open', 'high', 'low', 'close', 'volume', 'ma20', 'ema8', 'ema21', 'macd', 'signal_line', 'rsi', 'adx', 'vwap', 'atr', 'stoch_k', 'stoch_d', 'bollinger_mid', 'bollinger_std', 'bollinger_upper', 'bollinger_lower']
2025-07-04 22:27:58,554 - INFO - [BTC/USDT] Calculated indicators for 15m: ['timestamp', 'open', 'high', 'low', 'close', 'volume', 'ma20', 'ema8', 'ema21', 'macd', 'signal_line', 'rsi', 'adx', 'vwap', 'atr', 'stoch_k', 'stoch_d', 'bollinger_mid', 'bollinger_std', 'bollinger_upper', 'bollinger_lower']
2025-07-04 22:27:58,615 - INFO - [SOL/USDT] Calculated indicators for 15m: ['timestamp', 'open', 'high', 'low', 'close', 'volume', 'ma20', 'ema8', 'ema21', 'macd', 'signal_line', 'rsi', 'adx', 'vwap', 'atr', 'stoch_k', 'stoch_d', 'bollinger_mid', 'bollinger_std', 'bollinger_upper', 'bollinger_lower']
2025-07-04 22:27:58,669 - INFO - [XRP/USDT] Calculated indicators for 15m: ['timestamp', 'open', 'high', 'low', 'close', 'volume', 'ma20', 'ema8', 'ema21', 'macd', 'signal_line', 'rsi', 'adx', 'vwap', 'atr', 'stoch_k', 'stoch_d', 'bollinger_mid', 'bollinger_std', 'bollinger_upper', 'bollinger_lower']
2025-07-04 22:27:58,730 - INFO - [DOGE/USDT] Calculated indicators for 15m: ['timestamp', 'open', 'high', 'low', 'close', 'volume', 'ma20', 'ema8', 'ema21', 'macd', 'signal_line', 'rsi', 'adx', 'vwap', 'atr', 'stoch_k', 'stoch_d', 'bollinger_mid', 'bollinger_std', 'bollinger_upper', 'bollinger_lower']
2025-07-04 22:27:58,793 - INFO - [SUI/USDT] Calculated indicators for 15m: ['timestamp', 'open', 'high', 'low', 'close', 'volume', 'ma20', 'ema8', 'ema21', 'macd', 'signal_line', 'rsi', 'adx', 'vwap', 'atr', 'stoch_k', 'stoch_d', 'bollinger_mid', 'bollinger_std', 'bollinger_upper', 'bollinger_lower']
2025-07-04 22:27:58,862 - INFO - [UNI/USDT] Calculated indicators for 15m: ['timestamp', 'open', 'high', 'low', 'close', 'volume', 'ma20', 'ema8', 'ema21', 'macd', 'signal_line', 'rsi', 'adx', 'vwap', 'atr', 'stoch_k', 'stoch_d', 'bollinger_mid', 'bollinger_std', 'bollinger_upper', 'bollinger_lower']
2025-07-04 22:27:58,927 - INFO - [NEWT/USDT] Calculated indicators for 15m: ['timestamp', 'open', 'high', 'low', 'close', 'volume', 'ma20', 'ema8', 'ema21', 'macd', 'signal_line', 'rsi', 'adx', 'vwap', 'atr', 'stoch_k', 'stoch_d', 'bollinger_mid', 'bollinger_std', 'bollinger_upper', 'bollinger_lower']
2025-07-04 22:27:58,990 - INFO - [TRX/USDT] Calculated indicators for 15m: ['timestamp', 'open', 'high', 'low', 'close', 'volume', 'ma20', 'ema8', 'ema21', 'macd', 'signal_line', 'rsi', 'adx', 'vwap', 'atr', 'stoch_k', 'stoch_d', 'bollinger_mid', 'bollinger_std', 'bollinger_upper', 'bollinger_lower']
2025-07-04 22:27:59,052 - INFO - [PENGU/USDT] Calculated indicators for 15m: ['timestamp', 'open', 'high', 'low', 'close', 'volume', 'ma20', 'ema8', 'ema21', 'macd', 'signal_line', 'rsi', 'adx', 'vwap', 'atr', 'stoch_k', 'stoch_d', 'bollinger_mid', 'bollinger_std', 'bollinger_upper', 'bollinger_lower']
2025-07-04 22:27:59,115 - INFO - [BNB/USDT] Calculated indicators for 15m: ['timestamp', 'open', 'high', 'low', 'close', 'volume', 'ma20', 'ema8', 'ema21', 'macd', 'signal_line', 'rsi', 'adx', 'vwap', 'atr', 'stoch_k', 'stoch_d', 'bollinger_mid', 'bollinger_std', 'bollinger_upper', 'bollinger_lower']
2025-07-04 22:27:59,177 - INFO - [ADA/USDT] Calculated indicators for 15m: ['timestamp', 'open', 'high', 'low', 'close', 'volume', 'ma20', 'ema8', 'ema21', 'macd', 'signal_line', 'rsi', 'adx', 'vwap', 'atr', 'stoch_k', 'stoch_d', 'bollinger_mid', 'bollinger_std', 'bollinger_upper', 'bollinger_lower']
2025-07-04 22:27:59,519 - ERROR - [PEPE/USDT] Retry 3/3 for 15m: binance does not have market symbol PEPE/USDT
2025-07-04 22:27:59,519 - ERROR - [FDUSD/USDT] Retry 3/3 for 15m: binance does not have market symbol FDUSD/USDT
2025-07-04 22:29:03,940 - INFO - Starting bot initialization
2025-07-04 22:29:03,941 - INFO - Initializing Binance Futures exchange
2025-07-04 22:29:03,952 - INFO - Testing Binance Futures API keys
2025-07-04 22:29:06,021 - INFO - API key test successful: BTC/USDT:USDT - 108049.0
2025-07-04 22:29:06,021 - INFO - Setting up Telegram bot
2025-07-04 22:29:06,800 - INFO - Telegram bot polling started
2025-07-04 22:29:06,800 - INFO - Attempting to fetch USDT pairs
2025-07-04 22:29:06,800 - INFO - Fetching USDT pairs from Binance Futures
2025-07-04 22:29:06,800 - INFO - Total markets fetched: 3746
2025-07-04 22:29:06,802 - INFO - Total USDT pairs after initial filtering: 402
2025-07-04 22:29:07,204 - INFO - [BTC/USDT] Volume check: 14,151,345,096.69
2025-07-04 22:29:07,706 - INFO - [ETH/USDT] Volume check: 12,516,990,449.30
2025-07-04 22:29:08,206 - INFO - [BNB/USDT] Volume check: 194,073,453.47
2025-07-04 22:29:08,708 - INFO - [NEO/USDT] Volume check: 9,605,415.17
2025-07-04 22:29:09,209 - INFO - [LTC/USDT] Volume check: 228,480,269.52
2025-07-04 22:29:09,704 - INFO - [QTUM/USDT] Volume check: 6,264,543.30
2025-07-04 22:29:10,203 - INFO - [ADA/USDT] Volume check: 316,606,161.14
2025-07-04 22:29:10,711 - INFO - [XRP/USDT] Volume check: 994,152,795.20
2025-07-04 22:29:11,210 - INFO - [TUSD/USDT] Volume check: 0.00
2025-07-04 22:29:11,467 - INFO - [IOTA/USDT] Volume check: 8,031,793.79
2025-07-04 22:29:11,965 - INFO - [XLM/USDT] Volume check: 41,331,304.98
2025-07-04 22:29:12,464 - INFO - [ONT/USDT] Volume check: 3,329,363.65
2025-07-04 22:29:12,963 - INFO - [TRX/USDT] Volume check: 79,777,858.70
2025-07-04 22:29:13,211 - INFO - [ETC/USDT] Volume check: 62,106,770.92
2025-07-04 22:29:13,456 - INFO - [ICX/USDT] Volume check: 4,228,862.97
2025-07-04 22:29:13,958 - INFO - [VET/USDT] Volume check: 11,795,194.90
2025-07-04 22:29:14,459 - INFO - [USDC/USDT] Volume check: 2,894,924.22
2025-07-04 22:29:14,957 - INFO - [LINK/USDT] Volume check: 231,329,675.69
2025-07-04 22:29:15,462 - INFO - [ONG/USDT] Volume check: 1,642,359.54
2025-07-04 22:29:15,960 - INFO - [HOT/USDT] Volume check: 3,356,684.76
2025-07-04 22:29:16,205 - INFO - [ZIL/USDT] Volume check: 7,917,346.76
2025-07-04 22:29:16,702 - INFO - [ZRX/USDT] Volume check: 6,802,048.69
2025-07-04 22:29:17,204 - INFO - [FET/USDT] Volume check: 71,125,547.16
2025-07-04 22:29:17,707 - INFO - [BAT/USDT] Volume check: 3,727,728.27
2025-07-04 22:29:17,951 - INFO - [ZEC/USDT] Volume check: 10,544,224.50
2025-07-04 22:29:18,450 - INFO - [IOST/USDT] Volume check: 2,660,662.00
2025-07-04 22:29:18,695 - INFO - [CELR/USDT] Volume check: 3,980,062.69
2025-07-04 22:29:19,203 - INFO - [DASH/USDT] Volume check: 2,829,655.04
2025-07-04 22:29:19,458 - INFO - [THETA/USDT] Volume check: 9,155,318.59
2025-07-04 22:29:19,958 - INFO - [ENJ/USDT] Volume check: 3,486,827.39
2025-07-04 22:29:20,453 - INFO - [ATOM/USDT] Volume check: 37,318,820.70
2025-07-04 22:29:20,952 - INFO - [TFUEL/USDT] Volume check: 0.00
2025-07-04 22:29:21,451 - INFO - [ONE/USDT] Volume check: 7,662,490.76
2025-07-04 22:29:21,694 - INFO - [ALGO/USDT] Volume check: 25,334,172.59
2025-07-04 22:29:21,937 - INFO - [DOGE/USDT] Volume check: 969,792,003.49
2025-07-04 22:29:22,190 - INFO - [DUSK/USDT] Volume check: 3,055,177.68
2025-07-04 22:29:22,680 - INFO - [ANKR/USDT] Volume check: 2,194,110.56
2025-07-04 22:29:23,174 - INFO - [WIN/USDT] Volume check: 0.00
2025-07-04 22:29:23,667 - INFO - [COS/USDT] Volume check: 1,025,530.60
2025-07-04 22:29:24,172 - INFO - [MTL/USDT] Volume check: 1,511,787.35
2025-07-04 22:29:24,427 - INFO - [DENT/USDT] Volume check: 2,163,764.84
2025-07-04 22:29:24,924 - INFO - [WAN/USDT] Volume check: 0.00
2025-07-04 22:29:25,425 - INFO - [CVC/USDT] Volume check: 956,967.98
2025-07-04 22:29:25,671 - INFO - [CHZ/USDT] Volume check: 17,395,557.30
2025-07-04 22:29:26,171 - INFO - [BAND/USDT] Volume check: 4,074,574.65
2025-07-04 22:29:26,413 - INFO - [XTZ/USDT] Volume check: 16,347,217.85
2025-07-04 22:29:26,914 - INFO - [RVN/USDT] Volume check: 14,399,582.44
2025-07-04 22:29:27,417 - INFO - [HBAR/USDT] Volume check: 57,573,519.95
2025-07-04 22:29:27,912 - INFO - [NKN/USDT] Volume check: 4,278,188.05
2025-07-04 22:29:28,159 - INFO - [STX/USDT] Volume check: 19,295,393.56
2025-07-04 22:29:28,659 - INFO - [KAVA/USDT] Volume check: 9,104,543.18
2025-07-04 22:29:29,160 - INFO - [ARPA/USDT] Volume check: 8,873,855.37
2025-07-04 22:29:29,401 - INFO - [IOTX/USDT] Volume check: 4,457,666.86
2025-07-04 22:29:29,903 - INFO - [RLC/USDT] Volume check: 2,092,082.30
2025-07-04 22:29:30,405 - INFO - [BCH/USDT] Volume check: 285,566,279.45
2025-07-04 22:29:30,906 - INFO - [FTT/USDT] Volume check: 0.00
2025-07-04 22:29:31,404 - INFO - [EUR/USDT] Volume check: 0.00
2025-07-04 22:29:31,910 - INFO - [OGN/USDT] Volume check: 3,898,963.55
2025-07-04 22:29:32,419 - INFO - [LSK/USDT] Volume check: 1,442,128.13
2025-07-04 22:29:32,917 - INFO - [BNT/USDT] Volume check: 1,707,672.20
2025-07-04 22:29:33,418 - INFO - [MBL/USDT] Volume check: 0.00
2025-07-04 22:29:33,922 - INFO - [COTI/USDT] Volume check: 3,493,190.34
2025-07-04 22:29:34,426 - INFO - [DATA/USDT] Volume check: 0.00
2025-07-04 22:29:34,925 - INFO - [SOL/USDT] Volume check: 2,609,038,437.75
2025-07-04 22:29:35,426 - INFO - [CTSI/USDT] Volume check: 2,107,029.20
2025-07-04 22:29:35,667 - INFO - [HIVE/USDT] Volume check: 2,183,690.94
2025-07-04 22:29:35,911 - INFO - [CHR/USDT] Volume check: 2,747,887.14
2025-07-04 22:29:36,155 - INFO - [ARDR/USDT] Volume check: 0.00
2025-07-04 22:29:36,656 - INFO - [MDT/USDT] Volume check: 13,059,404.43
2025-07-04 22:29:37,157 - INFO - [KNC/USDT] Volume check: 2,358,909.36
2025-07-04 22:29:37,650 - INFO - [LRC/USDT] Volume check: 5,432,205.50
2025-07-04 22:29:38,144 - INFO - [COMP/USDT] Volume check: 20,105,883.08
2025-07-04 22:29:38,649 - INFO - [SC/USDT] Volume check: 0.00
2025-07-04 22:29:39,147 - INFO - [ZEN/USDT] Volume check: 12,222,218.76
2025-07-04 22:29:39,650 - INFO - [SNX/USDT] Volume check: 6,765,213.22
2025-07-04 22:29:39,904 - INFO - [VTHO/USDT] Volume check: 1,209,220.98
2025-07-04 22:29:40,398 - INFO - [DGB/USDT] Volume check: 45,674,718.93
2025-07-04 22:29:40,651 - INFO - [SXP/USDT] Volume check: 16,300,580.65
2025-07-04 22:29:41,152 - INFO - [MKR/USDT] Volume check: 40,766,380.29
2025-07-04 22:29:41,654 - INFO - [DCR/USDT] Volume check: 0.00
2025-07-04 22:29:42,157 - INFO - [STORJ/USDT] Volume check: 3,991,712.13
2025-07-04 22:29:42,655 - INFO - [MANA/USDT] Volume check: 12,482,932.36
2025-07-04 22:29:43,159 - INFO - [YFI/USDT] Volume check: 4,703,125.40
2025-07-04 22:29:43,664 - INFO - [JST/USDT] Volume check: 1,664,841.10
2025-07-04 22:29:44,161 - INFO - [CRV/USDT] Volume check: 118,492,562.19
2025-07-04 22:29:44,659 - INFO - [SAND/USDT] Volume check: 22,529,794.68
2025-07-04 22:29:45,163 - INFO - [NMR/USDT] Volume check: 3,694,324.64
2025-07-04 22:29:45,660 - INFO - [DOT/USDT] Volume check: 164,975,204.14
2025-07-04 22:29:46,158 - INFO - [LUNA/USDT] Volume check: 0.00
2025-07-04 22:29:46,660 - INFO - [RSR/USDT] Volume check: 10,323,713.40
2025-07-04 22:29:47,152 - INFO - [PAXG/USDT] Volume check: 27,265,093.24
2025-07-04 22:29:47,661 - INFO - [TRB/USDT] Volume check: 35,821,100.91
2025-07-04 22:29:47,905 - INFO - [SUSHI/USDT] Volume check: 14,971,163.52
2025-07-04 22:29:48,159 - INFO - [KSM/USDT] Volume check: 4,086,987.24
2025-07-04 22:29:48,662 - INFO - [EGLD/USDT] Volume check: 6,001,202.44
2025-07-04 22:29:48,906 - INFO - [DIA/USDT] Volume check: 1,791,902.18
2025-07-04 22:29:49,406 - INFO - [RUNE/USDT] Volume check: 15,360,612.96
2025-07-04 22:29:49,909 - INFO - [FIO/USDT] Volume check: 1,877,983.45
2025-07-04 22:29:50,404 - INFO - [UMA/USDT] Volume check: 3,546,956.40
2025-07-04 22:29:50,651 - INFO - [BEL/USDT] Volume check: 10,468,056.93
2025-07-04 22:29:51,152 - INFO - [UNI/USDT] Volume check: 365,200,115.38
2025-07-04 22:29:51,656 - INFO - [OXT/USDT] Volume check: 1,141,161.45
2025-07-04 22:29:52,161 - INFO - [SUN/USDT] Volume check: 1,409,513.26
2025-07-04 22:29:52,404 - INFO - [AVAX/USDT] Volume check: 233,234,922.29
2025-07-04 22:29:52,903 - INFO - [FLM/USDT] Volume check: 8,104,808.54
2025-07-04 22:29:53,147 - INFO - [UTK/USDT] Volume check: 0.00
2025-07-04 22:29:53,652 - INFO - [XVS/USDT] Volume check: 1,089,383.59
2025-07-04 22:29:53,909 - INFO - [AAVE/USDT] Volume check: 285,122,145.72
2025-07-04 22:29:54,407 - INFO - [NEAR/USDT] Volume check: 110,102,167.02
2025-07-04 22:29:54,910 - INFO - [FIL/USDT] Volume check: 114,508,358.47
2025-07-04 22:29:55,412 - INFO - [INJ/USDT] Volume check: 73,941,404.96
2025-07-04 22:29:55,910 - INFO - [AUDIO/USDT] Volume check: 0.00
2025-07-04 22:29:56,409 - INFO - [CTK/USDT] Volume check: 10,226,727.27
2025-07-04 22:29:56,651 - INFO - [AXS/USDT] Volume check: 17,354,054.56
2025-07-04 22:29:56,899 - INFO - [STRAX/USDT] Volume check: 57,366,886.58
2025-07-04 22:29:57,398 - INFO - [ROSE/USDT] Volume check: 8,830,579.69
2025-07-04 22:29:57,642 - INFO - [AVA/USDT] Volume check: 2,061,005.00
2025-07-04 22:29:58,140 - INFO - [SKL/USDT] Volume check: 2,996,610.81
2025-07-04 22:29:58,634 - INFO - [GRT/USDT] Volume check: 11,584,189.14
2025-07-04 22:32:02,241 - INFO - Starting bot initialization
2025-07-04 22:32:02,241 - INFO - Initializing Binance Futures exchange
2025-07-04 22:32:02,250 - INFO - Testing Binance Futures API keys
2025-07-04 22:32:04,320 - INFO - API key test successful: BTC/USDT:USDT - 108093.0
2025-07-04 22:32:04,340 - INFO - Setting up Telegram bot
2025-07-04 22:32:05,103 - INFO - Telegram bot polling started
2025-07-04 22:32:05,104 - INFO - Attempting to fetch USDT pairs
2025-07-04 22:32:05,104 - INFO - Fetching USDT pairs from Binance Futures
2025-07-04 22:32:05,104 - INFO - Total markets fetched: 3746
2025-07-04 22:32:05,105 - INFO - Total USDT pairs after initial filtering: 402
2025-07-04 22:32:05,507 - INFO - [BTC/USDT] Volume check: 14,155,146,800.29
2025-07-04 22:32:05,791 - INFO - [ETH/USDT] Volume check: 12,518,369,850.45
2025-07-04 22:32:06,040 - INFO - [BNB/USDT] Volume check: 194,118,933.36
2025-07-04 22:32:06,537 - INFO - [NEO/USDT] Volume check: 9,628,410.79
2025-07-04 22:32:07,035 - INFO - [LTC/USDT] Volume check: 228,353,701.97
2025-07-04 22:32:07,285 - INFO - [QTUM/USDT] Volume check: 6,267,748.21
2025-07-04 22:32:07,537 - INFO - [ADA/USDT] Volume check: 316,845,824.80
2025-07-04 22:32:08,029 - INFO - [XRP/USDT] Volume check: 994,872,393.49
2025-07-04 22:32:08,537 - INFO - [TUSD/USDT] Volume check: 0.00
2025-07-04 22:32:09,037 - INFO - [IOTA/USDT] Volume check: 8,042,676.54
2025-07-04 22:32:09,543 - INFO - [XLM/USDT] Volume check: 41,151,708.39
2025-07-04 22:32:10,039 - INFO - [ONT/USDT] Volume check: 3,330,785.87
2025-07-04 22:32:10,542 - INFO - [TRX/USDT] Volume check: 79,828,826.43
2025-07-04 22:32:11,040 - INFO - [ETC/USDT] Volume check: 61,983,734.47
2025-07-04 22:32:11,546 - INFO - [ICX/USDT] Volume check: 4,235,848.83
2025-07-04 22:32:11,789 - INFO - [VET/USDT] Volume check: 11,785,143.49
2025-07-04 22:32:12,035 - INFO - [USDC/USDT] Volume check: 2,895,972.54
2025-07-04 22:32:12,535 - INFO - [LINK/USDT] Volume check: 231,746,936.29
2025-07-04 22:32:12,777 - INFO - [ONG/USDT] Volume check: 1,644,427.72
2025-07-04 22:32:13,021 - INFO - [HOT/USDT] Volume check: 3,357,544.81
2025-07-04 22:32:13,525 - INFO - [ZIL/USDT] Volume check: 7,923,447.54
2025-07-04 22:32:14,025 - INFO - [ZRX/USDT] Volume check: 6,808,251.36
2025-07-04 22:32:14,529 - INFO - [FET/USDT] Volume check: 71,081,231.06
2025-07-04 22:32:15,034 - INFO - [BAT/USDT] Volume check: 3,733,436.69
2025-07-04 22:32:15,537 - INFO - [ZEC/USDT] Volume check: 10,546,779.00
2025-07-04 22:32:16,038 - INFO - [IOST/USDT] Volume check: 2,658,290.75
2025-07-04 22:32:16,536 - INFO - [CELR/USDT] Volume check: 3,984,911.23
2025-07-04 22:32:17,043 - INFO - [DASH/USDT] Volume check: 2,832,953.65
2025-07-04 22:32:17,544 - INFO - [THETA/USDT] Volume check: 9,169,335.55
2025-07-04 22:32:18,047 - INFO - [ENJ/USDT] Volume check: 3,496,179.46
2025-07-04 22:32:18,294 - INFO - [ATOM/USDT] Volume check: 37,327,497.64
2025-07-04 22:32:18,811 - INFO - [TFUEL/USDT] Volume check: 0.00
2025-07-04 22:32:19,311 - INFO - [ONE/USDT] Volume check: 7,686,687.83
2025-07-04 22:32:19,553 - INFO - [ALGO/USDT] Volume check: 25,344,469.07
2025-07-04 22:32:20,058 - INFO - [DOGE/USDT] Volume check: 971,498,322.89
2025-07-04 22:32:20,308 - INFO - [DUSK/USDT] Volume check: 3,055,017.67
2025-07-04 22:32:20,552 - INFO - [ANKR/USDT] Volume check: 2,199,221.94
2025-07-04 22:32:21,051 - INFO - [WIN/USDT] Volume check: 0.00
2025-07-04 22:32:21,571 - INFO - [COS/USDT] Volume check: 1,026,789.15
2025-07-04 22:32:22,076 - INFO - [MTL/USDT] Volume check: 1,510,223.34
2025-07-04 22:32:22,318 - INFO - [DENT/USDT] Volume check: 2,169,384.70
2025-07-04 22:32:22,821 - INFO - [WAN/USDT] Volume check: 0.00
2025-07-04 22:32:23,325 - INFO - [CVC/USDT] Volume check: 958,415.78
2025-07-04 22:32:23,830 - INFO - [CHZ/USDT] Volume check: 17,398,603.15
2025-07-04 22:32:24,077 - INFO - [BAND/USDT] Volume check: 4,094,394.50
2025-07-04 22:32:24,576 - INFO - [XTZ/USDT] Volume check: 16,349,556.89
2025-07-04 22:32:25,078 - INFO - [RVN/USDT] Volume check: 14,424,298.36
2025-07-04 22:32:25,574 - INFO - [HBAR/USDT] Volume check: 57,511,952.16
2025-07-04 22:32:25,831 - INFO - [NKN/USDT] Volume check: 4,281,193.58
2025-07-04 22:32:26,073 - INFO - [STX/USDT] Volume check: 19,310,809.47
2025-07-04 22:32:26,319 - INFO - [KAVA/USDT] Volume check: 9,110,595.86
2025-07-04 22:32:26,561 - INFO - [ARPA/USDT] Volume check: 8,868,382.16
2025-07-04 22:32:27,051 - INFO - [IOTX/USDT] Volume check: 4,456,420.75
2025-07-04 22:32:27,552 - INFO - [RLC/USDT] Volume check: 2,099,030.37
2025-07-04 22:32:28,048 - INFO - [BCH/USDT] Volume check: 285,931,805.27
2025-07-04 22:32:28,293 - INFO - [FTT/USDT] Volume check: 0.00
2025-07-04 22:32:28,792 - INFO - [EUR/USDT] Volume check: 0.00
2025-07-04 22:32:29,034 - INFO - [OGN/USDT] Volume check: 3,901,158.94
2025-07-04 22:32:29,276 - INFO - [LSK/USDT] Volume check: 1,443,391.10
2025-07-04 22:32:29,776 - INFO - [BNT/USDT] Volume check: 1,708,446.84
2025-07-04 22:32:30,017 - INFO - [MBL/USDT] Volume check: 0.00
2025-07-04 22:32:30,523 - INFO - [COTI/USDT] Volume check: 3,488,600.62
2025-07-04 22:32:31,029 - INFO - [DATA/USDT] Volume check: 0.00
2025-07-04 22:32:31,273 - INFO - [SOL/USDT] Volume check: 2,613,763,561.68
2025-07-04 22:32:31,774 - INFO - [CTSI/USDT] Volume check: 2,112,119.65
2025-07-04 22:32:32,023 - INFO - [HIVE/USDT] Volume check: 2,177,833.60
2025-07-04 22:32:32,267 - INFO - [CHR/USDT] Volume check: 2,750,392.83
2025-07-04 22:32:32,513 - INFO - [ARDR/USDT] Volume check: 0.00
2025-07-04 22:32:32,758 - INFO - [MDT/USDT] Volume check: 13,059,404.43
2025-07-04 22:32:33,004 - INFO - [KNC/USDT] Volume check: 2,358,442.39
2025-07-04 22:32:33,250 - INFO - [LRC/USDT] Volume check: 5,424,404.80
2025-07-04 22:32:33,498 - INFO - [COMP/USDT] Volume check: 20,098,609.03
2025-07-04 22:32:34,000 - INFO - [SC/USDT] Volume check: 0.00
2025-07-04 22:32:34,247 - INFO - [ZEN/USDT] Volume check: 12,234,868.13
2025-07-04 22:32:34,749 - INFO - [SNX/USDT] Volume check: 6,781,475.18
2025-07-04 22:32:35,280 - INFO - [VTHO/USDT] Volume check: 1,212,007.70
2025-07-04 22:32:35,526 - INFO - [DGB/USDT] Volume check: 45,674,718.93
2025-07-04 22:32:35,780 - INFO - [SXP/USDT] Volume check: 16,312,173.22
2025-07-04 22:32:36,028 - INFO - [MKR/USDT] Volume check: 40,762,685.21
2025-07-04 22:32:36,528 - INFO - [DCR/USDT] Volume check: 0.00
2025-07-04 22:32:37,025 - INFO - [STORJ/USDT] Volume check: 3,990,761.49
2025-07-04 22:32:37,269 - INFO - [MANA/USDT] Volume check: 12,486,727.64
2025-07-04 22:32:37,767 - INFO - [YFI/USDT] Volume check: 4,706,339.90
2025-07-04 22:32:38,268 - INFO - [JST/USDT] Volume check: 1,664,290.02
2025-07-04 22:32:38,510 - INFO - [CRV/USDT] Volume check: 118,318,141.09
2025-07-04 22:32:39,008 - INFO - [SAND/USDT] Volume check: 22,754,251.27
2025-07-04 22:32:39,510 - INFO - [NMR/USDT] Volume check: 3,693,061.09
2025-07-04 22:32:40,013 - INFO - [DOT/USDT] Volume check: 165,101,069.44
2025-07-04 22:32:40,514 - INFO - [LUNA/USDT] Volume check: 0.00
2025-07-04 22:32:41,014 - INFO - [RSR/USDT] Volume check: 10,318,685.41
2025-07-04 22:32:41,519 - INFO - [PAXG/USDT] Volume check: 27,189,828.33
2025-07-04 22:32:41,766 - INFO - [TRB/USDT] Volume check: 35,849,415.59
2025-07-04 22:32:42,011 - INFO - [SUSHI/USDT] Volume check: 14,991,233.09
2025-07-04 22:32:42,258 - INFO - [KSM/USDT] Volume check: 4,089,516.20
2025-07-04 22:32:42,748 - INFO - [EGLD/USDT] Volume check: 6,009,594.39
2025-07-04 22:32:43,002 - INFO - [DIA/USDT] Volume check: 1,794,064.38
2025-07-04 22:32:43,252 - INFO - [RUNE/USDT] Volume check: 15,383,191.30
2025-07-04 22:32:43,526 - INFO - [FIO/USDT] Volume check: 1,878,436.23
2025-07-04 22:32:43,773 - INFO - [UMA/USDT] Volume check: 3,553,712.88
2025-07-04 22:32:44,019 - INFO - [BEL/USDT] Volume check: 10,470,000.48
2025-07-04 22:32:44,525 - INFO - [UNI/USDT] Volume check: 365,530,926.10
2025-07-04 22:32:45,034 - INFO - [OXT/USDT] Volume check: 1,143,675.71
2025-07-04 22:32:45,279 - INFO - [SUN/USDT] Volume check: 1,410,607.26
2025-07-04 22:32:45,524 - INFO - [AVAX/USDT] Volume check: 233,345,758.12
2025-07-04 22:32:46,030 - INFO - [FLM/USDT] Volume check: 8,111,164.25
2025-07-04 22:32:46,275 - INFO - [UTK/USDT] Volume check: 0.00
2025-07-04 22:32:46,522 - INFO - [XVS/USDT] Volume check: 1,091,823.47
2025-07-04 22:32:47,021 - INFO - [AAVE/USDT] Volume check: 285,567,723.87
2025-07-04 22:32:47,280 - INFO - [NEAR/USDT] Volume check: 110,280,213.12
2025-07-04 22:32:47,778 - INFO - [FIL/USDT] Volume check: 114,726,638.74
2025-07-04 22:32:48,028 - INFO - [INJ/USDT] Volume check: 73,993,001.79
2025-07-04 22:32:48,272 - INFO - [AUDIO/USDT] Volume check: 0.00
2025-07-04 22:32:48,518 - INFO - [CTK/USDT] Volume check: 10,228,579.94
2025-07-04 22:32:48,762 - INFO - [AXS/USDT] Volume check: 17,370,306.83
2025-07-04 22:32:49,004 - INFO - [STRAX/USDT] Volume check: 57,366,886.58
2025-07-04 22:32:49,250 - INFO - [ROSE/USDT] Volume check: 8,833,162.00
2025-07-04 22:32:49,755 - INFO - [AVA/USDT] Volume check: 2,063,350.26
2025-07-04 22:32:50,252 - INFO - [SKL/USDT] Volume check: 3,015,603.50
2025-07-04 22:32:50,752 - INFO - [GRT/USDT] Volume check: 11,596,368.24
2025-07-04 22:32:50,998 - INFO - [JUV/USDT] Volume check: 0.00
2025-07-04 22:32:51,499 - INFO - [PSG/USDT] Volume check: 0.00
2025-07-04 22:32:51,742 - INFO - [1INCH/USDT] Volume check: 5,474,882.07
2025-07-04 22:32:51,987 - INFO - [OG/USDT] Volume check: 1,940,232.81
2025-07-04 22:32:52,486 - INFO - [ATM/USDT] Volume check: 0.00
2025-07-04 22:32:52,729 - INFO - [ASR/USDT] Volume check: 2,706,388.83
2025-07-04 22:32:52,974 - INFO - [CELO/USDT] Volume check: 9,298,064.57
2025-07-04 22:32:53,225 - INFO - [RIF/USDT] Volume check: 1,000,310.46
2025-07-04 22:32:53,730 - INFO - [TRU/USDT] Volume check: 3,349,288.65
2025-07-04 22:32:53,975 - INFO - [CKB/USDT] Volume check: 3,064,303.39
2025-07-04 22:32:54,223 - INFO - [TWT/USDT] Volume check: 1,675,363.36
2025-07-04 22:32:54,465 - INFO - [SFP/USDT] Volume check: 2,136,018.25
2025-07-04 22:32:54,708 - INFO - [DODO/USDT] Volume check: 0.00
2025-07-04 22:32:55,205 - INFO - [CAKE/USDT] Volume check: 16,680,367.16
2025-07-04 22:32:55,705 - INFO - [ACM/USDT] Volume check: 0.00
2025-07-04 22:32:56,234 - INFO - [FIS/USDT] Volume check: 2,452,852.86
2025-07-04 22:32:56,731 - INFO - [OM/USDT] Volume check: 43,145,957.35
2025-07-04 22:32:56,976 - INFO - [POND/USDT] Volume check: 0.00
2025-07-04 22:32:57,219 - INFO - [DEGO/USDT] Volume check: 1,985,108.93
2025-07-04 22:32:57,714 - INFO - [ALICE/USDT] Volume check: 5,997,958.26
2025-07-04 22:32:58,215 - INFO - [PERP/USDT] Volume check: 2,086,870.36
2025-07-04 22:32:58,457 - INFO - [SUPER/USDT] Volume check: 6,197,517.77
2025-07-04 22:32:58,697 - INFO - [CFX/USDT] Volume check: 7,840,869.91
2025-07-04 22:32:58,951 - INFO - [TKO/USDT] Volume check: 0.00
2025-07-04 22:32:59,193 - INFO - [PUNDIX/USDT] Volume check: 14,902,365.59
2025-07-04 22:32:59,692 - INFO - [TLM/USDT] Volume check: 2,506,903.81
2025-07-04 22:33:00,187 - INFO - [BAR/USDT] Volume check: 0.00
2025-07-04 22:33:00,693 - INFO - [FORTH/USDT] Volume check: 818,594.87
2025-07-04 22:33:00,934 - INFO - [BAKE/USDT] Volume check: 6,765,465.67
2025-07-04 22:33:01,179 - INFO - [SLP/USDT] Volume check: 4,000,750.14
2025-07-04 22:33:01,683 - INFO - [SHIB/USDT] Volume check: 0.00
2025-07-04 22:33:02,183 - INFO - [ICP/USDT] Volume check: 26,136,288.74
2025-07-04 22:33:02,430 - INFO - [AR/USDT] Volume check: 14,426,258.37
2025-07-04 22:33:02,686 - INFO - [MASK/USDT] Volume check: 17,907,486.86
2025-07-04 22:33:03,183 - INFO - [LPT/USDT] Volume check: 33,664,246.63
2025-07-04 22:33:03,429 - INFO - [XVG/USDT] Volume check: 2,576,231.45
2025-07-04 22:33:03,671 - INFO - [ATA/USDT] Volume check: 14,245,162.99
2025-07-04 22:33:04,168 - INFO - [GTC/USDT] Volume check: 2,554,611.60
2025-07-04 22:33:04,673 - INFO - [PHA/USDT] Volume check: 1,875,531.45
2025-07-04 22:33:05,174 - INFO - [MLN/USDT] Volume check: 1,221,553.26
2025-07-04 22:33:05,677 - INFO - [DEXE/USDT] Volume check: 4,121,447.96
2025-07-04 22:33:06,171 - INFO - [C98/USDT] Volume check: 3,568,346.52
2025-07-04 22:33:06,681 - INFO - [QNT/USDT] Volume check: 5,466,643.74
2025-07-04 22:33:07,179 - INFO - [FLOW/USDT] Volume check: 10,782,781.20
2025-07-04 22:33:07,439 - INFO - [MINA/USDT] Volume check: 11,484,860.24
2025-07-04 22:33:07,936 - INFO - [RAY/USDT] Volume check: 0.00
2025-07-04 22:33:08,435 - INFO - [FARM/USDT] Volume check: 0.00
2025-07-04 22:33:08,932 - INFO - [QUICK/USDT] Volume check: 3,096,971.89
2025-07-04 22:33:09,436 - INFO - [MBOX/USDT] Volume check: 2,290,657.18
2025-07-04 22:33:09,935 - INFO - [REQ/USDT] Volume check: 0.00
2025-07-04 22:33:10,186 - INFO - [GHST/USDT] Volume check: 1,015,833.45
2025-07-04 22:33:10,685 - INFO - [WAXP/USDT] Volume check: 1,157,108.40
2025-07-04 22:33:10,940 - INFO - [GNO/USDT] Volume check: 0.00
2025-07-04 22:33:11,185 - INFO - [XEC/USDT] Volume check: 0.00
2025-07-04 22:33:11,433 - INFO - [DYDX/USDT] Volume check: 25,266,953.27
2025-07-04 22:33:11,933 - INFO - [IDEX/USDT] Volume check: 2,205,402.77
2025-07-04 22:33:12,438 - INFO - [USDP/USDT] Volume check: 0.00
2025-07-04 22:33:12,936 - INFO - [GALA/USDT] Volume check: 59,238,488.61
2025-07-04 22:33:13,424 - INFO - [ILV/USDT] Volume check: 2,361,771.72
2025-07-04 22:33:13,678 - INFO - [YGG/USDT] Volume check: 4,215,748.56
2025-07-04 22:33:13,925 - INFO - [SYS/USDT] Volume check: 960,211.40
2025-07-04 22:33:14,416 - INFO - [DF/USDT] Volume check: 3,461,647.23
2025-07-04 22:33:14,660 - INFO - [FIDA/USDT] Volume check: 12,288,783.04
2025-07-04 22:33:14,908 - INFO - [AGLD/USDT] Volume check: 4,550,901.88
2025-07-04 22:33:15,408 - INFO - [RAD/USDT] Volume check: 6,187,462.77
2025-07-04 22:33:15,919 - INFO - [RARE/USDT] Volume check: 4,671,200.14
2025-07-04 22:33:16,160 - INFO - [LAZIO/USDT] Volume check: 0.00
2025-07-04 22:33:16,406 - INFO - [CHESS/USDT] Volume check: 27,946,427.80
2025-07-04 22:33:16,655 - INFO - [ADX/USDT] Volume check: 0.00
2025-07-04 22:33:17,158 - INFO - [AUCTION/USDT] Volume check: 4,396,578.14
2025-07-04 22:33:17,404 - INFO - [MOVR/USDT] Volume check: 1,866,636.66
2025-07-04 22:33:17,654 - INFO - [CITY/USDT] Volume check: 0.00
2025-07-04 22:33:17,901 - INFO - [ENS/USDT] Volume check: 22,882,547.34
2025-07-04 22:33:18,400 - INFO - [QI/USDT] Volume check: 0.00
2025-07-04 22:33:18,899 - INFO - [PORTO/USDT] Volume check: 0.00
2025-07-04 22:33:19,147 - INFO - [POWR/USDT] Volume check: 1,209,184.13
2025-07-04 22:33:19,392 - INFO - [JASMY/USDT] Volume check: 11,516,251.36
2025-07-04 22:33:19,639 - INFO - [AMP/USDT] Volume check: 0.00
2025-07-04 22:33:19,883 - INFO - [PYR/USDT] Volume check: 0.00
2025-07-04 22:33:20,129 - INFO - [ALCX/USDT] Volume check: 0.00
2025-07-04 22:33:20,375 - INFO - [SANTOS/USDT] Volume check: 3,250,560.57
2025-07-04 22:33:20,635 - INFO - [BICO/USDT] Volume check: 1,756,717.45
2025-07-04 22:33:20,881 - INFO - [FLUX/USDT] Volume check: 1,703,902.16
2025-07-04 22:33:21,386 - INFO - [FXS/USDT] Volume check: 2,662,115.43
2025-07-04 22:33:21,881 - INFO - [VOXEL/USDT] Volume check: 13,771,793.13
2025-07-04 22:33:22,121 - INFO - [HIGH/USDT] Volume check: 3,148,188.25
2025-07-04 22:33:22,622 - INFO - [CVX/USDT] Volume check: 3,552,591.18
2025-07-04 22:33:23,136 - INFO - [PEOPLE/USDT] Volume check: 21,905,028.56
2025-07-04 22:33:23,633 - INFO - [SPELL/USDT] Volume check: 3,704,851.58
2025-07-04 22:33:23,883 - INFO - [JOE/USDT] Volume check: 1,896,445.81
2025-07-04 22:33:24,127 - INFO - [ACH/USDT] Volume check: 7,977,865.80
2025-07-04 22:33:24,383 - INFO - [IMX/USDT] Volume check: 11,334,196.67
2025-07-04 22:33:24,888 - INFO - [GLMR/USDT] Volume check: 6,498,856.25
2025-07-04 22:33:25,389 - INFO - [LOKA/USDT] Volume check: 43,302,178.63
2025-07-04 22:33:25,642 - INFO - [SCRT/USDT] Volume check: 725,837.32
2025-07-04 22:33:25,888 - INFO - [API3/USDT] Volume check: 4,866,478.04
2025-07-04 22:33:26,389 - INFO - [BTTC/USDT] Volume check: 0.00
2025-07-04 22:33:26,641 - INFO - [ACA/USDT] Volume check: 0.00
2025-07-04 22:33:26,898 - INFO - [XNO/USDT] Volume check: 0.00
2025-07-04 22:33:27,144 - INFO - [WOO/USDT] Volume check: 4,145,575.60
2025-07-04 22:33:27,648 - INFO - [ALPINE/USDT] Volume check: 970,771.47
2025-07-04 22:33:27,913 - INFO - [T/USDT] Volume check: 7,588,401.91
2025-07-04 22:33:28,412 - INFO - [ASTR/USDT] Volume check: 2,965,660.10
2025-07-04 22:33:28,927 - INFO - [GMT/USDT] Volume check: 11,898,044.58
2025-07-04 22:33:29,428 - INFO - [KDA/USDT] Volume check: 1,913,368.20
2025-07-04 22:33:29,933 - INFO - [APE/USDT] Volume check: 18,770,199.08
2025-07-04 22:33:30,426 - INFO - [BIFI/USDT] Volume check: 0.00
2025-07-04 22:33:30,932 - INFO - [STEEM/USDT] Volume check: 1,700,433.19
2025-07-04 22:33:31,433 - INFO - [NEXO/USDT] Volume check: 0.00
2025-07-04 22:33:31,680 - INFO - [REI/USDT] Volume check: 3,998,175.99
2025-07-04 22:33:32,182 - INFO - [LDO/USDT] Volume check: 45,025,121.65
2025-07-04 22:33:32,425 - INFO - [OP/USDT] Volume check: 93,068,459.04
2025-07-04 22:33:32,673 - INFO - [STG/USDT] Volume check: 1,959,846.79
2025-07-04 22:33:33,175 - INFO - [LUNC/USDT] Volume check: 0.00
2025-07-04 22:33:33,418 - INFO - [GMX/USDT] Volume check: 4,840,727.51
2025-07-04 22:33:33,925 - INFO - [POLYX/USDT] Volume check: 2,149,660.60
2025-07-04 22:33:34,428 - INFO - [APT/USDT] Volume check: 120,170,771.37
2025-07-04 22:33:34,672 - INFO - [OSMO/USDT] Volume check: 0.00
2025-07-04 22:33:35,172 - INFO - [HFT/USDT] Volume check: 114,350,242.89
2025-07-04 22:33:35,418 - INFO - [PHB/USDT] Volume check: 2,890,938.59
2025-07-04 22:33:35,920 - INFO - [HOOK/USDT] Volume check: 22,551,636.87
2025-07-04 22:33:36,426 - INFO - [MAGIC/USDT] Volume check: 11,286,192.74
2025-07-04 22:33:36,671 - INFO - [HIFI/USDT] Volume check: 35,112,331.16
2025-07-04 22:33:36,915 - INFO - [RPL/USDT] Volume check: 4,331,472.26
2025-07-04 22:33:37,158 - INFO - [GNS/USDT] Volume check: 0.00
2025-07-04 22:33:37,659 - INFO - [SYN/USDT] Volume check: 2,243,544.30
2025-07-04 22:33:38,159 - INFO - [SSV/USDT] Volume check: 7,620,476.34
2025-07-04 22:33:38,407 - INFO - [LQTY/USDT] Volume check: 23,442,584.39
2025-07-04 22:33:38,912 - INFO - [USTC/USDT] Volume check: 2,405,194.20
2025-07-04 22:33:39,162 - INFO - [GAS/USDT] Volume check: 4,405,282.14
2025-07-04 22:33:39,660 - INFO - [GLM/USDT] Volume check: 9,904,518.84
2025-07-04 22:33:39,906 - INFO - [PROM/USDT] Volume check: 14,104,148.11
2025-07-04 22:33:40,153 - INFO - [QKC/USDT] Volume check: 0.00
2025-07-04 22:33:40,651 - INFO - [ID/USDT] Volume check: 4,512,032.03
2025-07-04 22:33:40,899 - INFO - [ARB/USDT] Volume check: 166,044,880.70
2025-07-04 22:33:41,142 - INFO - [RDNT/USDT] Volume check: 3,172,279.21
2025-07-04 22:33:41,643 - INFO - [WBTC/USDT] Volume check: 0.00
2025-07-04 22:33:42,226 - INFO - [EDU/USDT] Volume check: 2,002,685.42
2025-07-04 22:33:42,726 - INFO - [SUI/USDT] Volume check: 572,458,176.37
2025-07-04 22:33:42,973 - INFO - [PEPE/USDT] Volume check: 0.00
2025-07-04 22:33:43,469 - INFO - [FLOKI/USDT] Volume check: 0.00
2025-07-04 22:33:43,727 - INFO - [MAV/USDT] Volume check: 15,378,124.05
2025-07-04 22:33:44,226 - INFO - [PENDLE/USDT] Volume check: 28,354,844.93
2025-07-04 22:33:44,718 - INFO - [ARKM/USDT] Volume check: 13,152,904.82
2025-07-04 22:33:44,972 - INFO - [WBETH/USDT] Volume check: 0.00
2025-07-04 22:33:45,213 - INFO - [WLD/USDT] Volume check: 106,659,238.35
2025-07-04 22:33:45,717 - INFO - [FDUSD/USDT] Volume check: 0.00
2025-07-04 22:33:46,218 - INFO - [SEI/USDT] Volume check: 160,137,792.74
2025-07-04 22:33:46,463 - INFO - [CYBER/USDT] Volume check: 2,987,529.94
2025-07-04 22:33:46,958 - INFO - [ARK/USDT] Volume check: 97,941,921.23
2025-07-04 22:33:47,462 - INFO - [IQ/USDT] Volume check: 0.00
2025-07-04 22:33:47,709 - INFO - [NTRN/USDT] Volume check: 1,654,938.62
2025-07-04 22:33:47,954 - INFO - [TIA/USDT] Volume check: 159,006,147.67
2025-07-04 22:33:48,197 - INFO - [MEME/USDT] Volume check: 11,648,666.50
2025-07-04 22:33:48,701 - INFO - [ORDI/USDT] Volume check: 52,317,268.09
2025-07-04 22:33:49,199 - INFO - [BEAMX/USDT] Volume check: 10,473,040.06
2025-07-04 22:33:49,699 - INFO - [PIVX/USDT] Volume check: 0.00
2025-07-04 22:33:49,942 - INFO - [VIC/USDT] Volume check: 1,061,304.75
2025-07-04 22:33:50,187 - INFO - [BLUR/USDT] Volume check: 5,239,126.33
2025-07-04 22:33:50,440 - INFO - [VANRY/USDT] Volume check: 3,835,340.61
2025-07-04 22:33:50,994 - INFO - [AEUR/USDT] Volume check: 0.00
2025-07-04 22:33:51,629 - INFO - [JTO/USDT] Volume check: 25,366,676.34
2025-07-04 22:33:52,130 - INFO - [1000SATS/USDT] Volume check: 22,842,458.53
2025-07-04 22:33:52,375 - INFO - [BONK/USDT] Volume check: 0.00
2025-07-04 22:35:01,078 - INFO - Starting bot initialization
2025-07-04 22:35:01,078 - INFO - Initializing Binance Futures exchange
2025-07-04 22:35:01,089 - INFO - Testing Binance Futures API keys
2025-07-04 22:35:03,133 - INFO - API key test successful: BTC/USDT:USDT - 108190.9
2025-07-04 22:35:03,133 - INFO - Setting up Telegram bot
2025-07-04 22:35:03,900 - INFO - Telegram bot polling started
2025-07-04 22:35:03,901 - INFO - Attempting to fetch USDT pairs
2025-07-04 22:35:03,901 - INFO - Fetching USDT pairs from Binance Futures
2025-07-04 22:35:03,901 - INFO - Total markets fetched: 3746
2025-07-04 22:35:03,902 - INFO - Total USDT pairs after initial filtering: 402
2025-07-04 22:35:04,054 - INFO - [BTC/USDT] Volume check: 14,198,319,382.30
2025-07-04 22:35:04,558 - INFO - [ETH/USDT] Volume check: 12,538,427,028.92
2025-07-04 22:35:04,804 - INFO - [BNB/USDT] Volume check: 193,924,280.18
2025-07-04 22:35:05,302 - INFO - [NEO/USDT] Volume check: 9,640,754.10
2025-07-04 22:35:05,813 - INFO - [LTC/USDT] Volume check: 228,389,224.09
2025-07-04 22:35:06,312 - INFO - [QTUM/USDT] Volume check: 6,270,922.52
2025-07-04 22:35:06,812 - INFO - [ADA/USDT] Volume check: 317,037,670.84
2025-07-04 22:35:07,308 - INFO - [XRP/USDT] Volume check: 995,429,659.33
2025-07-04 22:35:07,552 - INFO - [TUSD/USDT] Volume check: 0.00
2025-07-04 22:35:08,060 - INFO - [IOTA/USDT] Volume check: 8,038,974.15
2025-07-04 22:35:08,311 - INFO - [XLM/USDT] Volume check: 41,167,228.53
2025-07-04 22:35:08,811 - INFO - [ONT/USDT] Volume check: 3,336,511.96
2025-07-04 22:35:09,311 - INFO - [TRX/USDT] Volume check: 79,852,532.60
2025-07-04 22:35:09,815 - INFO - [ETC/USDT] Volume check: 62,023,800.59
2025-07-04 22:35:10,064 - INFO - [ICX/USDT] Volume check: 4,256,221.87
2025-07-04 22:35:10,309 - INFO - [VET/USDT] Volume check: 11,794,268.89
2025-07-04 22:35:10,815 - INFO - [USDC/USDT] Volume check: 2,898,733.49
2025-07-04 22:35:11,065 - INFO - [LINK/USDT] Volume check: 231,639,930.24
2025-07-04 22:35:11,306 - INFO - [ONG/USDT] Volume check: 1,644,618.53
2025-07-04 22:35:11,559 - INFO - [HOT/USDT] Volume check: 3,359,667.87
2025-07-04 22:35:12,057 - INFO - [ZIL/USDT] Volume check: 7,917,762.57
2025-07-04 22:35:12,299 - INFO - [ZRX/USDT] Volume check: 6,825,780.52
2025-07-04 22:35:12,546 - INFO - [FET/USDT] Volume check: 71,033,259.42
2025-07-04 22:35:12,789 - INFO - [BAT/USDT] Volume check: 3,740,319.87
2025-07-04 22:35:13,036 - INFO - [ZEC/USDT] Volume check: 10,540,342.75
2025-07-04 22:35:13,293 - INFO - [IOST/USDT] Volume check: 2,651,649.96
2025-07-04 22:35:13,537 - INFO - [CELR/USDT] Volume check: 3,981,110.39
2025-07-04 22:35:13,782 - INFO - [DASH/USDT] Volume check: 2,825,072.04
2025-07-04 22:35:14,031 - INFO - [THETA/USDT] Volume check: 9,180,194.74
2025-07-04 22:35:14,535 - INFO - [ENJ/USDT] Volume check: 3,496,845.38
2025-07-04 22:35:15,035 - INFO - [ATOM/USDT] Volume check: 37,342,253.82
2025-07-04 22:35:15,535 - INFO - [TFUEL/USDT] Volume check: 0.00
2025-07-04 22:35:15,795 - INFO - [ONE/USDT] Volume check: 7,693,362.95
2025-07-04 22:35:16,048 - INFO - [ALGO/USDT] Volume check: 25,421,102.09
2025-07-04 22:35:16,291 - INFO - [DOGE/USDT] Volume check: 973,279,780.37
2025-07-04 22:37:32,421 - INFO - Starting bot initialization
2025-07-04 22:37:32,421 - INFO - Initializing Binance Futures exchange
2025-07-04 22:37:32,430 - INFO - Testing Binance Futures API keys
2025-07-04 22:37:34,373 - INFO - API key test successful: BTC/USDT:USDT - 108181.7
2025-07-04 22:37:34,373 - INFO - Setting up Telegram bot
2025-07-04 22:37:35,154 - INFO - Telegram bot polling started
2025-07-04 22:37:35,154 - INFO - Attempting to fetch USDT pairs
2025-07-04 22:37:35,155 - INFO - Fetching USDT pairs from Binance Futures
2025-07-04 22:37:35,155 - INFO - Total markets fetched: 3746
2025-07-04 22:37:35,156 - INFO - Total USDT pairs after initial filtering: 402
2025-07-04 22:37:35,318 - INFO - [BTC/USDT] Volume check: 14,206,885,727.28
2025-07-04 22:37:35,815 - INFO - [ETH/USDT] Volume check: 12,553,089,763.25
2025-07-04 22:37:36,057 - INFO - [BNB/USDT] Volume check: 191,594,752.66
2025-07-04 22:37:36,313 - INFO - [NEO/USDT] Volume check: 9,654,226.87
2025-07-04 22:37:36,811 - INFO - [LTC/USDT] Volume check: 228,434,136.55
2025-07-04 22:37:37,315 - INFO - [QTUM/USDT] Volume check: 6,263,187.98
2025-07-04 22:37:37,821 - INFO - [ADA/USDT] Volume check: 317,381,453.19
2025-07-04 22:37:38,075 - INFO - [XRP/USDT] Volume check: 995,341,147.54
2025-07-04 22:37:38,576 - INFO - [TUSD/USDT] Volume check: 0.00
2025-07-04 22:37:38,818 - INFO - [IOTA/USDT] Volume check: 8,048,325.76
2025-07-04 22:37:39,063 - INFO - [XLM/USDT] Volume check: 41,167,872.86
2025-07-04 22:37:39,317 - INFO - [ONT/USDT] Volume check: 3,331,921.61
2025-07-04 22:37:39,833 - INFO - [TRX/USDT] Volume check: 79,810,563.35
2025-07-04 22:37:40,337 - INFO - [ETC/USDT] Volume check: 61,911,513.69
2025-07-04 22:37:40,839 - INFO - [ICX/USDT] Volume check: 4,255,044.22
2025-07-04 22:37:41,089 - INFO - [VET/USDT] Volume check: 11,792,085.14
2025-07-04 22:38:02,529 - INFO - Starting bot initialization
2025-07-04 22:38:02,529 - INFO - Initializing Binance Futures exchange
2025-07-04 22:38:02,541 - INFO - Testing Binance Futures API keys
2025-07-04 22:38:04,606 - INFO - API key test successful: BTC/USDT:USDT - 108181.6
2025-07-04 22:38:04,607 - INFO - Setting up Telegram bot
2025-07-04 22:38:05,376 - INFO - Telegram bot polling started
2025-07-04 22:38:05,376 - INFO - Attempting to fetch USDT pairs
2025-07-04 22:38:05,376 - INFO - Fetching USDT pairs from Binance Futures
2025-07-04 22:38:05,376 - INFO - Total markets fetched: 3746
2025-07-04 22:38:05,378 - INFO - Total USDT pairs after initial filtering: 402
2025-07-04 22:38:05,777 - INFO - [BTC/USDT] Volume check: 14,209,571,626.10
2025-07-04 22:38:06,022 - INFO - [ETH/USDT] Volume check: 12,553,481,010.19
2025-07-04 22:38:06,520 - INFO - [BNB/USDT] Volume check: 191,551,170.74
2025-07-04 22:38:07,021 - INFO - [NEO/USDT] Volume check: 9,655,894.06
2025-07-04 22:38:07,263 - INFO - [LTC/USDT] Volume check: 228,437,742.93
2025-07-04 22:38:07,510 - INFO - [QTUM/USDT] Volume check: 6,277,052.02
2025-07-04 22:38:07,752 - INFO - [ADA/USDT] Volume check: 317,486,619.12
2025-07-04 22:38:08,005 - INFO - [XRP/USDT] Volume check: 995,404,955.06
2025-07-04 22:38:08,251 - INFO - [TUSD/USDT] Volume check: 0.00
2025-07-04 22:38:08,772 - INFO - [IOTA/USDT] Volume check: 8,048,444.28
2025-07-04 22:38:09,276 - INFO - [XLM/USDT] Volume check: 41,170,544.96
2025-07-04 22:38:09,522 - INFO - [ONT/USDT] Volume check: 3,331,934.51
2025-07-04 22:38:10,026 - INFO - [TRX/USDT] Volume check: 79,804,502.81
2025-07-04 22:38:10,280 - INFO - [ETC/USDT] Volume check: 61,923,912.47
2025-07-04 22:38:10,524 - INFO - [ICX/USDT] Volume check: 4,254,416.41
2025-07-04 22:38:11,026 - INFO - [VET/USDT] Volume check: 11,792,176.58
2025-07-04 22:38:11,269 - INFO - [USDC/USDT] Volume check: 2,899,426.28
2025-07-04 22:38:11,764 - INFO - [LINK/USDT] Volume check: 231,757,114.96
2025-07-04 22:38:12,006 - INFO - [ONG/USDT] Volume check: 1,645,094.57
2025-07-04 22:38:12,248 - INFO - [HOT/USDT] Volume check: 3,362,477.64
2025-07-04 22:38:12,493 - INFO - [ZIL/USDT] Volume check: 7,905,280.34
2025-07-04 22:38:12,992 - INFO - [ZRX/USDT] Volume check: 6,819,124.42
2025-07-04 22:38:13,485 - INFO - [FET/USDT] Volume check: 71,106,516.31
2025-07-04 22:38:13,735 - INFO - [BAT/USDT] Volume check: 3,742,680.15
2025-07-04 22:38:14,230 - INFO - [ZEC/USDT] Volume check: 10,539,191.09
2025-07-04 22:38:14,731 - INFO - [IOST/USDT] Volume check: 2,651,293.92
2025-07-04 22:38:15,240 - INFO - [CELR/USDT] Volume check: 3,979,875.33
2025-07-04 22:38:15,490 - INFO - [DASH/USDT] Volume check: 2,822,214.28
2025-07-04 22:38:15,993 - INFO - [THETA/USDT] Volume check: 9,203,556.45
2025-07-04 22:38:16,237 - INFO - [ENJ/USDT] Volume check: 3,488,352.63
2025-07-04 22:38:16,728 - INFO - [ATOM/USDT] Volume check: 37,372,973.16
2025-07-04 22:38:16,969 - INFO - [TFUEL/USDT] Volume check: 0.00
2025-07-04 22:38:17,222 - INFO - [ONE/USDT] Volume check: 7,686,010.23
2025-07-04 22:38:17,720 - INFO - [ALGO/USDT] Volume check: 25,434,388.58
2025-07-04 22:38:18,220 - INFO - [DOGE/USDT] Volume check: 974,050,642.88
2025-07-04 22:38:18,464 - INFO - [DUSK/USDT] Volume check: 3,046,750.53
2025-07-04 22:38:18,710 - INFO - [ANKR/USDT] Volume check: 2,196,824.03
2025-07-04 22:38:19,208 - INFO - [WIN/USDT] Volume check: 0.00
2025-07-04 22:38:19,705 - INFO - [COS/USDT] Volume check: 1,026,056.60
2025-07-04 22:38:20,205 - INFO - [MTL/USDT] Volume check: 1,510,928.99
2025-07-04 22:38:20,459 - INFO - [DENT/USDT] Volume check: 2,168,218.64
2025-07-04 22:38:20,957 - INFO - [WAN/USDT] Volume check: 0.00
2025-07-04 22:38:21,459 - INFO - [CVC/USDT] Volume check: 957,469.06
2025-07-04 22:38:21,959 - INFO - [CHZ/USDT] Volume check: 17,393,918.46
2025-07-04 22:38:22,459 - INFO - [BAND/USDT] Volume check: 4,098,816.07
2025-07-04 22:38:22,962 - INFO - [XTZ/USDT] Volume check: 16,359,055.20
2025-07-04 22:38:23,204 - INFO - [RVN/USDT] Volume check: 14,407,390.74
2025-07-04 22:38:23,699 - INFO - [HBAR/USDT] Volume check: 57,687,658.19
2025-07-04 22:38:24,201 - INFO - [NKN/USDT] Volume check: 4,274,846.61
2025-07-04 22:38:24,706 - INFO - [STX/USDT] Volume check: 19,323,186.25
2025-07-04 22:38:25,201 - INFO - [KAVA/USDT] Volume check: 9,106,367.27
2025-07-04 22:38:25,446 - INFO - [ARPA/USDT] Volume check: 8,867,915.23
2025-07-04 22:38:25,687 - INFO - [IOTX/USDT] Volume check: 4,446,486.74
2025-07-04 22:38:25,931 - INFO - [RLC/USDT] Volume check: 2,102,895.17
2025-07-04 22:38:26,430 - INFO - [BCH/USDT] Volume check: 286,295,388.32
2025-07-04 22:38:26,680 - INFO - [FTT/USDT] Volume check: 0.00
2025-07-04 22:38:26,922 - INFO - [EUR/USDT] Volume check: 0.00
2025-07-04 22:38:27,172 - INFO - [OGN/USDT] Volume check: 3,898,442.41
2025-07-04 22:38:27,677 - INFO - [LSK/USDT] Volume check: 1,444,055.12
2025-07-04 22:38:27,925 - INFO - [BNT/USDT] Volume check: 1,701,999.48
2025-07-04 22:38:28,169 - INFO - [MBL/USDT] Volume check: 0.00
2025-07-04 22:38:28,415 - INFO - [COTI/USDT] Volume check: 3,496,288.93
2025-07-04 22:38:28,665 - INFO - [DATA/USDT] Volume check: 0.00
2025-07-04 22:38:28,907 - INFO - [SOL/USDT] Volume check: 2,625,235,178.30
2025-07-04 22:38:29,151 - INFO - [CTSI/USDT] Volume check: 2,113,892.45
2025-07-04 22:38:29,652 - INFO - [HIVE/USDT] Volume check: 2,170,420.37
2025-07-04 22:38:29,898 - INFO - [CHR/USDT] Volume check: 2,747,361.20
2025-07-04 22:38:30,395 - INFO - [ARDR/USDT] Volume check: 0.00
2025-07-04 22:38:30,901 - INFO - [MDT/USDT] Volume check: 13,059,404.43
2025-07-04 22:38:31,407 - INFO - [KNC/USDT] Volume check: 2,357,234.78
2025-07-04 22:38:31,906 - INFO - [LRC/USDT] Volume check: 5,411,028.19
2025-07-04 22:38:32,404 - INFO - [COMP/USDT] Volume check: 20,082,556.95
2025-07-04 22:38:32,909 - INFO - [SC/USDT] Volume check: 0.00
2025-07-04 22:38:33,166 - INFO - [ZEN/USDT] Volume check: 12,246,082.89
2025-07-04 22:38:33,670 - INFO - [SNX/USDT] Volume check: 6,788,711.41
2025-07-04 22:38:33,933 - INFO - [VTHO/USDT] Volume check: 1,205,880.56
2025-07-04 22:38:34,175 - INFO - [DGB/USDT] Volume check: 45,674,718.93
2025-07-04 22:38:34,676 - INFO - [SXP/USDT] Volume check: 16,325,291.74
2025-07-04 22:38:34,920 - INFO - [MKR/USDT] Volume check: 40,862,641.86
2025-07-04 22:38:35,425 - INFO - [DCR/USDT] Volume check: 0.00
2025-07-04 22:38:35,925 - INFO - [STORJ/USDT] Volume check: 4,025,593.98
2025-07-04 22:38:36,170 - INFO - [MANA/USDT] Volume check: 12,480,885.36
2025-07-04 22:38:36,672 - INFO - [YFI/USDT] Volume check: 4,715,854.10
2025-07-04 22:38:37,178 - INFO - [JST/USDT] Volume check: 1,665,374.38
2025-07-04 22:38:37,430 - INFO - [CRV/USDT] Volume check: 118,660,705.61
2025-07-04 22:38:37,930 - INFO - [SAND/USDT] Volume check: 22,749,526.16
2025-07-04 22:38:38,171 - INFO - [NMR/USDT] Volume check: 3,679,186.79
2025-07-04 22:38:38,414 - INFO - [DOT/USDT] Volume check: 165,266,316.31
2025-07-04 22:38:38,912 - INFO - [LUNA/USDT] Volume check: 0.00
2025-07-04 22:38:39,414 - INFO - [RSR/USDT] Volume check: 10,318,630.77
2025-07-04 22:38:39,912 - INFO - [PAXG/USDT] Volume check: 27,051,623.91
2025-07-04 22:38:40,159 - INFO - [TRB/USDT] Volume check: 35,899,343.43
2025-07-04 22:38:40,662 - INFO - [SUSHI/USDT] Volume check: 15,012,796.70
2025-07-04 22:38:40,907 - INFO - [KSM/USDT] Volume check: 4,098,325.50
2025-07-04 22:38:41,150 - INFO - [EGLD/USDT] Volume check: 6,047,881.77
2025-07-04 22:38:41,392 - INFO - [DIA/USDT] Volume check: 1,792,690.16
2025-07-04 22:38:41,642 - INFO - [RUNE/USDT] Volume check: 15,374,917.92
2025-07-04 22:38:42,147 - INFO - [FIO/USDT] Volume check: 1,876,717.39
2025-07-04 22:38:42,397 - INFO - [UMA/USDT] Volume check: 3,548,877.33
2025-07-04 22:38:42,641 - INFO - [BEL/USDT] Volume check: 10,464,625.86
2025-07-04 22:38:43,142 - INFO - [UNI/USDT] Volume check: 366,819,871.93
2025-07-04 22:38:43,386 - INFO - [OXT/USDT] Volume check: 1,143,376.16
2025-07-04 22:38:43,640 - INFO - [SUN/USDT] Volume check: 1,403,385.53
2025-07-04 22:38:43,886 - INFO - [AVAX/USDT] Volume check: 233,767,078.81
2025-07-04 22:38:44,386 - INFO - [FLM/USDT] Volume check: 8,056,684.07
2025-07-04 22:38:44,883 - INFO - [UTK/USDT] Volume check: 0.00
2025-07-04 22:38:45,384 - INFO - [XVS/USDT] Volume check: 1,085,421.16
2025-07-04 22:38:45,626 - INFO - [AAVE/USDT] Volume check: 286,399,174.42
2025-07-04 22:38:45,872 - INFO - [NEAR/USDT] Volume check: 110,358,321.38
2025-07-04 22:38:46,119 - INFO - [FIL/USDT] Volume check: 114,832,050.34
2025-07-04 22:38:46,370 - INFO - [INJ/USDT] Volume check: 74,175,444.75
2025-07-04 22:38:46,870 - INFO - [AUDIO/USDT] Volume check: 0.00
2025-07-04 22:38:47,114 - INFO - [CTK/USDT] Volume check: 10,229,310.50
2025-07-04 22:38:47,362 - INFO - [AXS/USDT] Volume check: 17,457,939.22
2025-07-04 22:38:47,863 - INFO - [STRAX/USDT] Volume check: 57,366,886.58
2025-07-04 22:38:48,366 - INFO - [ROSE/USDT] Volume check: 8,870,315.26
2025-07-04 22:38:48,865 - INFO - [AVA/USDT] Volume check: 2,062,117.64
2025-07-04 22:38:49,108 - INFO - [SKL/USDT] Volume check: 3,006,832.42
2025-07-04 22:38:49,627 - INFO - [GRT/USDT] Volume check: 11,605,287.92
2025-07-04 22:38:50,195 - INFO - [JUV/USDT] Volume check: 0.00
2025-07-04 22:38:50,696 - INFO - [PSG/USDT] Volume check: 0.00
2025-07-04 22:38:51,329 - INFO - [1INCH/USDT] Volume check: 5,473,207.69
2025-07-04 22:38:51,831 - INFO - [OG/USDT] Volume check: 1,940,099.23
2025-07-04 22:38:52,077 - INFO - [ATM/USDT] Volume check: 0.00
2025-07-04 22:38:52,317 - INFO - [ASR/USDT] Volume check: 2,706,466.97
2025-07-04 22:38:52,815 - INFO - [CELO/USDT] Volume check: 9,304,215.81
2025-07-04 22:38:53,057 - INFO - [RIF/USDT] Volume check: 998,797.25
2025-07-04 22:38:53,559 - INFO - [TRU/USDT] Volume check: 3,350,408.72
2025-07-04 22:38:54,056 - INFO - [CKB/USDT] Volume check: 3,068,021.63
2025-07-04 22:38:54,302 - INFO - [TWT/USDT] Volume check: 1,674,417.16
2025-07-04 22:38:54,550 - INFO - [SFP/USDT] Volume check: 2,136,607.92
2025-07-04 22:38:55,047 - INFO - [DODO/USDT] Volume check: 0.00
2025-07-04 22:38:55,554 - INFO - [CAKE/USDT] Volume check: 16,787,157.31
2025-07-04 22:38:55,796 - INFO - [ACM/USDT] Volume check: 0.00
2025-07-04 22:38:56,043 - INFO - [FIS/USDT] Volume check: 2,435,474.28
2025-07-04 22:38:56,287 - INFO - [OM/USDT] Volume check: 43,132,357.63
2025-07-04 22:38:56,538 - INFO - [POND/USDT] Volume check: 0.00
2025-07-04 22:38:56,784 - INFO - [DEGO/USDT] Volume check: 1,983,139.66
2025-07-04 22:38:57,286 - INFO - [ALICE/USDT] Volume check: 5,983,079.89
2025-07-04 22:38:57,784 - INFO - [PERP/USDT] Volume check: 2,089,398.71
2025-07-04 22:38:58,032 - INFO - [SUPER/USDT] Volume check: 6,196,370.96
2025-07-04 22:38:58,537 - INFO - [CFX/USDT] Volume check: 7,855,105.75
2025-07-04 22:38:59,035 - INFO - [TKO/USDT] Volume check: 0.00
2025-07-04 22:38:59,280 - INFO - [PUNDIX/USDT] Volume check: 14,922,172.85
2025-07-04 22:38:59,522 - INFO - [TLM/USDT] Volume check: 2,503,066.95
2025-07-04 22:38:59,764 - INFO - [BAR/USDT] Volume check: 0.00
2025-07-04 22:39:00,017 - INFO - [FORTH/USDT] Volume check: 817,903.98
2025-07-04 22:39:00,272 - INFO - [BAKE/USDT] Volume check: 6,759,065.16
2025-07-04 22:39:00,768 - INFO - [SLP/USDT] Volume check: 4,000,750.14
2025-07-04 22:39:01,010 - INFO - [SHIB/USDT] Volume check: 0.00
2025-07-04 22:39:01,508 - INFO - [ICP/USDT] Volume check: 26,171,967.21
2025-07-04 22:39:02,005 - INFO - [AR/USDT] Volume check: 14,441,334.08
2025-07-04 22:39:02,506 - INFO - [MASK/USDT] Volume check: 17,917,027.37
2025-07-04 22:39:02,759 - INFO - [LPT/USDT] Volume check: 33,668,034.37
2025-07-04 22:39:03,256 - INFO - [XVG/USDT] Volume check: 2,577,268.43
2025-07-04 22:39:03,754 - INFO - [ATA/USDT] Volume check: 14,192,253.12
2025-07-04 22:39:04,256 - INFO - [GTC/USDT] Volume check: 2,535,344.56
2025-07-04 22:39:04,515 - INFO - [PHA/USDT] Volume check: 1,878,476.08
2025-07-04 22:39:04,757 - INFO - [MLN/USDT] Volume check: 1,220,625.80
2025-07-04 22:39:05,250 - INFO - [DEXE/USDT] Volume check: 4,109,526.92
2025-07-04 22:39:05,502 - INFO - [C98/USDT] Volume check: 3,567,200.78
2025-07-04 22:39:06,002 - INFO - [QNT/USDT] Volume check: 5,468,823.72
2025-07-04 22:39:06,508 - INFO - [FLOW/USDT] Volume check: 10,772,183.94
2025-07-04 22:39:06,758 - INFO - [MINA/USDT] Volume check: 11,497,371.30
2025-07-04 22:39:07,011 - INFO - [RAY/USDT] Volume check: 0.00
2025-07-04 22:39:07,253 - INFO - [FARM/USDT] Volume check: 0.00
2025-07-04 22:39:07,499 - INFO - [QUICK/USDT] Volume check: 3,101,094.37
2025-07-04 22:39:08,006 - INFO - [MBOX/USDT] Volume check: 2,234,039.83
2025-07-04 22:39:08,253 - INFO - [REQ/USDT] Volume check: 0.00
2025-07-04 22:39:08,751 - INFO - [GHST/USDT] Volume check: 1,014,891.07
2025-07-04 22:39:08,997 - INFO - [WAXP/USDT] Volume check: 1,161,916.80
2025-07-04 22:39:09,239 - INFO - [GNO/USDT] Volume check: 0.00
2025-07-04 22:39:09,483 - INFO - [XEC/USDT] Volume check: 0.00
2025-07-04 22:39:09,980 - INFO - [DYDX/USDT] Volume check: 25,235,804.18
2025-07-04 22:39:10,485 - INFO - [IDEX/USDT] Volume check: 2,205,402.77
2025-07-04 22:39:10,739 - INFO - [USDP/USDT] Volume check: 0.00
2025-07-04 22:39:10,982 - INFO - [GALA/USDT] Volume check: 59,410,830.81
2025-07-04 22:39:11,267 - INFO - [ILV/USDT] Volume check: 2,357,297.44
2025-07-04 22:39:11,515 - INFO - [YGG/USDT] Volume check: 4,181,121.05
2025-07-04 22:39:11,761 - INFO - [SYS/USDT] Volume check: 957,352.04
2025-07-04 22:39:12,005 - INFO - [DF/USDT] Volume check: 3,460,164.71
2025-07-04 22:39:12,250 - INFO - [FIDA/USDT] Volume check: 12,331,798.33
2025-07-04 22:39:12,497 - INFO - [AGLD/USDT] Volume check: 4,552,576.63
2025-07-04 22:39:12,750 - INFO - [RAD/USDT] Volume check: 6,187,462.77
2025-07-04 22:39:12,990 - INFO - [RARE/USDT] Volume check: 4,672,291.82
2025-07-04 22:39:13,234 - INFO - [LAZIO/USDT] Volume check: 0.00
2025-07-04 22:39:13,479 - INFO - [CHESS/USDT] Volume check: 27,929,456.57
2025-07-04 22:39:13,730 - INFO - [ADX/USDT] Volume check: 0.00
2025-07-04 22:39:13,973 - INFO - [AUCTION/USDT] Volume check: 4,403,663.71
2025-07-04 22:39:14,216 - INFO - [MOVR/USDT] Volume check: 1,869,690.25
2025-07-04 22:39:14,457 - INFO - [CITY/USDT] Volume check: 0.00
2025-07-04 22:39:14,955 - INFO - [ENS/USDT] Volume check: 22,883,802.79
2025-07-04 22:39:15,450 - INFO - [QI/USDT] Volume check: 0.00
2025-07-04 22:39:15,695 - INFO - [PORTO/USDT] Volume check: 0.00
2025-07-04 22:39:15,941 - INFO - [POWR/USDT] Volume check: 1,207,661.96
2025-07-04 22:39:16,184 - INFO - [JASMY/USDT] Volume check: 11,497,843.42
2025-07-04 22:39:16,426 - INFO - [AMP/USDT] Volume check: 0.00
2025-07-04 22:39:16,669 - INFO - [PYR/USDT] Volume check: 0.00
2025-07-04 22:39:16,915 - INFO - [ALCX/USDT] Volume check: 0.00
2025-07-04 22:39:17,169 - INFO - [SANTOS/USDT] Volume check: 3,287,553.39
2025-07-04 22:39:17,411 - INFO - [BICO/USDT] Volume check: 1,755,802.90
2025-07-04 22:39:17,666 - INFO - [FLUX/USDT] Volume check: 1,706,762.68
2025-07-04 22:39:17,909 - INFO - [FXS/USDT] Volume check: 2,656,662.27
2025-07-04 22:39:18,410 - INFO - [VOXEL/USDT] Volume check: 13,470,827.41
2025-07-04 22:39:18,655 - INFO - [HIGH/USDT] Volume check: 3,150,407.53
2025-07-04 22:39:18,899 - INFO - [CVX/USDT] Volume check: 3,552,591.18
2025-07-04 22:39:19,144 - INFO - [PEOPLE/USDT] Volume check: 21,925,502.98
2025-07-04 22:39:19,398 - INFO - [SPELL/USDT] Volume check: 3,701,640.07
2025-07-04 22:39:19,642 - INFO - [JOE/USDT] Volume check: 1,893,917.28
2025-07-04 22:39:19,889 - INFO - [ACH/USDT] Volume check: 7,970,258.00
2025-07-04 22:39:20,147 - INFO - [IMX/USDT] Volume check: 11,330,238.61
2025-07-04 22:39:20,392 - INFO - [GLMR/USDT] Volume check: 6,498,856.25
2025-07-04 22:39:20,895 - INFO - [LOKA/USDT] Volume check: 41,746,799.57
2025-07-04 22:39:21,136 - INFO - [SCRT/USDT] Volume check: 723,038.86
2025-07-04 22:39:21,382 - INFO - [API3/USDT] Volume check: 4,872,082.76
2025-07-04 22:39:21,626 - INFO - [BTTC/USDT] Volume check: 0.00
2025-07-04 22:39:21,872 - INFO - [ACA/USDT] Volume check: 0.00
2025-07-04 22:39:22,117 - INFO - [XNO/USDT] Volume check: 0.00
2025-07-04 22:39:22,362 - INFO - [WOO/USDT] Volume check: 4,146,232.07
2025-07-04 22:39:22,862 - INFO - [ALPINE/USDT] Volume check: 970,738.32
2025-07-04 22:39:23,105 - INFO - [T/USDT] Volume check: 7,545,512.80
2025-07-04 22:39:23,599 - INFO - [ASTR/USDT] Volume check: 2,970,793.91
2025-07-04 22:39:23,845 - INFO - [GMT/USDT] Volume check: 11,896,236.88
2025-07-04 22:39:24,089 - INFO - [KDA/USDT] Volume check: 1,912,436.99
2025-07-04 22:39:24,333 - INFO - [APE/USDT] Volume check: 18,797,586.32
2025-07-04 22:39:24,584 - INFO - [BIFI/USDT] Volume check: 0.00
2025-07-04 22:39:25,083 - INFO - [STEEM/USDT] Volume check: 1,699,087.59
2025-07-04 22:39:25,585 - INFO - [NEXO/USDT] Volume check: 0.00
2025-07-04 22:39:25,832 - INFO - [REI/USDT] Volume check: 3,983,817.60
2025-07-04 22:39:26,079 - INFO - [LDO/USDT] Volume check: 45,179,884.29
2025-07-04 22:39:26,330 - INFO - [OP/USDT] Volume check: 93,206,129.66
2025-07-04 22:39:26,846 - INFO - [STG/USDT] Volume check: 1,957,475.92
2025-07-04 22:39:27,090 - INFO - [LUNC/USDT] Volume check: 0.00
2025-07-04 22:39:27,334 - INFO - [GMX/USDT] Volume check: 4,822,950.60
2025-07-04 22:39:27,831 - INFO - [POLYX/USDT] Volume check: 2,150,115.80
2025-07-04 22:39:28,082 - INFO - [APT/USDT] Volume check: 120,418,886.52
2025-07-04 22:39:28,326 - INFO - [OSMO/USDT] Volume check: 0.00
2025-07-04 22:39:28,577 - INFO - [HFT/USDT] Volume check: 114,180,741.87
2025-07-04 22:39:28,830 - INFO - [PHB/USDT] Volume check: 2,891,425.68
2025-07-04 22:39:29,082 - INFO - [HOOK/USDT] Volume check: 22,552,355.11
2025-07-04 22:39:29,332 - INFO - [MAGIC/USDT] Volume check: 11,227,291.80
2025-07-04 22:39:29,832 - INFO - [HIFI/USDT] Volume check: 34,834,265.41
2025-07-04 22:39:30,080 - INFO - [RPL/USDT] Volume check: 4,339,872.81
2025-07-04 22:39:30,336 - INFO - [GNS/USDT] Volume check: 0.00
2025-07-04 22:39:30,584 - INFO - [SYN/USDT] Volume check: 2,234,488.21
2025-07-04 22:39:30,825 - INFO - [SSV/USDT] Volume check: 7,611,262.62
2025-07-04 22:39:31,076 - INFO - [LQTY/USDT] Volume check: 23,436,003.30
2025-07-04 22:39:31,320 - INFO - [USTC/USDT] Volume check: 2,396,659.74
2025-07-04 22:39:31,566 - INFO - [GAS/USDT] Volume check: 4,376,934.40
2025-07-04 22:39:31,816 - INFO - [GLM/USDT] Volume check: 9,905,762.50
2025-07-04 22:39:32,067 - INFO - [PROM/USDT] Volume check: 14,246,849.52
2025-07-04 22:39:32,311 - INFO - [QKC/USDT] Volume check: 0.00
2025-07-04 22:39:32,555 - INFO - [ID/USDT] Volume check: 4,516,017.32
2025-07-04 22:39:32,798 - INFO - [ARB/USDT] Volume check: 166,301,958.13
2025-07-04 22:39:33,044 - INFO - [RDNT/USDT] Volume check: 3,171,261.93
2025-07-04 22:39:33,288 - INFO - [WBTC/USDT] Volume check: 0.00
2025-07-04 22:39:33,549 - INFO - [EDU/USDT] Volume check: 2,004,223.55
2025-07-04 22:39:33,803 - INFO - [SUI/USDT] Volume check: 577,890,725.56
2025-07-04 22:39:34,045 - INFO - [PEPE/USDT] Volume check: 0.00
2025-07-04 22:39:34,291 - INFO - [FLOKI/USDT] Volume check: 0.00
2025-07-04 22:39:34,543 - INFO - [MAV/USDT] Volume check: 15,368,782.44
2025-07-04 22:39:34,787 - INFO - [PENDLE/USDT] Volume check: 28,415,429.23
2025-07-04 22:39:35,030 - INFO - [ARKM/USDT] Volume check: 13,176,278.64
2025-07-04 22:39:35,288 - INFO - [WBETH/USDT] Volume check: 0.00
2025-07-04 22:39:35,534 - INFO - [WLD/USDT] Volume check: 106,941,978.61
2025-07-04 22:39:35,779 - INFO - [FDUSD/USDT] Volume check: 0.00
2025-07-04 22:39:36,019 - INFO - [SEI/USDT] Volume check: 160,072,983.35
2025-07-04 22:39:36,262 - INFO - [CYBER/USDT] Volume check: 2,974,999.93
2025-07-04 22:39:36,514 - INFO - [ARK/USDT] Volume check: 98,151,481.99
2025-07-04 22:39:36,765 - INFO - [IQ/USDT] Volume check: 0.00
2025-07-04 22:39:37,012 - INFO - [NTRN/USDT] Volume check: 1,654,895.51
2025-07-04 22:39:37,273 - INFO - [TIA/USDT] Volume check: 158,867,736.71
2025-07-04 22:39:37,778 - INFO - [MEME/USDT] Volume check: 11,668,399.42
2025-07-04 22:39:38,285 - INFO - [ORDI/USDT] Volume check: 52,408,091.67
2025-07-04 22:39:38,536 - INFO - [BEAMX/USDT] Volume check: 10,432,072.99
2025-07-04 22:39:38,778 - INFO - [PIVX/USDT] Volume check: 0.00
2025-07-04 22:39:39,024 - INFO - [VIC/USDT] Volume check: 1,060,292.90
2025-07-04 22:39:39,517 - INFO - [BLUR/USDT] Volume check: 5,233,074.97
2025-07-04 22:39:39,763 - INFO - [VANRY/USDT] Volume check: 3,833,067.40
2025-07-04 22:39:40,261 - INFO - [AEUR/USDT] Volume check: 0.00
2025-07-04 22:39:40,506 - INFO - [JTO/USDT] Volume check: 25,544,837.74
2025-07-04 22:39:41,012 - INFO - [1000SATS/USDT] Volume check: 22,853,666.66
2025-07-04 22:39:41,514 - INFO - [BONK/USDT] Volume check: 0.00
2025-07-04 22:39:41,761 - INFO - [ACE/USDT] Volume check: 2,650,962.49
2025-07-04 22:39:42,011 - INFO - [NFP/USDT] Volume check: 2,610,242.32
2025-07-04 22:39:42,254 - INFO - [AI/USDT] Volume check: 4,003,630.64
2025-07-04 22:39:42,499 - INFO - [XAI/USDT] Volume check: 8,887,884.67
2025-07-04 22:39:42,750 - INFO - [MANTA/USDT] Volume check: 9,279,618.62
2025-07-04 22:39:43,012 - INFO - [ALT/USDT] Volume check: 8,318,761.37
2025-07-04 22:39:43,257 - INFO - [JUP/USDT] Volume check: 43,039,485.72
2025-07-04 22:39:43,504 - INFO - [PYTH/USDT] Volume check: 17,429,106.33
2025-07-04 22:39:43,757 - INFO - [RONIN/USDT] Volume check: 23,663,342.13
2025-07-04 22:39:44,009 - INFO - [DYM/USDT] Volume check: 4,022,904.62
2025-07-04 22:39:44,257 - INFO - [PIXEL/USDT] Volume check: 16,058,382.93
2025-07-04 22:39:44,517 - INFO - [STRK/USDT] Volume check: 11,189,183.08
2025-07-04 22:39:45,016 - INFO - [PORTAL/USDT] Volume check: 68,811,972.13
2025-07-04 22:39:45,260 - INFO - [AXL/USDT] Volume check: 5,204,196.73
2025-07-04 22:39:45,505 - INFO - [METIS/USDT] Volume check: 3,945,245.63
2025-07-04 22:39:45,749 - INFO - [AEVO/USDT] Volume check: 4,527,449.55
2025-07-04 22:39:45,993 - INFO - [BOME/USDT] Volume check: 32,943,951.28
2025-07-04 22:39:46,239 - INFO - [ETHFI/USDT] Volume check: 67,935,480.13
2025-07-04 22:39:46,482 - INFO - [ENA/USDT] Volume check: 219,386,250.85
2025-07-04 22:39:46,724 - INFO - [W/USDT] Volume check: 23,320,122.16
2025-07-04 22:39:46,966 - INFO - [TNSR/USDT] Volume check: 9,569,740.11
2025-07-04 22:39:47,210 - INFO - [SAGA/USDT] Volume check: 8,018,312.10
2025-07-04 22:39:47,455 - INFO - [TAO/USDT] Volume check: 93,819,572.59
2025-07-04 22:39:47,698 - INFO - [OMNI/USDT] Volume check: 7,618,669.10
2025-07-04 22:39:48,207 - INFO - [REZ/USDT] Volume check: 5,893,907.89
2025-07-04 22:39:48,460 - INFO - [BB/USDT] Volume check: 6,216,085.74
2025-07-04 22:39:48,704 - INFO - [NOT/USDT] Volume check: 12,416,617.77
2025-07-04 22:39:48,946 - INFO - [IO/USDT] Volume check: 11,047,512.14
2025-07-04 22:39:49,191 - INFO - [ZK/USDT] Volume check: 9,932,198.04
2025-07-04 22:39:49,449 - INFO - [LISTA/USDT] Volume check: 11,614,191.40
2025-07-04 22:39:49,946 - INFO - [ZRO/USDT] Volume check: 19,381,073.27
2025-07-04 22:39:50,189 - INFO - [G/USDT] Volume check: 8,390,993.38
2025-07-04 22:39:50,434 - INFO - [BANANA/USDT] Volume check: 4,445,023.19
2025-07-04 22:39:50,677 - INFO - [RENDER/USDT] Volume check: 22,555,119.67
2025-07-04 22:39:50,923 - INFO - [TON/USDT] Volume check: 47,171,171.67
2025-07-04 22:39:51,168 - INFO - [DOGS/USDT] Volume check: 10,500,256.41
2025-07-04 22:39:51,412 - INFO - [EURI/USDT] Volume check: 0.00
2025-07-04 22:39:51,916 - INFO - [SLF/USDT] Volume check: 0.00
2025-07-04 22:39:52,165 - INFO - [POL/USDT] Volume check: 19,007,515.68
2025-07-04 22:39:52,408 - INFO - [TURBO/USDT] Volume check: 26,451,175.19
2025-07-04 22:39:52,651 - INFO - [1MBABYDOGE/USDT] Volume check: 7,417,739.63
2025-07-04 22:39:52,896 - INFO - [CATI/USDT] Volume check: 3,710,123.30
2025-07-04 22:39:53,405 - INFO - [HMSTR/USDT] Volume check: 5,707,469.26
2025-07-04 22:39:53,902 - INFO - [EIGEN/USDT] Volume check: 35,052,700.00
2025-07-04 22:39:54,146 - INFO - [SCR/USDT] Volume check: 10,062,560.06
2025-07-04 22:39:54,389 - INFO - [BNSOL/USDT] Volume check: 0.00
2025-07-04 22:39:54,630 - INFO - [LUMIA/USDT] Volume check: 2,144,019.04
2025-07-04 22:39:54,880 - INFO - [KAIA/USDT] Volume check: 23,143,542.27
2025-07-04 22:39:55,123 - INFO - [COW/USDT] Volume check: 9,149,113.26
2025-07-04 22:39:55,365 - INFO - [CETUS/USDT] Volume check: 5,338,356.98
2025-07-04 22:39:55,870 - INFO - [ACT/USDT] Volume check: 8,826,358.53
2025-07-04 22:39:56,115 - INFO - [USUAL/USDT] Volume check: 18,907,775.05
2025-07-04 22:39:56,369 - INFO - [THE/USDT] Volume check: 6,260,026.77
2025-07-04 22:39:56,621 - INFO - [ACX/USDT] Volume check: 1,396,112.44
2025-07-04 22:39:56,874 - INFO - [ORCA/USDT] Volume check: 7,257,269.43
2025-07-04 22:39:57,125 - INFO - [MOVE/USDT] Volume check: 34,825,795.88
2025-07-04 22:39:57,373 - INFO - [ME/USDT] Volume check: 5,317,124.96
2025-07-04 22:39:57,618 - INFO - [VELODROME/USDT] Volume check: 1,256,245.42
2025-07-04 22:39:58,118 - INFO - [VANA/USDT] Volume check: 6,156,544.01
2025-07-04 22:39:58,364 - INFO - [1000CAT/USDT] Volume check: 5,946,957.35
2025-07-04 22:39:58,621 - INFO - [PENGU/USDT] Volume check: 417,103,553.71
2025-07-04 22:39:58,873 - INFO - [BIO/USDT] Volume check: 6,745,693.75
2025-07-04 22:39:59,120 - INFO - [D/USDT] Volume check: 14,049,714.35
2025-07-04 22:39:59,368 - INFO - [AIXBT/USDT] Volume check: 27,439,874.98
2025-07-04 22:39:59,867 - INFO - [CGPT/USDT] Volume check: 2,630,709.66
2025-07-04 22:40:00,111 - INFO - [COOKIE/USDT] Volume check: 21,006,110.99
2025-07-04 22:40:00,359 - INFO - [S/USDT] Volume check: 31,302,631.68
2025-07-04 22:40:00,601 - INFO - [SOLV/USDT] Volume check: 4,499,819.90
2025-07-04 22:40:00,855 - INFO - [TRUMP/USDT] Volume check: 214,813,257.28
2025-07-04 22:40:01,099 - INFO - [ANIME/USDT] Volume check: 10,725,152.91
2025-07-04 22:40:01,599 - INFO - [BERA/USDT] Volume check: 13,618,843.87
2025-07-04 22:40:02,099 - INFO - [1000CHEEMS/USDT] Volume check: 3,140,934.91
2025-07-04 22:40:02,343 - INFO - [TST/USDT] Volume check: 1,817,808.63
2025-07-04 22:40:02,589 - INFO - [LAYER/USDT] Volume check: 18,086,438.18
2025-07-04 22:40:02,832 - INFO - [HEI/USDT] Volume check: 1,657,190.13
2025-07-04 22:40:03,083 - INFO - [KAITO/USDT] Volume check: 40,747,750.79
2025-07-04 22:40:03,328 - INFO - [SHELL/USDT] Volume check: 2,535,689.88
2025-07-04 22:40:03,572 - INFO - [RED/USDT] Volume check: 2,503,061.46
2025-07-04 22:40:03,814 - INFO - [GPS/USDT] Volume check: 4,309,106.90
2025-07-04 22:40:04,057 - INFO - [EPIC/USDT] Volume check: 7,699,678.00
2025-07-04 22:40:04,312 - INFO - [BMT/USDT] Volume check: 9,120,924.69
2025-07-04 22:40:04,556 - INFO - [FORM/USDT] Volume check: 6,511,747.57
2025-07-04 22:40:04,808 - INFO - [XUSD/USDT] Volume check: 0.00
2025-07-04 22:40:05,052 - INFO - [NIL/USDT] Volume check: 3,126,921.53
2025-07-04 22:40:05,299 - INFO - [PARTI/USDT] Volume check: 33,009,485.66
2025-07-04 22:40:05,552 - INFO - [MUBARAK/USDT] Volume check: 25,206,755.90
2025-07-04 22:40:05,810 - INFO - [TUT/USDT] Volume check: 13,999,046.44
2025-07-04 22:40:06,061 - INFO - [BROCCOLI714/USDT] Volume check: 56,134,633.57
2025-07-04 22:40:06,305 - INFO - [BANANAS31/USDT] Volume check: 89,893,574.56
2025-07-04 22:40:06,585 - INFO - [GUN/USDT] Volume check: 94,937,434.21
2025-07-04 22:40:07,090 - INFO - [BABY/USDT] Volume check: 5,729,261.61
2025-07-04 22:40:07,332 - INFO - [ONDO/USDT] Volume check: 111,741,071.70
2025-07-04 22:40:07,592 - INFO - [BIGTIME/USDT] Volume check: 5,657,329.45
2025-07-04 22:40:07,843 - INFO - [KERNEL/USDT] Volume check: 4,287,030.70
2025-07-04 22:40:08,084 - INFO - [WCT/USDT] Volume check: 18,886,940.20
2025-07-04 22:40:08,587 - INFO - [HYPER/USDT] Volume check: 4,228,119.69
2025-07-04 22:40:08,834 - INFO - [INIT/USDT] Volume check: 21,267,387.59
2025-07-04 22:40:09,333 - INFO - [SIGN/USDT] Volume check: 6,741,910.15
2025-07-04 22:40:09,580 - INFO - [STO/USDT] Volume check: 5,634,059.22
2025-07-04 22:40:10,084 - INFO - [KMNO/USDT] Volume check: 3,264,527.75
2025-07-04 22:40:10,337 - INFO - [SXT/USDT] Volume check: 9,722,131.93
2025-07-04 22:40:10,835 - INFO - [NXPC/USDT] Volume check: 25,000,712.65
2025-07-04 22:40:11,078 - INFO - [AWE/USDT] Volume check: 26,902,846.92
2025-07-04 22:40:11,324 - INFO - [HAEDAL/USDT] Volume check: 14,400,979.23
2025-07-04 22:40:11,566 - INFO - [USD1/USDT] Volume check: 0.00
2025-07-04 22:40:11,822 - INFO - [HUMA/USDT] Volume check: 27,164,697.19
2025-07-04 22:40:12,073 - INFO - [A/USDT] Volume check: 6,934,912.70
2025-07-04 22:40:12,327 - INFO - [SOPH/USDT] Volume check: 27,408,483.85
2025-07-04 22:40:12,825 - INFO - [RESOLV/USDT] Volume check: 47,472,784.73
2025-07-04 22:40:13,071 - INFO - [HOME/USDT] Volume check: 13,652,012.28
2025-07-04 22:40:13,571 - INFO - [SPK/USDT] Volume check: 49,313,287.95
2025-07-04 22:40:13,671 - INFO - Selected top 30 USDT pairs with volume > $500,000: ['BTC/USDT', 'ETH/USDT', 'SOL/USDT', 'XRP/USDT', 'DOGE/USDT', 'SUI/USDT', 'PENGU/USDT', 'UNI/USDT', 'ADA/USDT', 'AAVE/USDT', 'BCH/USDT', 'AVAX/USDT', 'LINK/USDT', 'LTC/USDT', 'ENA/USDT', 'TRUMP/USDT', 'BNB/USDT', 'ARB/USDT', 'DOT/USDT', 'SEI/USDT', 'TIA/USDT', 'APT/USDT', 'CRV/USDT', 'FIL/USDT', 'HFT/USDT', 'ONDO/USDT', 'NEAR/USDT', 'WLD/USDT', 'ARK/USDT', 'GUN/USDT']
2025-07-04 22:40:13,672 - INFO - Starting scan cycle for 30 symbols
2025-07-04 22:40:13,672 - INFO - [BTC/USDT] Scanning for signal
2025-07-04 22:40:14,071 - INFO - [BTC/USDT] Volume check: 14,214,623,489.18
2025-07-04 22:40:14,071 - INFO - [ETH/USDT] Scanning for signal
2025-07-04 22:40:14,471 - INFO - [ETH/USDT] Volume check: 12,565,287,968.95
2025-07-04 22:40:14,472 - INFO - [SOL/USDT] Scanning for signal
2025-07-04 22:40:14,615 - INFO - [SOL/USDT] Volume check: 2,627,696,749.52
2025-07-04 22:40:14,615 - INFO - [XRP/USDT] Scanning for signal
2025-07-04 22:40:14,767 - INFO - [XRP/USDT] Volume check: 993,703,739.46
2025-07-04 22:40:14,768 - INFO - [DOGE/USDT] Scanning for signal
2025-07-04 22:40:14,915 - INFO - [DOGE/USDT] Volume check: 975,215,006.38
2025-07-04 22:40:14,916 - INFO - [SUI/USDT] Scanning for signal
2025-07-04 22:40:15,316 - INFO - [SUI/USDT] Volume check: 578,443,472.91
2025-07-04 22:40:15,316 - INFO - [PENGU/USDT] Scanning for signal
2025-07-04 22:40:15,456 - INFO - [PENGU/USDT] Volume check: 417,169,406.16
2025-07-04 22:40:15,457 - INFO - [UNI/USDT] Scanning for signal
2025-07-04 22:40:15,600 - INFO - [UNI/USDT] Volume check: 366,924,362.48
2025-07-04 22:40:15,601 - INFO - [ADA/USDT] Scanning for signal
2025-07-04 22:40:15,752 - INFO - [ADA/USDT] Volume check: 317,721,991.99
2025-07-04 22:40:15,752 - INFO - [AAVE/USDT] Scanning for signal
2025-07-04 22:40:15,896 - INFO - [AAVE/USDT] Volume check: 286,762,239.77
2025-07-04 22:40:15,896 - INFO - [BCH/USDT] Scanning for signal
2025-07-04 22:40:16,036 - INFO - [BCH/USDT] Volume check: 286,360,646.62
2025-07-04 22:40:16,036 - INFO - [AVAX/USDT] Scanning for signal
2025-07-04 22:40:16,179 - INFO - [AVAX/USDT] Volume check: 233,827,404.02
2025-07-04 22:40:16,179 - INFO - [LINK/USDT] Scanning for signal
2025-07-04 22:40:16,337 - INFO - [LINK/USDT] Volume check: 232,220,944.15
2025-07-04 22:40:16,337 - INFO - [LTC/USDT] Scanning for signal
2025-07-04 22:40:16,480 - INFO - [LTC/USDT] Volume check: 228,533,572.65
2025-07-04 22:40:16,480 - INFO - [ENA/USDT] Scanning for signal
2025-07-04 22:40:16,624 - INFO - [ENA/USDT] Volume check: 219,402,113.12
2025-07-04 22:40:16,624 - INFO - [TRUMP/USDT] Scanning for signal
2025-07-04 22:40:16,769 - INFO - [TRUMP/USDT] Volume check: 214,781,847.16
2025-07-04 22:40:16,769 - INFO - [BNB/USDT] Scanning for signal
2025-07-04 22:40:16,913 - INFO - [BNB/USDT] Volume check: 191,632,522.44
2025-07-04 22:40:16,914 - INFO - [ARB/USDT] Scanning for signal
2025-07-04 22:40:17,307 - INFO - [ARB/USDT] Volume check: 166,603,983.86
2025-07-04 22:40:17,308 - INFO - [DOT/USDT] Scanning for signal
2025-07-04 22:40:17,450 - INFO - [DOT/USDT] Volume check: 165,299,361.40
2025-07-04 22:40:17,451 - INFO - [SEI/USDT] Scanning for signal
2025-07-04 22:40:17,591 - INFO - [SEI/USDT] Volume check: 159,909,604.09
2025-07-04 22:40:17,592 - INFO - [TIA/USDT] Scanning for signal
2025-07-04 22:40:17,744 - INFO - [TIA/USDT] Volume check: 158,853,392.72
2025-07-04 22:40:17,745 - INFO - [APT/USDT] Scanning for signal
2025-07-04 22:40:18,145 - INFO - [APT/USDT] Volume check: 120,426,071.92
2025-07-04 22:40:18,146 - INFO - [CRV/USDT] Scanning for signal
2025-07-04 22:40:18,290 - INFO - [CRV/USDT] Volume check: 118,552,541.75
2025-07-04 22:40:18,290 - INFO - [FIL/USDT] Scanning for signal
2025-07-04 22:40:18,435 - INFO - [FIL/USDT] Volume check: 114,868,702.43
2025-07-04 22:40:18,435 - INFO - [HFT/USDT] Scanning for signal
2025-07-04 22:40:18,583 - INFO - [HFT/USDT] Volume check: 114,130,120.93
2025-07-04 22:40:18,584 - INFO - [ONDO/USDT] Scanning for signal
2025-07-04 22:40:18,987 - INFO - [ONDO/USDT] Volume check: 111,744,064.42
2025-07-04 22:40:18,987 - INFO - [NEAR/USDT] Scanning for signal
2025-07-04 22:40:19,130 - INFO - [NEAR/USDT] Volume check: 110,420,937.28
2025-07-04 22:40:19,131 - INFO - [WLD/USDT] Scanning for signal
2025-07-04 22:40:19,538 - INFO - [WLD/USDT] Volume check: 106,952,085.83
2025-07-04 22:40:19,538 - INFO - [ARK/USDT] Scanning for signal
2025-07-04 22:40:19,681 - INFO - [ARK/USDT] Volume check: 98,193,729.04
2025-07-04 22:40:19,681 - INFO - [GUN/USDT] Scanning for signal
2025-07-04 22:40:19,826 - INFO - [GUN/USDT] Volume check: 94,896,501.60
2025-07-04 22:40:29,978 - INFO - DataFrame validated successfully
2025-07-04 22:40:29,978 - INFO - [XRP/USDT] Fetched 50 candles for 15m
2025-07-04 22:40:29,979 - INFO - DataFrame validated successfully
2025-07-04 22:40:29,980 - INFO - [BTC/USDT] Fetched 50 candles for 15m
2025-07-04 22:40:29,991 - INFO - DataFrame validated successfully
2025-07-04 22:40:29,991 - INFO - [ETH/USDT] Fetched 50 candles for 15m
2025-07-04 22:40:30,110 - INFO - DataFrame validated successfully
2025-07-04 22:40:30,110 - INFO - [DOGE/USDT] Fetched 50 candles for 15m
2025-07-04 22:40:30,114 - INFO - DataFrame validated successfully
2025-07-04 22:40:30,114 - INFO - [SOL/USDT] Fetched 50 candles for 15m
2025-07-04 22:40:30,117 - INFO - DataFrame validated successfully
2025-07-04 22:40:30,117 - INFO - [UNI/USDT] Fetched 50 candles for 15m
2025-07-04 22:40:30,120 - INFO - DataFrame validated successfully
2025-07-04 22:40:30,120 - INFO - [SUI/USDT] Fetched 50 candles for 15m
2025-07-04 22:40:30,133 - INFO - DataFrame validated successfully
2025-07-04 22:40:30,133 - INFO - [PENGU/USDT] Fetched 50 candles for 15m
2025-07-04 22:40:31,804 - INFO - Candle patterns identified successfully
2025-07-04 22:40:31,804 - WARNING - [XRP/USDT] Missing required indicators for 15m
2025-07-04 22:40:31,868 - INFO - Candle patterns identified successfully
2025-07-04 22:40:31,868 - WARNING - [BTC/USDT] Missing required indicators for 15m
2025-07-04 22:40:31,959 - INFO - Candle patterns identified successfully
2025-07-04 22:40:31,959 - WARNING - [ETH/USDT] Missing required indicators for 15m
2025-07-04 22:40:32,087 - INFO - Candle patterns identified successfully
2025-07-04 22:40:32,087 - WARNING - [DOGE/USDT] Missing required indicators for 15m
2025-07-04 22:40:32,153 - INFO - Candle patterns identified successfully
2025-07-04 22:40:32,153 - WARNING - [SOL/USDT] Missing required indicators for 15m
2025-07-04 22:40:32,240 - INFO - Candle patterns identified successfully
2025-07-04 22:40:32,240 - WARNING - [UNI/USDT] Missing required indicators for 15m
2025-07-04 22:40:32,313 - INFO - Candle patterns identified successfully
2025-07-04 22:40:32,313 - WARNING - [SUI/USDT] Missing required indicators for 15m
2025-07-04 22:40:32,398 - INFO - Candle patterns identified successfully
2025-07-04 22:40:32,399 - WARNING - [PENGU/USDT] Missing required indicators for 15m
2025-07-04 22:40:40,273 - INFO - DataFrame validated successfully
2025-07-04 22:40:40,274 - INFO - [BCH/USDT] Fetched 50 candles for 15m
2025-07-04 22:40:40,275 - INFO - DataFrame validated successfully
2025-07-04 22:40:40,275 - INFO - [AAVE/USDT] Fetched 50 candles for 15m
2025-07-04 22:40:40,277 - INFO - DataFrame validated successfully
2025-07-04 22:40:40,277 - INFO - [ADA/USDT] Fetched 50 candles for 15m
2025-07-04 22:40:40,442 - INFO - DataFrame validated successfully
2025-07-04 22:40:40,442 - INFO - [LTC/USDT] Fetched 50 candles for 15m
2025-07-04 22:40:40,443 - INFO - DataFrame validated successfully
2025-07-04 22:40:40,444 - INFO - [AVAX/USDT] Fetched 50 candles for 15m
2025-07-04 22:40:40,445 - INFO - DataFrame validated successfully
2025-07-04 22:40:40,445 - INFO - [LINK/USDT] Fetched 50 candles for 15m
2025-07-04 22:40:41,075 - INFO - DataFrame validated successfully
2025-07-04 22:40:41,075 - INFO - [BNB/USDT] Fetched 50 candles for 15m
2025-07-04 22:40:41,077 - INFO - DataFrame validated successfully
2025-07-04 22:40:41,077 - INFO - [TRUMP/USDT] Fetched 50 candles for 15m
2025-07-04 22:40:41,079 - INFO - DataFrame validated successfully
2025-07-04 22:40:41,079 - INFO - [DOT/USDT] Fetched 50 candles for 15m
2025-07-04 22:40:41,081 - INFO - DataFrame validated successfully
2025-07-04 22:40:41,081 - INFO - [ENA/USDT] Fetched 50 candles for 15m
2025-07-04 22:40:41,086 - INFO - DataFrame validated successfully
2025-07-04 22:40:41,086 - INFO - [ARB/USDT] Fetched 50 candles for 15m
2025-07-04 22:40:41,149 - INFO - Candle patterns identified successfully
2025-07-04 22:40:41,149 - WARNING - [BCH/USDT] Missing required indicators for 15m
2025-07-04 22:40:41,220 - INFO - Candle patterns identified successfully
2025-07-04 22:40:41,220 - WARNING - [AAVE/USDT] Missing required indicators for 15m
2025-07-04 22:40:41,404 - INFO - Candle patterns identified successfully
2025-07-04 22:40:41,404 - WARNING - [ADA/USDT] Missing required indicators for 15m
2025-07-04 22:40:50,772 - INFO - Candle patterns identified successfully
2025-07-04 22:40:50,773 - WARNING - [LTC/USDT] Missing required indicators for 15m
2025-07-04 22:40:50,846 - INFO - Candle patterns identified successfully
2025-07-04 22:40:50,846 - WARNING - [AVAX/USDT] Missing required indicators for 15m
2025-07-04 22:40:50,921 - INFO - Candle patterns identified successfully
2025-07-04 22:40:50,921 - WARNING - [LINK/USDT] Missing required indicators for 15m
2025-07-04 22:40:51,060 - INFO - DataFrame validated successfully
2025-07-04 22:40:51,060 - INFO - [TIA/USDT] Fetched 50 candles for 15m
2025-07-04 22:40:51,062 - INFO - DataFrame validated successfully
2025-07-04 22:40:51,062 - INFO - [CRV/USDT] Fetched 50 candles for 15m
2025-07-04 22:40:51,067 - INFO - DataFrame validated successfully
2025-07-04 22:40:51,067 - INFO - [APT/USDT] Fetched 50 candles for 15m
2025-07-04 22:40:51,070 - INFO - DataFrame validated successfully
2025-07-04 22:40:51,070 - INFO - [SEI/USDT] Fetched 50 candles for 15m
2025-07-04 22:40:51,108 - INFO - DataFrame validated successfully
2025-07-04 22:40:51,108 - INFO - [NEAR/USDT] Fetched 50 candles for 15m
2025-07-04 22:40:51,111 - INFO - DataFrame validated successfully
2025-07-04 22:40:51,111 - INFO - [GUN/USDT] Fetched 50 candles for 15m
2025-07-04 22:40:51,114 - INFO - DataFrame validated successfully
2025-07-04 22:40:51,115 - INFO - [WLD/USDT] Fetched 50 candles for 15m
2025-07-04 22:40:51,116 - INFO - DataFrame validated successfully
2025-07-04 22:40:51,117 - INFO - [HFT/USDT] Fetched 50 candles for 15m
2025-07-04 22:40:51,118 - INFO - DataFrame validated successfully
2025-07-04 22:40:51,118 - INFO - [ARK/USDT] Fetched 50 candles for 15m
2025-07-04 22:40:51,120 - INFO - DataFrame validated successfully
2025-07-04 22:40:51,120 - INFO - [FIL/USDT] Fetched 50 candles for 15m
2025-07-04 22:40:51,122 - INFO - DataFrame validated successfully
2025-07-04 22:40:51,122 - INFO - [ONDO/USDT] Fetched 50 candles for 15m
2025-07-04 22:40:51,238 - INFO - Candle patterns identified successfully
2025-07-04 22:40:51,238 - WARNING - [BNB/USDT] Missing required indicators for 15m
2025-07-04 22:40:51,308 - INFO - Candle patterns identified successfully
2025-07-04 22:40:51,308 - WARNING - [TRUMP/USDT] Missing required indicators for 15m
2025-07-04 22:40:51,403 - INFO - Candle patterns identified successfully
2025-07-04 22:40:51,403 - WARNING - [DOT/USDT] Missing required indicators for 15m
2025-07-04 22:40:51,505 - INFO - Candle patterns identified successfully
2025-07-04 22:40:51,505 - WARNING - [ENA/USDT] Missing required indicators for 15m
2025-07-04 22:40:51,564 - INFO - Candle patterns identified successfully
2025-07-04 22:40:51,564 - WARNING - [ARB/USDT] Missing required indicators for 15m
2025-07-04 22:40:51,645 - INFO - Candle patterns identified successfully
2025-07-04 22:40:51,645 - WARNING - [TIA/USDT] Missing required indicators for 15m
2025-07-04 22:40:51,716 - INFO - Candle patterns identified successfully
2025-07-04 22:40:51,716 - WARNING - [CRV/USDT] Missing required indicators for 15m
2025-07-04 22:40:51,801 - INFO - Candle patterns identified successfully
2025-07-04 22:40:51,801 - WARNING - [APT/USDT] Missing required indicators for 15m
2025-07-04 22:40:51,864 - INFO - Candle patterns identified successfully
2025-07-04 22:40:51,865 - WARNING - [SEI/USDT] Missing required indicators for 15m
2025-07-04 22:40:51,944 - INFO - Candle patterns identified successfully
2025-07-04 22:40:51,944 - WARNING - [NEAR/USDT] Missing required indicators for 15m
2025-07-04 22:40:52,014 - INFO - Candle patterns identified successfully
2025-07-04 22:40:52,014 - WARNING - [GUN/USDT] Missing required indicators for 15m
2025-07-04 22:40:52,096 - INFO - Candle patterns identified successfully
2025-07-04 22:40:52,096 - WARNING - [WLD/USDT] Missing required indicators for 15m
2025-07-04 22:40:52,158 - INFO - Candle patterns identified successfully
2025-07-04 22:40:52,158 - WARNING - [HFT/USDT] Missing required indicators for 15m
2025-07-04 22:40:52,237 - INFO - Candle patterns identified successfully
2025-07-04 22:40:52,237 - WARNING - [ARK/USDT] Missing required indicators for 15m
2025-07-04 22:40:52,307 - INFO - Candle patterns identified successfully
2025-07-04 22:40:52,307 - WARNING - [FIL/USDT] Missing required indicators for 15m
2025-07-04 22:40:52,375 - INFO - Candle patterns identified successfully
2025-07-04 22:40:52,375 - WARNING - [ONDO/USDT] Missing required indicators for 15m
2025-07-04 22:40:57,377 - INFO - Scan cycle completed, clearing scanned symbols
2025-07-05 13:51:57,498 - INFO - Starting bot initialization
2025-07-05 13:51:57,501 - INFO - Initializing Binance Futures exchange
2025-07-05 13:51:57,518 - INFO - Testing Binance Futures API keys
2025-07-05 13:51:59,568 - INFO - API key test successful: BTC/USDT:USDT - 108100.1
2025-07-05 13:51:59,569 - INFO - Setting up Telegram bot
2025-07-05 13:52:00,337 - INFO - Telegram bot polling started
2025-07-05 13:52:00,338 - INFO - Starting new scan cycle
2025-07-05 13:52:00,339 - INFO - Fetching USDT pairs from Binance Futures
2025-07-05 13:52:00,339 - INFO - Total markets fetched: 3746
2025-07-05 13:52:00,341 - INFO - Total USDT pairs after initial filtering: 394
2025-07-05 13:52:00,747 - INFO - [BTC/USDT] Volume check: 10,651,468,543.50
2025-07-05 13:52:01,193 - INFO - [ETH/USDT] Volume check: 8,837,972,326.89
2025-07-05 13:52:01,643 - INFO - [BNB/USDT] Volume check: 147,503,627.40
2025-07-05 13:52:02,097 - INFO - [NEO/USDT] Volume check: 8,438,443.34
2025-07-05 13:52:02,546 - INFO - [LTC/USDT] Volume check: 151,293,904.03
2025-07-05 13:52:02,990 - INFO - [QTUM/USDT] Volume check: 5,458,962.35
2025-07-05 13:52:03,441 - INFO - [ADA/USDT] Volume check: 253,684,316.38
2025-07-05 13:52:03,892 - INFO - [XRP/USDT] Volume check: 694,135,434.27
2025-07-05 13:52:04,340 - INFO - [TUSD/USDT] Volume check: 0.00
2025-07-05 13:52:04,798 - INFO - [IOTA/USDT] Volume check: 6,417,573.02
2025-07-05 13:52:05,010 - INFO - [XLM/USDT] Volume check: 27,974,698.28
2025-07-05 13:52:05,456 - INFO - [ONT/USDT] Volume check: 3,496,344.94
2025-07-05 13:52:05,652 - INFO - [TRX/USDT] Volume check: 60,667,899.66
2025-07-05 13:52:05,847 - INFO - [ETC/USDT] Volume check: 48,710,208.09
2025-07-05 13:52:06,297 - INFO - [ICX/USDT] Volume check: 3,159,904.21
2025-07-05 13:52:06,751 - INFO - [VET/USDT] Volume check: 9,870,042.51
2025-07-05 13:52:07,195 - INFO - [USDC/USDT] Volume check: 2,716,221.93
2025-07-05 13:52:07,644 - INFO - [LINK/USDT] Volume check: 151,917,053.31
2025-07-05 13:52:08,093 - INFO - [ONG/USDT] Volume check: 1,318,573.28
2025-07-05 13:52:08,545 - INFO - [HOT/USDT] Volume check: 2,886,453.73
2025-07-05 13:52:08,997 - INFO - [ZIL/USDT] Volume check: 6,055,038.18
2025-07-05 13:52:09,456 - INFO - [ZRX/USDT] Volume check: 5,615,489.82
2025-07-05 13:52:09,908 - INFO - [FET/USDT] Volume check: 59,382,275.91
2025-07-05 13:52:10,358 - INFO - [BAT/USDT] Volume check: 3,032,476.16
2025-07-05 13:52:10,811 - INFO - [ZEC/USDT] Volume check: 5,625,261.57
2025-07-05 13:52:11,016 - INFO - [IOST/USDT] Volume check: 2,126,618.31
2025-07-05 13:52:11,467 - INFO - [CELR/USDT] Volume check: 3,659,216.88
2025-07-05 13:52:11,916 - INFO - [DASH/USDT] Volume check: 2,504,790.17
2025-07-05 13:52:12,380 - INFO - [THETA/USDT] Volume check: 7,354,917.22
2025-07-05 13:52:12,581 - INFO - [ENJ/USDT] Volume check: 3,008,224.55
2025-07-05 13:52:13,035 - INFO - [ATOM/USDT] Volume check: 28,349,624.36
2025-07-05 13:52:13,480 - INFO - [TFUEL/USDT] Volume check: 0.00
2025-07-05 13:52:13,936 - INFO - [ONE/USDT] Volume check: 6,427,168.94
2025-07-05 13:52:14,138 - INFO - [ALGO/USDT] Volume check: 20,456,459.33
2025-07-05 13:52:14,332 - INFO - [DOGE/USDT] Volume check: 737,172,734.44
2025-07-05 13:52:14,778 - INFO - [DUSK/USDT] Volume check: 3,185,745.66
2025-07-05 13:52:15,229 - INFO - [ANKR/USDT] Volume check: 2,117,465.70
2025-07-05 13:52:15,688 - INFO - [WIN/USDT] Volume check: 0.00
2025-07-05 13:52:16,138 - INFO - [COS/USDT] Volume check: 824,924.77
2025-07-05 13:52:16,588 - INFO - [MTL/USDT] Volume check: 1,267,872.36
2025-07-05 13:52:16,780 - INFO - [DENT/USDT] Volume check: 1,591,401.15
2025-07-05 13:52:17,230 - INFO - [WAN/USDT] Volume check: 0.00
2025-07-05 13:52:17,680 - INFO - [CVC/USDT] Volume check: 785,087.57
2025-07-05 13:52:18,126 - INFO - [CHZ/USDT] Volume check: 11,277,519.41
2025-07-05 13:52:18,574 - INFO - [BAND/USDT] Volume check: 3,382,229.73
2025-07-05 13:52:19,020 - INFO - [XTZ/USDT] Volume check: 13,525,126.38
2025-07-05 13:52:19,471 - INFO - [RVN/USDT] Volume check: 11,924,238.00
2025-07-05 13:52:19,925 - INFO - [HBAR/USDT] Volume check: 43,074,444.87
2025-07-05 13:52:20,370 - INFO - [NKN/USDT] Volume check: 3,425,575.99
2025-07-05 13:52:20,813 - INFO - [STX/USDT] Volume check: 13,417,650.91
2025-07-05 13:52:21,265 - INFO - [KAVA/USDT] Volume check: 9,338,894.33
2025-07-05 13:52:21,713 - INFO - [ARPA/USDT] Volume check: 7,841,457.87
2025-07-05 13:52:21,908 - INFO - [IOTX/USDT] Volume check: 3,470,854.88
2025-07-05 13:52:22,356 - INFO - [RLC/USDT] Volume check: 2,039,998.95
2025-07-05 13:52:22,809 - INFO - [BCH/USDT] Volume check: 172,217,788.73
2025-07-05 13:52:23,259 - INFO - [FTT/USDT] Volume check: 0.00
2025-07-05 13:52:23,707 - INFO - [EUR/USDT] Volume check: 0.00
2025-07-05 13:52:24,157 - INFO - [OGN/USDT] Volume check: 2,974,689.99
2025-07-05 13:52:24,352 - INFO - [LSK/USDT] Volume check: 1,337,102.39
2025-07-05 13:52:24,805 - INFO - [BNT/USDT] Volume check: 1,217,011.49
2025-07-05 13:52:25,254 - INFO - [MBL/USDT] Volume check: 0.00
2025-07-05 13:52:25,702 - INFO - [COTI/USDT] Volume check: 2,426,556.88
2025-07-05 13:52:26,150 - INFO - [DATA/USDT] Volume check: 0.00
2025-07-05 13:52:26,351 - INFO - [SOL/USDT] Volume check: 1,962,657,688.39
2025-07-05 13:52:26,800 - INFO - [CTSI/USDT] Volume check: 2,354,140.94
2025-07-05 13:52:27,246 - INFO - [HIVE/USDT] Volume check: 1,395,228.80
2025-07-05 13:52:27,697 - INFO - [CHR/USDT] Volume check: 2,201,890.52
2025-07-05 13:52:28,151 - INFO - [ARDR/USDT] Volume check: 0.00
2025-07-05 13:52:28,603 - INFO - [MDT/USDT] Volume check: 13,059,404.43
2025-07-05 13:52:28,795 - INFO - [KNC/USDT] Volume check: 2,359,423.06
2025-07-05 13:52:29,243 - INFO - [LRC/USDT] Volume check: 3,799,006.01
2025-07-05 13:52:29,694 - INFO - [COMP/USDT] Volume check: 19,022,844.21
2025-07-05 13:52:30,142 - INFO - [SC/USDT] Volume check: 0.00
2025-07-05 13:52:30,591 - INFO - [ZEN/USDT] Volume check: 15,040,870.67
2025-07-05 13:52:31,044 - INFO - [SNX/USDT] Volume check: 6,684,710.91
2025-07-05 13:52:31,495 - INFO - [VTHO/USDT] Volume check: 900,340.10
2025-07-05 13:52:31,945 - INFO - [DGB/USDT] Volume check: 45,674,718.93
2025-07-05 13:52:32,395 - INFO - [SXP/USDT] Volume check: 7,365,393.72
2025-07-05 13:52:32,594 - INFO - [MKR/USDT] Volume check: 31,264,246.06
2025-07-05 13:52:33,037 - INFO - [DCR/USDT] Volume check: 0.00
2025-07-05 13:52:33,489 - INFO - [STORJ/USDT] Volume check: 2,231,018.88
2025-07-05 13:52:33,938 - INFO - [MANA/USDT] Volume check: 9,823,759.35
2025-07-05 13:52:34,391 - INFO - [YFI/USDT] Volume check: 2,902,773.60
2025-07-05 13:52:34,839 - INFO - [JST/USDT] Volume check: 999,116.20
2025-07-05 13:52:35,291 - INFO - [CRV/USDT] Volume check: 123,111,748.76
2025-07-05 13:52:35,744 - INFO - [SAND/USDT] Volume check: 15,380,276.08
2025-07-05 13:52:35,935 - INFO - [NMR/USDT] Volume check: 2,669,380.21
2025-07-05 13:52:36,387 - INFO - [DOT/USDT] Volume check: 132,390,310.52
2025-07-05 13:52:36,848 - INFO - [LUNA/USDT] Volume check: 0.00
2025-07-05 13:52:37,053 - INFO - [RSR/USDT] Volume check: 7,804,953.86
2025-07-05 13:52:37,503 - INFO - [PAXG/USDT] Volume check: 15,182,080.99
2025-07-05 13:52:37,699 - INFO - [TRB/USDT] Volume check: 31,382,444.71
2025-07-05 13:52:38,155 - INFO - [SUSHI/USDT] Volume check: 12,630,066.63
2025-07-05 13:52:38,354 - INFO - [KSM/USDT] Volume check: 3,523,754.84
2025-07-05 13:52:38,806 - INFO - [EGLD/USDT] Volume check: 5,107,043.36
2025-07-05 13:52:39,256 - INFO - [DIA/USDT] Volume check: 1,029,956.07
2025-07-05 13:52:39,709 - INFO - [RUNE/USDT] Volume check: 14,270,082.53
2025-07-05 13:52:40,165 - INFO - [FIO/USDT] Volume check: 1,555,400.01
2025-07-05 13:52:40,615 - INFO - [UMA/USDT] Volume check: 2,871,093.94
2025-07-05 13:52:41,072 - INFO - [BEL/USDT] Volume check: 8,726,026.15
2025-07-05 13:52:41,528 - INFO - [UNI/USDT] Volume check: 325,754,825.07
2025-07-05 13:52:41,723 - INFO - [OXT/USDT] Volume check: 1,402,253.50
2025-07-05 13:52:42,177 - INFO - [SUN/USDT] Volume check: 1,031,063.98
2025-07-05 13:52:42,629 - INFO - [AVAX/USDT] Volume check: 159,200,928.50
2025-07-05 13:52:43,086 - INFO - [FLM/USDT] Volume check: 8,853,188.27
2025-07-05 13:52:43,552 - INFO - [UTK/USDT] Volume check: 0.00
2025-07-05 13:52:44,009 - INFO - [XVS/USDT] Volume check: 1,058,261.58
2025-07-05 13:52:44,460 - INFO - [AAVE/USDT] Volume check: 232,615,748.11
2025-07-05 13:52:44,916 - INFO - [NEAR/USDT] Volume check: 86,921,040.63
2025-07-05 13:52:45,399 - INFO - [FIL/USDT] Volume check: 99,878,090.71
2025-07-05 13:52:45,894 - INFO - [INJ/USDT] Volume check: 82,947,694.57
2025-07-05 13:52:46,398 - INFO - [AUDIO/USDT] Volume check: 0.00
2025-07-05 13:52:46,934 - INFO - [CTK/USDT] Volume check: 7,565,639.33
2025-07-05 13:52:47,398 - INFO - [AXS/USDT] Volume check: 17,398,530.76
2025-07-05 13:52:47,904 - INFO - [STRAX/USDT] Volume check: 57,366,886.58
2025-07-05 13:52:48,356 - INFO - [ROSE/USDT] Volume check: 7,817,905.74
2025-07-05 13:52:48,804 - INFO - [AVA/USDT] Volume check: 2,877,704.00
2025-07-05 13:52:49,248 - INFO - [SKL/USDT] Volume check: 2,948,343.91
2025-07-05 13:52:49,442 - INFO - [GRT/USDT] Volume check: 9,221,225.31
2025-07-05 13:52:49,895 - INFO - [JUV/USDT] Volume check: 0.00
2025-07-05 13:52:50,339 - INFO - [PSG/USDT] Volume check: 0.00
2025-07-05 13:52:50,534 - INFO - [1INCH/USDT] Volume check: 5,020,846.88
2025-07-05 13:52:50,731 - INFO - [OG/USDT] Volume check: 2,367,295.42
2025-07-05 13:52:51,188 - INFO - [ATM/USDT] Volume check: 0.00
2025-07-05 13:52:51,640 - INFO - [ASR/USDT] Volume check: 2,900,914.80
2025-07-05 13:52:51,843 - INFO - [CELO/USDT] Volume check: 7,634,684.05
2025-07-05 13:52:52,038 - INFO - [RIF/USDT] Volume check: 1,135,766.56
2025-07-05 13:52:52,490 - INFO - [TRU/USDT] Volume check: 5,799,106.57
2025-07-05 13:52:52,947 - INFO - [CKB/USDT] Volume check: 3,700,431.89
2025-07-05 13:52:53,395 - INFO - [TWT/USDT] Volume check: 1,645,601.87
2025-07-05 13:52:53,589 - INFO - [SFP/USDT] Volume check: 1,784,571.22
2025-07-05 13:52:54,048 - INFO - [DODO/USDT] Volume check: 0.00
2025-07-05 13:52:54,495 - INFO - [CAKE/USDT] Volume check: 11,067,219.70
2025-07-05 13:52:54,945 - INFO - [ACM/USDT] Volume check: 0.00
2025-07-05 13:52:55,395 - INFO - [FIS/USDT] Volume check: 4,965,826.30
2025-07-05 13:52:55,839 - INFO - [OM/USDT] Volume check: 25,996,697.05
2025-07-05 13:52:56,288 - INFO - [POND/USDT] Volume check: 0.00
2025-07-05 13:52:56,491 - INFO - [DEGO/USDT] Volume check: 1,771,310.24
2025-07-05 13:52:56,942 - INFO - [ALICE/USDT] Volume check: 5,468,600.88
2025-07-05 13:52:57,393 - INFO - [PERP/USDT] Volume check: 1,968,928.83
2025-07-05 13:52:57,841 - INFO - [SUPER/USDT] Volume check: 4,751,610.20
2025-07-05 13:52:58,301 - INFO - [CFX/USDT] Volume check: 6,198,548.84
2025-07-05 13:52:58,755 - INFO - [TKO/USDT] Volume check: 0.00
2025-07-05 13:52:59,216 - INFO - [PUNDIX/USDT] Volume check: 18,073,181.48
2025-07-05 13:52:59,670 - INFO - [TLM/USDT] Volume check: 1,893,240.13
2025-07-05 13:53:00,121 - INFO - [BAR/USDT] Volume check: 0.00
2025-07-05 13:53:00,570 - INFO - [FORTH/USDT] Volume check: 631,936.37
2025-07-05 13:53:01,023 - INFO - [BAKE/USDT] Volume check: 4,250,162.53
2025-07-05 13:53:01,477 - INFO - [SLP/USDT] Volume check: 4,000,750.14
2025-07-05 13:53:01,927 - INFO - [SHIB/USDT] Volume check: 0.00
2025-07-05 13:53:02,379 - INFO - [ICP/USDT] Volume check: 22,882,135.57
2025-07-05 13:53:02,829 - INFO - [AR/USDT] Volume check: 11,885,088.52
2025-07-05 13:53:03,278 - INFO - [MASK/USDT] Volume check: 16,670,633.79
2025-07-05 13:53:03,733 - INFO - [LPT/USDT] Volume check: 94,053,084.97
2025-07-05 13:53:04,187 - INFO - [XVG/USDT] Volume check: 2,343,341.61
2025-07-05 13:53:04,651 - INFO - [ATA/USDT] Volume check: 12,046,232.41
2025-07-05 13:53:05,096 - INFO - [GTC/USDT] Volume check: 5,895,061.24
2025-07-05 13:53:05,551 - INFO - [PHA/USDT] Volume check: 1,994,314.66
2025-07-05 13:53:06,005 - INFO - [MLN/USDT] Volume check: 1,026,456.03
2025-07-05 13:53:06,458 - INFO - [DEXE/USDT] Volume check: 3,431,766.59
2025-07-05 13:53:06,909 - INFO - [C98/USDT] Volume check: 3,671,181.87
2025-07-05 13:53:07,374 - INFO - [QNT/USDT] Volume check: 6,195,275.57
2025-07-05 13:53:07,826 - INFO - [FLOW/USDT] Volume check: 10,644,546.64
2025-07-05 13:53:08,030 - INFO - [MINA/USDT] Volume check: 9,908,109.70
2025-07-05 13:53:08,479 - INFO - [RAY/USDT] Volume check: 0.00
2025-07-05 13:53:08,675 - INFO - [FARM/USDT] Volume check: 0.00
2025-07-05 13:53:08,875 - INFO - [QUICK/USDT] Volume check: 30,758,839.14
2025-07-05 13:53:09,326 - INFO - [MBOX/USDT] Volume check: 1,438,103.01
2025-07-05 13:53:09,532 - INFO - [REQ/USDT] Volume check: 0.00
2025-07-05 13:53:09,727 - INFO - [GHST/USDT] Volume check: 1,695,762.79
2025-07-05 13:53:10,181 - INFO - [WAXP/USDT] Volume check: 3,663,750.07
2025-07-05 13:53:10,627 - INFO - [GNO/USDT] Volume check: 0.00
2025-07-05 13:53:11,077 - INFO - [XEC/USDT] Volume check: 0.00
2025-07-05 13:53:11,528 - INFO - [DYDX/USDT] Volume check: 22,223,343.37
2025-07-05 13:53:11,978 - INFO - [IDEX/USDT] Volume check: 2,205,402.77
2025-07-05 13:53:12,174 - INFO - [USDP/USDT] Volume check: 0.00
2025-07-05 13:53:12,379 - INFO - [GALA/USDT] Volume check: 53,111,632.86
2025-07-05 13:53:12,574 - INFO - [ILV/USDT] Volume check: 1,393,175.08
2025-07-05 13:53:13,025 - INFO - [YGG/USDT] Volume check: 3,777,622.18
2025-07-05 13:53:13,220 - INFO - [SYS/USDT] Volume check: 746,498.82
2025-07-05 13:53:13,673 - INFO - [DF/USDT] Volume check: 16,907,128.75
2025-07-05 13:53:14,126 - INFO - [FIDA/USDT] Volume check: 22,618,274.61
2025-07-05 13:53:14,572 - INFO - [AGLD/USDT] Volume check: 4,749,545.38
2025-07-05 13:53:15,025 - INFO - [RAD/USDT] Volume check: 6,187,462.77
2025-07-05 13:53:15,220 - INFO - [RARE/USDT] Volume check: 4,055,778.52
2025-07-05 13:53:15,671 - INFO - [LAZIO/USDT] Volume check: 0.00
2025-07-05 13:53:16,120 - INFO - [CHESS/USDT] Volume check: 29,664,857.45
2025-07-05 13:53:16,567 - INFO - [ADX/USDT] Volume check: 0.00
2025-07-05 13:53:17,019 - INFO - [AUCTION/USDT] Volume check: 5,723,398.96
2025-07-05 13:53:17,471 - INFO - [MOVR/USDT] Volume check: 1,408,895.17
2025-07-05 13:53:17,917 - INFO - [CITY/USDT] Volume check: 0.00
2025-07-05 13:53:18,117 - INFO - [ENS/USDT] Volume check: 16,537,832.50
2025-07-05 13:53:18,313 - INFO - [QI/USDT] Volume check: 0.00
2025-07-05 13:53:18,768 - INFO - [PORTO/USDT] Volume check: 0.00
2025-07-05 13:53:19,221 - INFO - [POWR/USDT] Volume check: 1,025,310.11
2025-07-05 13:53:19,672 - INFO - [JASMY/USDT] Volume check: 8,489,665.06
2025-07-05 13:53:20,114 - INFO - [AMP/USDT] Volume check: 0.00
2025-07-05 13:53:20,569 - INFO - [PYR/USDT] Volume check: 0.00
2025-07-05 13:53:21,012 - INFO - [ALCX/USDT] Volume check: 0.00
2025-07-05 13:53:21,470 - INFO - [SANTOS/USDT] Volume check: 1,972,063.44
2025-07-05 13:53:21,670 - INFO - [BICO/USDT] Volume check: 2,018,482.60
2025-07-05 13:53:22,120 - INFO - [FLUX/USDT] Volume check: 1,039,833.69
2025-07-05 13:53:22,326 - INFO - [FXS/USDT] Volume check: 2,399,153.22
2025-07-05 13:53:22,786 - INFO - [VOXEL/USDT] Volume check: 4,099,738.59
2025-07-05 13:53:23,232 - INFO - [HIGH/USDT] Volume check: 2,409,925.19
2025-07-05 13:53:23,678 - INFO - [CVX/USDT] Volume check: 3,552,591.18
2025-07-05 13:53:23,875 - INFO - [PEOPLE/USDT] Volume check: 18,959,936.84
2025-07-05 13:53:24,327 - INFO - [SPELL/USDT] Volume check: 7,597,665.13
2025-07-05 13:53:24,781 - INFO - [JOE/USDT] Volume check: 1,305,653.30
2025-07-05 13:53:25,225 - INFO - [ACH/USDT] Volume check: 5,032,286.91
2025-07-05 13:53:25,677 - INFO - [IMX/USDT] Volume check: 8,541,226.02
2025-07-05 13:53:26,126 - INFO - [GLMR/USDT] Volume check: 6,498,856.25
2025-07-05 13:53:26,576 - INFO - [LOKA/USDT] Volume check: 14,226,681.85
2025-07-05 13:53:26,776 - INFO - [SCRT/USDT] Volume check: 554,816.18
2025-07-05 13:53:26,977 - INFO - [API3/USDT] Volume check: 4,196,907.68
2025-07-05 13:53:27,437 - INFO - [BTTC/USDT] Volume check: 0.00
2025-07-05 13:53:27,887 - INFO - [ACA/USDT] Volume check: 0.00
2025-07-05 13:53:28,338 - INFO - [XNO/USDT] Volume check: 0.00
2025-07-05 13:53:28,792 - INFO - [WOO/USDT] Volume check: 2,558,112.36
2025-07-05 13:53:29,250 - INFO - [ALPINE/USDT] Volume check: 750,937.71
2025-07-05 13:53:29,710 - INFO - [T/USDT] Volume check: 7,934,081.68
2025-07-05 13:53:30,168 - INFO - [ASTR/USDT] Volume check: 2,482,082.37
2025-07-05 13:53:30,618 - INFO - [GMT/USDT] Volume check: 8,619,461.13
2025-07-05 13:53:31,067 - INFO - [KDA/USDT] Volume check: 1,075,429.53
2025-07-05 13:53:31,517 - INFO - [APE/USDT] Volume check: 19,287,653.19
2025-07-05 13:53:31,712 - INFO - [BIFI/USDT] Volume check: 0.00
2025-07-05 13:53:32,172 - INFO - [STEEM/USDT] Volume check: 1,227,273.85
2025-07-05 13:53:32,628 - INFO - [NEXO/USDT] Volume check: 0.00
2025-07-05 13:53:32,824 - INFO - [REI/USDT] Volume check: 3,573,010.18
2025-07-05 13:53:33,283 - INFO - [LDO/USDT] Volume check: 38,137,100.66
2025-07-05 13:53:33,732 - INFO - [OP/USDT] Volume check: 82,286,727.79
2025-07-05 13:53:34,183 - INFO - [STG/USDT] Volume check: 1,463,826.11
2025-07-05 13:53:34,379 - INFO - [LUNC/USDT] Volume check: 0.00
2025-07-05 13:53:34,828 - INFO - [GMX/USDT] Volume check: 3,319,936.79
2025-07-05 13:53:35,289 - INFO - [POLYX/USDT] Volume check: 1,438,512.26
2025-07-05 13:53:35,742 - INFO - [APT/USDT] Volume check: 75,875,550.72
2025-07-05 13:53:35,936 - INFO - [OSMO/USDT] Volume check: 0.00
2025-07-05 13:53:36,134 - INFO - [HFT/USDT] Volume check: 96,574,126.73
2025-07-05 13:53:36,583 - INFO - [PHB/USDT] Volume check: 2,204,604.95
2025-07-05 13:53:37,039 - INFO - [HOOK/USDT] Volume check: 13,518,418.56
2025-07-05 13:53:37,487 - INFO - [MAGIC/USDT] Volume check: 9,403,091.64
2025-07-05 13:53:37,682 - INFO - [HIFI/USDT] Volume check: 26,164,754.98
2025-07-05 13:53:37,877 - INFO - [RPL/USDT] Volume check: 3,661,992.24
2025-07-05 13:53:38,336 - INFO - [GNS/USDT] Volume check: 0.00
2025-07-05 13:53:38,789 - INFO - [SYN/USDT] Volume check: 1,514,009.29
2025-07-05 13:53:38,983 - INFO - [SSV/USDT] Volume check: 5,882,010.31
2025-07-05 13:53:39,436 - INFO - [LQTY/USDT] Volume check: 18,856,684.19
2025-07-05 13:53:39,650 - INFO - [USTC/USDT] Volume check: 1,915,526.61
2025-07-05 13:53:40,104 - INFO - [GAS/USDT] Volume check: 4,373,755.99
2025-07-05 13:53:40,300 - INFO - [GLM/USDT] Volume check: 2,476,802.51
2025-07-05 13:53:40,755 - INFO - [PROM/USDT] Volume check: 14,674,075.96
2025-07-05 13:53:41,206 - INFO - [QKC/USDT] Volume check: 0.00
2025-07-05 13:53:41,410 - INFO - [ID/USDT] Volume check: 3,330,100.85
2025-07-05 13:53:41,604 - INFO - [ARB/USDT] Volume check: 129,547,164.63
2025-07-05 13:53:42,051 - INFO - [RDNT/USDT] Volume check: 3,162,349.25
2025-07-05 13:53:42,505 - INFO - [WBTC/USDT] Volume check: 0.00
2025-07-05 13:53:42,700 - INFO - [EDU/USDT] Volume check: 1,733,880.10
2025-07-05 13:53:42,893 - INFO - [SUI/USDT] Volume check: 435,519,572.27
2025-07-05 13:53:43,089 - INFO - [PEPE/USDT] Volume check: 0.00
2025-07-05 13:53:43,545 - INFO - [FLOKI/USDT] Volume check: 0.00
2025-07-05 13:53:43,738 - INFO - [MAV/USDT] Volume check: 10,550,324.96
2025-07-05 13:53:43,927 - INFO - [PENDLE/USDT] Volume check: 23,152,973.77
2025-07-05 13:53:44,374 - INFO - [ARKM/USDT] Volume check: 11,257,966.59
2025-07-05 13:53:44,829 - INFO - [WBETH/USDT] Volume check: 0.00
2025-07-05 13:53:45,283 - INFO - [WLD/USDT] Volume check: 73,925,061.99
2025-07-05 13:53:45,732 - INFO - [FDUSD/USDT] Volume check: 0.00
2025-07-05 13:53:46,190 - INFO - [SEI/USDT] Volume check: 106,345,993.05
2025-07-05 13:53:46,637 - INFO - [CYBER/USDT] Volume check: 2,485,923.91
2025-07-05 13:53:47,087 - INFO - [ARK/USDT] Volume check: 89,662,124.64
2025-07-05 13:53:47,536 - INFO - [IQ/USDT] Volume check: 0.00
2025-07-05 13:53:47,728 - INFO - [NTRN/USDT] Volume check: 1,331,229.67
2025-07-05 13:53:48,180 - INFO - [TIA/USDT] Volume check: 99,869,735.52
2025-07-05 13:53:48,630 - INFO - [MEME/USDT] Volume check: 10,298,750.90
2025-07-05 13:53:49,082 - INFO - [ORDI/USDT] Volume check: 42,988,850.05
2025-07-05 13:53:49,275 - INFO - [BEAMX/USDT] Volume check: 4,830,358.01
2025-07-05 13:53:49,724 - INFO - [PIVX/USDT] Volume check: 0.00
2025-07-05 13:53:49,930 - INFO - [VIC/USDT] Volume check: 927,785.43
2025-07-05 13:53:50,378 - INFO - [BLUR/USDT] Volume check: 7,571,358.42
2025-07-05 13:53:50,827 - INFO - [VANRY/USDT] Volume check: 3,209,225.02
2025-07-05 13:53:51,276 - INFO - [AEUR/USDT] Volume check: 0.00
2025-07-05 13:53:51,727 - INFO - [JTO/USDT] Volume check: 20,471,116.42
2025-07-05 13:53:52,175 - INFO - [1000SATS/USDT] Volume check: 22,556,897.98
2025-07-05 13:53:52,613 - INFO - [BONK/USDT] Volume check: 0.00
2025-07-05 13:53:52,814 - INFO - [ACE/USDT] Volume check: 1,857,346.42
2025-07-05 13:53:53,255 - INFO - [NFP/USDT] Volume check: 2,001,589.33
2025-07-05 13:53:53,709 - INFO - [AI/USDT] Volume check: 3,126,397.77
2025-07-05 13:53:54,160 - INFO - [XAI/USDT] Volume check: 5,841,891.84
2025-07-05 13:53:54,606 - INFO - [MANTA/USDT] Volume check: 9,175,131.90
2025-07-05 13:53:55,057 - INFO - [ALT/USDT] Volume check: 11,449,736.17
2025-07-05 13:53:55,253 - INFO - [JUP/USDT] Volume check: 24,187,299.17
2025-07-05 13:53:55,703 - INFO - [PYTH/USDT] Volume check: 12,851,063.55
2025-07-05 13:53:55,906 - INFO - [RONIN/USDT] Volume check: 13,707,320.45
2025-07-05 13:53:56,108 - INFO - [DYM/USDT] Volume check: 3,129,961.47
2025-07-05 13:53:56,566 - INFO - [PIXEL/USDT] Volume check: 7,212,778.57
2025-07-05 13:53:57,015 - INFO - [STRK/USDT] Volume check: 9,479,146.36
2025-07-05 13:53:57,211 - INFO - [PORTAL/USDT] Volume check: 39,070,307.68
2025-07-05 13:53:57,661 - INFO - [AXL/USDT] Volume check: 4,338,038.20
2025-07-05 13:53:58,112 - INFO - [METIS/USDT] Volume check: 2,834,254.19
2025-07-05 13:53:58,317 - INFO - [AEVO/USDT] Volume check: 4,294,763.62
2025-07-05 13:53:58,762 - INFO - [BOME/USDT] Volume check: 29,564,024.00
2025-07-05 13:53:58,959 - INFO - [ETHFI/USDT] Volume check: 53,371,536.71
2025-07-05 13:53:59,161 - INFO - [ENA/USDT] Volume check: 175,459,980.42
2025-07-05 13:53:59,356 - INFO - [W/USDT] Volume check: 14,541,992.79
2025-07-05 13:53:59,552 - INFO - [TNSR/USDT] Volume check: 7,842,993.07
2025-07-05 13:53:59,746 - INFO - [SAGA/USDT] Volume check: 7,266,313.50
2025-07-05 13:54:00,199 - INFO - [TAO/USDT] Volume check: 70,965,753.69
2025-07-05 13:54:00,651 - INFO - [OMNI/USDT] Volume check: 10,628,202.56
2025-07-05 13:54:01,105 - INFO - [REZ/USDT] Volume check: 4,685,141.51
2025-07-05 13:54:01,558 - INFO - [BB/USDT] Volume check: 5,574,712.38
2025-07-05 13:54:01,752 - INFO - [NOT/USDT] Volume check: 11,818,277.53
2025-07-05 13:54:02,203 - INFO - [IO/USDT] Volume check: 9,176,227.77
2025-07-05 17:33:09,883 - INFO - Starting bot initialization
2025-07-05 17:33:09,885 - INFO - Initializing Binance Futures exchange
2025-07-05 17:33:09,896 - INFO - Testing Binance Futures API keys
2025-07-05 17:33:12,210 - INFO - API key test successful: BTC/USDT:USDT - 107922.2
2025-07-05 17:33:12,210 - INFO - Setting up Telegram bot
2025-07-05 17:33:12,985 - INFO - Telegram bot polling started
2025-07-05 17:33:12,986 - INFO - Starting new scan cycle
2025-07-05 17:33:12,987 - INFO - Fetching USDT pairs from Binance Futures
2025-07-05 17:33:12,987 - INFO - Total markets fetched: 3746
2025-07-05 17:33:12,989 - INFO - Total USDT pairs after initial filtering: 394
2025-07-05 17:33:12,990 - INFO - Limited to top 100 USDT pairs for volume check
2025-07-05 17:33:13,391 - INFO - [BTC/USDT] Volume check: 5,880,648,148.32
2025-07-05 17:33:13,842 - INFO - [ETH/USDT] Volume check: 5,840,464,068.47
2025-07-05 17:33:14,296 - INFO - [BNB/USDT] Volume check: 108,925,092.92
2025-07-05 17:33:14,745 - INFO - [NEO/USDT] Volume check: 7,312,488.78
2025-07-05 17:33:15,202 - INFO - [LTC/USDT] Volume check: 106,576,129.31
2025-07-05 17:33:15,656 - INFO - [QTUM/USDT] Volume check: 4,454,749.99
2025-07-05 17:33:16,102 - INFO - [ADA/USDT] Volume check: 195,661,567.06
2025-07-05 17:33:16,556 - INFO - [XRP/USDT] Volume check: 506,163,993.48
2025-07-05 17:33:17,009 - INFO - [TUSD/USDT] Volume check: 0.00
2025-07-05 17:33:17,213 - INFO - [IOTA/USDT] Volume check: 4,361,234.11
2025-07-05 17:33:17,664 - INFO - [XLM/USDT] Volume check: 21,283,083.37
2025-07-05 17:33:18,105 - INFO - [ONT/USDT] Volume check: 2,161,022.78
2025-07-05 17:33:18,556 - INFO - [TRX/USDT] Volume check: 44,440,509.48
2025-07-05 17:33:19,002 - INFO - [ETC/USDT] Volume check: 34,120,559.62
2025-07-05 17:33:19,447 - INFO - [ICX/USDT] Volume check: 2,885,684.52
2025-07-05 17:33:19,899 - INFO - [VET/USDT] Volume check: 8,118,597.98
2025-07-05 17:33:20,346 - INFO - [USDC/USDT] Volume check: 2,009,657.88
2025-07-05 17:33:20,790 - INFO - [LINK/USDT] Volume check: 106,811,154.94
2025-07-05 17:33:21,242 - INFO - [ONG/USDT] Volume check: 954,571.93
2025-07-05 17:33:21,692 - INFO - [HOT/USDT] Volume check: 2,151,180.14
2025-07-05 17:33:22,142 - INFO - [ZIL/USDT] Volume check: 5,031,379.18
2025-07-05 17:33:22,589 - INFO - [ZRX/USDT] Volume check: 4,877,781.41
2025-07-05 17:33:23,036 - INFO - [FET/USDT] Volume check: 52,634,360.67
2025-07-05 17:33:23,485 - INFO - [BAT/USDT] Volume check: 2,829,712.75
2025-07-05 17:33:23,935 - INFO - [ZEC/USDT] Volume check: 4,280,831.87
2025-07-05 17:33:24,125 - INFO - [IOST/USDT] Volume check: 1,877,983.89
2025-07-05 17:33:24,576 - INFO - [CELR/USDT] Volume check: 2,544,489.81
2025-07-05 17:33:25,021 - INFO - [DASH/USDT] Volume check: 2,200,105.97
2025-07-05 17:33:25,477 - INFO - [THETA/USDT] Volume check: 5,786,743.83
2025-07-05 17:33:25,923 - INFO - [ENJ/USDT] Volume check: 2,540,229.72
2025-07-05 17:33:26,380 - INFO - [ATOM/USDT] Volume check: 22,478,391.57
2025-07-05 17:33:26,831 - INFO - [TFUEL/USDT] Volume check: 0.00
2025-07-05 17:33:27,279 - INFO - [ONE/USDT] Volume check: 5,144,453.81
2025-07-05 17:33:27,472 - INFO - [ALGO/USDT] Volume check: 17,167,226.86
2025-07-05 17:33:27,921 - INFO - [DOGE/USDT] Volume check: 504,517,875.52
2025-07-05 17:33:28,366 - INFO - [DUSK/USDT] Volume check: 2,766,556.53
2025-07-05 17:33:28,829 - INFO - [ANKR/USDT] Volume check: 1,843,173.50
2025-07-05 17:33:29,279 - INFO - [WIN/USDT] Volume check: 0.00
2025-07-05 17:33:29,728 - INFO - [COS/USDT] Volume check: 794,133.99
2025-07-05 17:33:30,178 - INFO - [MTL/USDT] Volume check: 1,102,035.52
2025-07-05 17:33:30,628 - INFO - [DENT/USDT] Volume check: 1,266,123.08
2025-07-05 17:33:31,080 - INFO - [WAN/USDT] Volume check: 0.00
2025-07-05 17:33:31,528 - INFO - [CVC/USDT] Volume check: 697,531.26
2025-07-05 17:33:31,977 - INFO - [CHZ/USDT] Volume check: 6,250,837.00
2025-07-05 17:33:32,208 - INFO - [BAND/USDT] Volume check: 2,325,928.51
2025-07-05 17:33:32,658 - INFO - [XTZ/USDT] Volume check: 11,958,203.38
2025-07-05 17:33:33,103 - INFO - [RVN/USDT] Volume check: 10,282,533.19
2025-07-05 17:33:33,550 - INFO - [HBAR/USDT] Volume check: 45,600,940.94
2025-07-05 17:33:33,994 - INFO - [NKN/USDT] Volume check: 2,947,627.87
2025-07-05 17:33:34,448 - INFO - [STX/USDT] Volume check: 9,422,080.90
2025-07-05 17:33:34,643 - INFO - [KAVA/USDT] Volume check: 6,040,876.24
2025-07-05 17:33:35,092 - INFO - [ARPA/USDT] Volume check: 7,508,469.53
2025-07-05 17:33:35,540 - INFO - [IOTX/USDT] Volume check: 2,986,453.10
2025-07-05 17:33:35,993 - INFO - [RLC/USDT] Volume check: 1,582,696.75
2025-07-05 17:33:36,447 - INFO - [BCH/USDT] Volume check: 134,607,741.85
2025-07-05 17:33:36,900 - INFO - [FTT/USDT] Volume check: 0.00
2025-07-05 17:33:37,347 - INFO - [EUR/USDT] Volume check: 0.00
2025-07-05 17:33:37,800 - INFO - [OGN/USDT] Volume check: 2,151,219.18
2025-07-05 17:33:38,242 - INFO - [LSK/USDT] Volume check: 1,083,887.48
2025-07-05 17:33:38,689 - INFO - [BNT/USDT] Volume check: 1,140,220.99
2025-07-05 17:36:04,190 - INFO - Starting bot initialization
2025-07-05 17:36:04,191 - INFO - Initializing Binance Futures exchange
2025-07-05 17:36:04,203 - INFO - Testing Binance Futures API keys
2025-07-05 17:36:06,370 - INFO - API key test successful: BTC/USDT:USDT - 107931.1
2025-07-05 17:36:06,371 - INFO - Setting up Telegram bot
2025-07-05 17:36:07,155 - INFO - Telegram bot polling started
2025-07-05 17:36:07,155 - INFO - Starting new scan cycle
2025-07-05 17:36:07,155 - INFO - Fetching USDT pairs from Binance Futures
2025-07-05 17:36:07,155 - INFO - Total markets fetched: 3746
2025-07-05 17:36:07,157 - INFO - Total USDT pairs after initial filtering: 394
2025-07-05 17:36:07,157 - INFO - Limited to top 50 USDT pairs for volume check
2025-07-05 17:36:07,318 - INFO - [BTC/USDT] Volume check: 5,856,910,367.16
2025-07-05 17:36:07,815 - INFO - [ETH/USDT] Volume check: 5,820,995,661.67
2025-07-05 17:36:08,314 - INFO - [BNB/USDT] Volume check: 108,957,282.56
2025-07-05 17:36:08,575 - INFO - [NEO/USDT] Volume check: 7,307,814.62
2025-07-05 17:36:09,076 - INFO - [LTC/USDT] Volume check: 106,346,218.90
2025-07-05 17:36:09,322 - INFO - [QTUM/USDT] Volume check: 4,441,371.37
2025-07-05 17:36:09,820 - INFO - [ADA/USDT] Volume check: 195,339,242.99
2025-07-05 17:36:10,322 - INFO - [XRP/USDT] Volume check: 506,011,639.41
2025-07-05 17:36:10,824 - INFO - [TUSD/USDT] Volume check: 0.00
2025-07-05 17:36:11,320 - INFO - [IOTA/USDT] Volume check: 4,339,887.11
2025-07-05 17:36:11,827 - INFO - [XLM/USDT] Volume check: 21,158,701.49
2025-07-05 17:36:12,326 - INFO - [ONT/USDT] Volume check: 2,160,103.66
2025-07-05 17:36:12,828 - INFO - [TRX/USDT] Volume check: 44,486,269.03
2025-07-05 17:36:13,323 - INFO - [ETC/USDT] Volume check: 34,093,569.58
2025-07-05 17:36:13,820 - INFO - [ICX/USDT] Volume check: 2,888,501.81
2025-07-05 17:36:14,322 - INFO - [VET/USDT] Volume check: 8,109,196.35
2025-07-05 17:36:14,822 - INFO - [USDC/USDT] Volume check: 2,010,460.16
2025-07-05 17:36:15,322 - INFO - [LINK/USDT] Volume check: 106,993,890.52
2025-07-05 17:36:15,823 - INFO - [ONG/USDT] Volume check: 952,212.70
2025-07-05 17:36:16,320 - INFO - [HOT/USDT] Volume check: 2,156,920.14
2025-07-05 17:36:16,825 - INFO - [ZIL/USDT] Volume check: 5,030,450.50
2025-07-05 17:36:17,325 - INFO - [ZRX/USDT] Volume check: 4,869,731.35
2025-07-05 17:36:17,826 - INFO - [FET/USDT] Volume check: 52,655,559.47
2025-07-05 17:36:18,334 - INFO - [BAT/USDT] Volume check: 2,832,266.46
2025-07-05 17:36:18,832 - INFO - [ZEC/USDT] Volume check: 4,297,012.95
2025-07-05 17:36:19,333 - INFO - [IOST/USDT] Volume check: 1,875,939.24
2025-07-05 17:36:19,837 - INFO - [CELR/USDT] Volume check: 2,539,494.74
2025-07-05 17:36:20,335 - INFO - [DASH/USDT] Volume check: 2,199,314.11
2025-07-05 17:36:20,582 - INFO - [THETA/USDT] Volume check: 5,780,098.25
2025-07-05 17:36:21,086 - INFO - [ENJ/USDT] Volume check: 2,536,289.62
2025-07-05 17:36:21,338 - INFO - [ATOM/USDT] Volume check: 22,416,741.76
2025-07-05 17:36:21,835 - INFO - [TFUEL/USDT] Volume check: 0.00
2025-07-05 17:36:22,337 - INFO - [ONE/USDT] Volume check: 5,169,600.37
2025-07-05 17:36:22,844 - INFO - [ALGO/USDT] Volume check: 17,102,405.78
2025-07-05 17:36:23,349 - INFO - [DOGE/USDT] Volume check: 497,875,296.57
2025-07-05 17:36:23,854 - INFO - [DUSK/USDT] Volume check: 2,771,378.33
2025-07-05 17:36:24,348 - INFO - [ANKR/USDT] Volume check: 1,844,029.86
2025-07-05 17:36:24,622 - INFO - [WIN/USDT] Volume check: 0.00
2025-07-05 17:36:25,126 - INFO - [COS/USDT] Volume check: 794,540.44
2025-07-05 17:36:25,621 - INFO - [MTL/USDT] Volume check: 1,102,542.79
2025-07-05 17:36:26,119 - INFO - [DENT/USDT] Volume check: 1,256,824.14
2025-07-05 17:36:26,616 - INFO - [WAN/USDT] Volume check: 0.00
2025-07-05 17:36:27,115 - INFO - [CVC/USDT] Volume check: 695,600.13
2025-07-05 17:36:27,624 - INFO - [CHZ/USDT] Volume check: 6,239,819.43
2025-07-05 17:36:28,120 - INFO - [BAND/USDT] Volume check: 2,321,939.21
2025-07-05 17:36:28,622 - INFO - [XTZ/USDT] Volume check: 11,882,784.62
2025-07-05 17:36:29,122 - INFO - [RVN/USDT] Volume check: 10,297,518.88
2025-07-05 17:36:29,622 - INFO - [HBAR/USDT] Volume check: 45,599,732.83
2025-07-05 17:36:30,126 - INFO - [NKN/USDT] Volume check: 2,955,128.57
2025-07-05 17:36:30,368 - INFO - [STX/USDT] Volume check: 9,405,188.11
2025-07-05 17:36:30,469 - INFO - Selected top 30 USDT pairs with volume > $500,000: ['BTC/USDT', 'ETH/USDT', 'XRP/USDT', 'DOGE/USDT', 'ADA/USDT', 'BNB/USDT', 'LINK/USDT', 'LTC/USDT', 'FET/USDT', 'HBAR/USDT', 'TRX/USDT', 'ETC/USDT', 'ATOM/USDT', 'XLM/USDT', 'ALGO/USDT', 'XTZ/USDT', 'RVN/USDT', 'STX/USDT', 'VET/USDT', 'NEO/USDT', 'CHZ/USDT', 'THETA/USDT', 'ONE/USDT', 'ZIL/USDT', 'ZRX/USDT', 'QTUM/USDT', 'IOTA/USDT', 'ZEC/USDT', 'NKN/USDT', 'ICX/USDT']
2025-07-05 17:36:30,470 - INFO - Processing batch of 30 symbols: ['BTC/USDT', 'ETH/USDT', 'XRP/USDT', 'DOGE/USDT', 'ADA/USDT', 'BNB/USDT', 'LINK/USDT', 'LTC/USDT', 'FET/USDT', 'HBAR/USDT', 'TRX/USDT', 'ETC/USDT', 'ATOM/USDT', 'XLM/USDT', 'ALGO/USDT', 'XTZ/USDT', 'RVN/USDT', 'STX/USDT', 'VET/USDT', 'NEO/USDT', 'CHZ/USDT', 'THETA/USDT', 'ONE/USDT', 'ZIL/USDT', 'ZRX/USDT', 'QTUM/USDT', 'IOTA/USDT', 'ZEC/USDT', 'NKN/USDT', 'ICX/USDT']
2025-07-05 17:36:30,471 - INFO - [BTC/USDT] Scanning for signal
2025-07-05 17:36:30,877 - INFO - [BTC/USDT] Volume check: 5,857,022,075.77
2025-07-05 17:36:30,877 - INFO - [ETH/USDT] Scanning for signal
2025-07-05 17:36:31,277 - INFO - [ETH/USDT] Volume check: 5,821,358,028.50
2025-07-05 17:36:31,278 - INFO - [XRP/USDT] Scanning for signal
2025-07-05 17:36:31,677 - INFO - [XRP/USDT] Volume check: 506,055,699.97
2025-07-05 17:36:31,678 - INFO - [DOGE/USDT] Scanning for signal
2025-07-05 17:36:31,820 - INFO - [DOGE/USDT] Volume check: 497,906,562.62
2025-07-05 17:36:31,821 - INFO - [ADA/USDT] Scanning for signal
2025-07-05 17:36:32,216 - INFO - [ADA/USDT] Volume check: 195,349,540.73
2025-07-05 17:36:32,216 - INFO - [BNB/USDT] Scanning for signal
2025-07-05 17:36:32,609 - INFO - [BNB/USDT] Volume check: 108,965,221.02
2025-07-05 17:36:32,610 - INFO - [LINK/USDT] Scanning for signal
2025-07-05 17:36:32,752 - INFO - [LINK/USDT] Volume check: 107,023,246.68
2025-07-05 17:36:32,753 - INFO - [LTC/USDT] Scanning for signal
2025-07-05 17:36:33,150 - INFO - [LTC/USDT] Volume check: 106,352,389.87
2025-07-05 17:36:33,151 - INFO - [FET/USDT] Scanning for signal
2025-07-05 17:36:33,558 - INFO - [FET/USDT] Volume check: 52,662,948.06
2025-07-05 17:36:33,558 - INFO - [HBAR/USDT] Scanning for signal
2025-07-05 17:36:33,957 - INFO - [HBAR/USDT] Volume check: 45,599,732.83
2025-07-05 17:36:33,957 - INFO - [TRX/USDT] Scanning for signal
2025-07-05 17:36:34,354 - INFO - [TRX/USDT] Volume check: 44,516,344.97
2025-07-05 17:36:34,355 - INFO - [ETC/USDT] Scanning for signal
2025-07-05 17:36:34,498 - INFO - [ETC/USDT] Volume check: 34,114,492.05
2025-07-05 17:36:34,499 - INFO - [ATOM/USDT] Scanning for signal
2025-07-05 17:36:34,889 - INFO - [ATOM/USDT] Volume check: 22,420,805.22
2025-07-05 17:36:34,890 - INFO - [XLM/USDT] Scanning for signal
2025-07-05 17:36:35,290 - INFO - [XLM/USDT] Volume check: 21,163,893.26
2025-07-05 17:36:35,291 - INFO - [ALGO/USDT] Scanning for signal
2025-07-05 17:36:35,696 - INFO - [ALGO/USDT] Volume check: 17,102,473.63
2025-07-05 17:36:35,697 - INFO - [XTZ/USDT] Scanning for signal
2025-07-05 17:36:36,098 - INFO - [XTZ/USDT] Volume check: 11,882,784.62
2025-07-05 17:36:36,099 - INFO - [RVN/USDT] Scanning for signal
2025-07-05 17:36:36,500 - INFO - [RVN/USDT] Volume check: 10,297,522.76
2025-07-05 17:36:36,501 - INFO - [STX/USDT] Scanning for signal
2025-07-05 17:36:36,901 - INFO - [STX/USDT] Volume check: 9,405,526.11
2025-07-05 17:36:36,901 - INFO - [VET/USDT] Scanning for signal
2025-07-05 17:36:37,299 - INFO - [VET/USDT] Volume check: 8,110,084.93
2025-07-05 17:36:37,300 - INFO - [NEO/USDT] Scanning for signal
2025-07-05 17:36:37,693 - INFO - [NEO/USDT] Volume check: 7,308,407.77
2025-07-05 17:36:37,695 - INFO - [CHZ/USDT] Scanning for signal
2025-07-05 17:36:38,094 - INFO - [CHZ/USDT] Volume check: 6,239,819.43
2025-07-05 17:36:38,095 - INFO - [THETA/USDT] Scanning for signal
2025-07-05 17:36:38,245 - INFO - [THETA/USDT] Volume check: 5,780,665.44
2025-07-05 17:36:38,246 - INFO - [ONE/USDT] Scanning for signal
2025-07-05 17:36:38,652 - INFO - [ONE/USDT] Volume check: 5,169,874.85
2025-07-05 17:36:38,653 - INFO - [ZIL/USDT] Scanning for signal
2025-07-05 17:36:39,049 - INFO - [ZIL/USDT] Volume check: 5,030,537.05
2025-07-05 17:36:39,050 - INFO - [ZRX/USDT] Scanning for signal
2025-07-05 17:36:39,455 - INFO - [ZRX/USDT] Volume check: 4,869,758.89
2025-07-05 17:36:39,455 - INFO - [QTUM/USDT] Scanning for signal
2025-07-05 17:36:39,852 - INFO - [QTUM/USDT] Volume check: 4,441,371.37
2025-07-05 17:36:39,853 - INFO - [IOTA/USDT] Scanning for signal
2025-07-05 17:36:40,248 - INFO - [IOTA/USDT] Volume check: 4,336,044.49
2025-07-05 17:36:40,250 - INFO - [ZEC/USDT] Scanning for signal
2025-07-05 17:36:40,643 - INFO - [ZEC/USDT] Volume check: 4,297,168.51
2025-07-05 17:36:40,643 - INFO - [NKN/USDT] Scanning for signal
2025-07-05 17:36:41,044 - INFO - [NKN/USDT] Volume check: 2,955,128.57
2025-07-05 17:36:41,046 - INFO - [ICX/USDT] Scanning for signal
2025-07-05 17:36:41,453 - INFO - [ICX/USDT] Volume check: 2,888,572.52
2025-07-05 17:36:59,360 - INFO - DataFrame validated successfully
2025-07-05 17:36:59,360 - INFO - [XRP/USDT] Fetched 50 candles for 15m
2025-07-05 17:36:59,362 - INFO - DataFrame validated successfully
2025-07-05 17:36:59,363 - INFO - [BTC/USDT] Fetched 50 candles for 15m
2025-07-05 17:36:59,418 - ERROR - [VET/USDT] Retry 1/3 for 15m: binance GET https://api.binance.com/api/v3/exchangeInfo
2025-07-05 17:36:59,419 - ERROR - [RVN/USDT] Retry 1/3 for 15m: binance GET https://fapi.binance.com/fapi/v1/exchangeInfo
2025-07-05 17:36:59,419 - ERROR - [STX/USDT] Retry 1/3 for 15m: binance GET https://fapi.binance.com/fapi/v1/exchangeInfo
2025-07-05 17:36:59,419 - ERROR - [XTZ/USDT] Retry 1/3 for 15m: binance GET https://dapi.binance.com/dapi/v1/exchangeInfo
2025-07-05 17:36:59,419 - ERROR - [XLM/USDT] Retry 1/3 for 15m: binance GET https://dapi.binance.com/dapi/v1/exchangeInfo
2025-07-05 17:36:59,419 - ERROR - [NEO/USDT] Retry 1/3 for 15m: binance GET https://api.binance.com/api/v3/exchangeInfo
2025-07-05 17:36:59,419 - ERROR - [ALGO/USDT] Retry 1/3 for 15m: binance GET https://dapi.binance.com/dapi/v1/exchangeInfo
2025-07-05 17:36:59,419 - ERROR - [CHZ/USDT] Retry 1/3 for 15m: binance GET https://api.binance.com/api/v3/exchangeInfo
2025-07-05 17:36:59,420 - ERROR - [THETA/USDT] Retry 1/3 for 15m: binance GET https://api.binance.com/api/v3/exchangeInfo
2025-07-05 17:36:59,420 - ERROR - [ONE/USDT] Retry 1/3 for 15m: binance GET https://api.binance.com/api/v3/exchangeInfo
2025-07-05 17:36:59,470 - INFO - DataFrame validated successfully
2025-07-05 17:36:59,470 - INFO - [ETH/USDT] Fetched 50 candles for 15m
2025-07-05 17:36:59,474 - INFO - DataFrame validated successfully
2025-07-05 17:36:59,474 - INFO - [DOGE/USDT] Fetched 50 candles for 15m
2025-07-05 17:36:59,476 - INFO - DataFrame validated successfully
2025-07-05 17:36:59,477 - INFO - [ADA/USDT] Fetched 50 candles for 15m
2025-07-05 17:36:59,594 - INFO - DataFrame validated successfully
2025-07-05 17:36:59,595 - INFO - [TRX/USDT] Fetched 50 candles for 15m
2025-07-05 17:36:59,597 - INFO - DataFrame validated successfully
2025-07-05 17:36:59,597 - INFO - [BNB/USDT] Fetched 50 candles for 15m
2025-07-05 17:36:59,599 - INFO - DataFrame validated successfully
2025-07-05 17:36:59,599 - INFO - [FET/USDT] Fetched 50 candles for 15m
2025-07-05 17:36:59,625 - INFO - DataFrame validated successfully
2025-07-05 17:36:59,625 - INFO - [LTC/USDT] Fetched 50 candles for 15m
2025-07-05 17:36:59,627 - INFO - DataFrame validated successfully
2025-07-05 17:36:59,628 - INFO - [ATOM/USDT] Fetched 50 candles for 15m
2025-07-05 17:36:59,630 - INFO - DataFrame validated successfully
2025-07-05 17:36:59,630 - INFO - [HBAR/USDT] Fetched 50 candles for 15m
2025-07-05 17:36:59,632 - INFO - DataFrame validated successfully
2025-07-05 17:36:59,632 - INFO - [LINK/USDT] Fetched 50 candles for 15m
2025-07-05 17:36:59,634 - INFO - DataFrame validated successfully
2025-07-05 17:36:59,634 - INFO - [ETC/USDT] Fetched 50 candles for 15m
2025-07-05 17:36:59,941 - INFO - Candle patterns identified successfully
2025-07-05 17:36:59,941 - WARNING - [XRP/USDT] Missing required indicators for 15m
2025-07-05 17:37:00,038 - INFO - Candle patterns identified successfully
2025-07-05 17:37:00,038 - WARNING - [BTC/USDT] Missing required indicators for 15m
2025-07-05 17:37:00,133 - INFO - Candle patterns identified successfully
2025-07-05 17:37:00,133 - WARNING - [ETH/USDT] Missing required indicators for 15m
2025-07-05 17:37:00,239 - INFO - Candle patterns identified successfully
2025-07-05 17:37:00,240 - WARNING - [DOGE/USDT] Missing required indicators for 15m
2025-07-05 17:37:00,340 - INFO - Candle patterns identified successfully
2025-07-05 17:37:00,340 - WARNING - [ADA/USDT] Missing required indicators for 15m
2025-07-05 17:37:01,179 - INFO - Candle patterns identified successfully
2025-07-05 17:37:01,180 - WARNING - [TRX/USDT] Missing required indicators for 15m
2025-07-05 17:37:01,272 - INFO - Candle patterns identified successfully
2025-07-05 17:37:01,273 - WARNING - [BNB/USDT] Missing required indicators for 15m
2025-07-05 17:37:01,364 - INFO - Candle patterns identified successfully
2025-07-05 17:37:01,364 - WARNING - [FET/USDT] Missing required indicators for 15m
2025-07-05 17:37:01,460 - INFO - Candle patterns identified successfully
2025-07-05 17:37:01,461 - WARNING - [LTC/USDT] Missing required indicators for 15m
2025-07-05 17:37:01,545 - INFO - Candle patterns identified successfully
2025-07-05 17:37:01,546 - WARNING - [ATOM/USDT] Missing required indicators for 15m
2025-07-05 17:37:01,640 - INFO - Candle patterns identified successfully
2025-07-05 17:37:01,641 - WARNING - [HBAR/USDT] Missing required indicators for 15m
2025-07-05 17:37:01,729 - INFO - Candle patterns identified successfully
2025-07-05 17:37:01,730 - WARNING - [LINK/USDT] Missing required indicators for 15m
2025-07-05 17:37:01,938 - INFO - Candle patterns identified successfully
2025-07-05 17:37:01,938 - WARNING - [ETC/USDT] Missing required indicators for 15m
2025-07-05 17:37:03,961 - INFO - DataFrame validated successfully
2025-07-05 17:37:03,962 - INFO - [ZIL/USDT] Fetched 50 candles for 15m
2025-07-05 17:37:15,241 - INFO - DataFrame validated successfully
2025-07-05 17:37:15,243 - INFO - [IOTA/USDT] Fetched 50 candles for 15m
2025-07-05 17:37:15,248 - INFO - DataFrame validated successfully
2025-07-05 17:37:15,248 - INFO - [ZRX/USDT] Fetched 50 candles for 15m
2025-07-05 17:37:15,378 - ERROR - [VET/USDT] Retry 2/3 for 15m: binance GET https://fapi.binance.com/fapi/v1/exchangeInfo
2025-07-05 17:37:15,392 - ERROR - [ALGO/USDT] Retry 2/3 for 15m: binance GET https://fapi.binance.com/fapi/v1/exchangeInfo
2025-07-05 17:37:15,393 - ERROR - [XLM/USDT] Retry 2/3 for 15m: binance GET https://fapi.binance.com/fapi/v1/exchangeInfo
2025-07-05 17:37:15,393 - ERROR - [STX/USDT] Retry 2/3 for 15m: binance GET https://dapi.binance.com/dapi/v1/exchangeInfo
2025-07-05 17:37:15,393 - ERROR - [XTZ/USDT] Retry 2/3 for 15m: binance GET https://dapi.binance.com/dapi/v1/exchangeInfo
2025-07-05 17:37:15,393 - ERROR - [RVN/USDT] Retry 2/3 for 15m: binance GET https://dapi.binance.com/dapi/v1/exchangeInfo
2025-07-05 17:37:15,398 - INFO - DataFrame validated successfully
2025-07-05 17:37:15,398 - INFO - [QTUM/USDT] Fetched 50 candles for 15m
2025-07-05 17:37:15,402 - INFO - DataFrame validated successfully
2025-07-05 17:37:15,403 - INFO - [ZEC/USDT] Fetched 50 candles for 15m
2025-07-05 17:37:15,562 - INFO - Candle patterns identified successfully
2025-07-05 17:37:15,563 - WARNING - [ZIL/USDT] Missing required indicators for 15m
2025-07-05 17:37:15,566 - INFO - DataFrame validated successfully
2025-07-05 17:37:15,567 - INFO - [NKN/USDT] Fetched 50 candles for 15m
2025-07-05 17:37:15,569 - INFO - DataFrame validated successfully
2025-07-05 17:37:15,569 - INFO - [CHZ/USDT] Fetched 50 candles for 15m
2025-07-05 17:37:15,571 - INFO - DataFrame validated successfully
2025-07-05 17:37:15,572 - INFO - [THETA/USDT] Fetched 50 candles for 15m
2025-07-05 17:37:15,573 - INFO - DataFrame validated successfully
2025-07-05 17:37:15,573 - INFO - [ONE/USDT] Fetched 50 candles for 15m
2025-07-05 17:37:15,575 - INFO - DataFrame validated successfully
2025-07-05 17:37:15,575 - INFO - [NEO/USDT] Fetched 50 candles for 15m
2025-07-05 17:37:15,577 - INFO - DataFrame validated successfully
2025-07-05 17:37:15,577 - INFO - [ICX/USDT] Fetched 50 candles for 15m
2025-07-05 17:37:15,738 - INFO - Candle patterns identified successfully
2025-07-05 17:37:15,738 - WARNING - [IOTA/USDT] Missing required indicators for 15m
2025-07-05 17:37:15,828 - INFO - Candle patterns identified successfully
2025-07-05 17:37:15,828 - WARNING - [ZRX/USDT] Missing required indicators for 15m
2025-07-05 17:37:15,918 - INFO - Candle patterns identified successfully
2025-07-05 17:37:15,918 - WARNING - [QTUM/USDT] Missing required indicators for 15m
2025-07-05 17:37:15,997 - INFO - Candle patterns identified successfully
2025-07-05 17:37:15,998 - WARNING - [ZEC/USDT] Missing required indicators for 15m
2025-07-05 17:37:16,085 - INFO - Candle patterns identified successfully
2025-07-05 17:37:16,085 - WARNING - [NKN/USDT] Missing required indicators for 15m
2025-07-05 17:37:16,166 - INFO - Candle patterns identified successfully
2025-07-05 17:37:16,166 - WARNING - [CHZ/USDT] Missing required indicators for 15m
2025-07-05 17:37:16,257 - INFO - Candle patterns identified successfully
2025-07-05 17:37:16,257 - WARNING - [THETA/USDT] Missing required indicators for 15m
2025-07-05 17:37:16,349 - INFO - Candle patterns identified successfully
2025-07-05 17:37:16,350 - WARNING - [ONE/USDT] Missing required indicators for 15m
2025-07-05 17:37:16,446 - INFO - Candle patterns identified successfully
2025-07-05 17:37:16,446 - WARNING - [NEO/USDT] Missing required indicators for 15m
2025-07-05 17:37:16,528 - INFO - Candle patterns identified successfully
2025-07-05 17:37:16,528 - WARNING - [ICX/USDT] Missing required indicators for 15m
2025-07-05 17:37:25,478 - INFO - DataFrame validated successfully
2025-07-05 17:37:25,478 - INFO - [VET/USDT] Fetched 50 candles for 15m
2025-07-05 17:37:25,534 - INFO - DataFrame validated successfully
2025-07-05 17:37:25,534 - INFO - [XLM/USDT] Fetched 50 candles for 15m
2025-07-05 17:37:25,538 - INFO - DataFrame validated successfully
2025-07-05 17:37:25,538 - INFO - [ALGO/USDT] Fetched 50 candles for 15m
2025-07-05 17:37:25,541 - INFO - DataFrame validated successfully
2025-07-05 17:37:25,541 - INFO - [STX/USDT] Fetched 50 candles for 15m
2025-07-05 17:37:25,544 - INFO - DataFrame validated successfully
2025-07-05 17:37:25,544 - INFO - [RVN/USDT] Fetched 50 candles for 15m
2025-07-05 17:37:25,552 - INFO - DataFrame validated successfully
2025-07-05 17:37:25,552 - INFO - [XTZ/USDT] Fetched 50 candles for 15m
2025-07-05 17:37:25,837 - INFO - Candle patterns identified successfully
2025-07-05 17:37:25,838 - WARNING - [VET/USDT] Missing required indicators for 15m
2025-07-05 17:37:25,929 - INFO - Candle patterns identified successfully
2025-07-05 17:37:25,929 - WARNING - [XLM/USDT] Missing required indicators for 15m
2025-07-05 17:37:26,020 - INFO - Candle patterns identified successfully
2025-07-05 17:37:26,021 - WARNING - [ALGO/USDT] Missing required indicators for 15m
2025-07-05 17:37:26,122 - INFO - Candle patterns identified successfully
2025-07-05 17:37:26,123 - WARNING - [STX/USDT] Missing required indicators for 15m
2025-07-05 17:50:59,947 - INFO - Starting bot initialization
2025-07-05 17:50:59,947 - INFO - Initializing Binance Futures exchange
2025-07-05 17:50:59,961 - INFO - Testing Binance Futures API keys
2025-07-05 17:51:02,388 - INFO - API key test successful: BTC/USDT:USDT - 108016.7
2025-07-05 17:51:02,389 - INFO - Setting up Telegram bot
2025-07-05 17:51:03,174 - INFO - Telegram bot polling started
2025-07-05 17:51:03,174 - INFO - Starting new scan cycle
2025-07-05 17:51:03,174 - INFO - Fetching USDT pairs from Binance Futures
2025-07-05 17:51:03,174 - INFO - Total markets fetched: 3746
2025-07-05 17:51:03,175 - INFO - Total USDT pairs after initial filtering: 394
2025-07-05 17:51:03,175 - INFO - Limited to top 50 USDT pairs for volume check
2025-07-05 17:51:03,572 - INFO - [BTC/USDT] Volume check: 5,755,466,087.26
2025-07-05 17:51:03,818 - INFO - [ETH/USDT] Volume check: 5,773,182,715.53
2025-07-05 17:51:04,066 - INFO - [BNB/USDT] Volume check: 107,334,807.62
2025-07-05 17:51:04,564 - INFO - [NEO/USDT] Volume check: 7,278,235.19
2025-07-05 17:51:05,072 - INFO - [LTC/USDT] Volume check: 105,455,338.15
2025-07-05 17:51:05,575 - INFO - [QTUM/USDT] Volume check: 4,325,106.09
2025-07-05 17:51:06,077 - INFO - [ADA/USDT] Volume check: 194,284,314.84
2025-07-05 17:51:06,579 - INFO - [XRP/USDT] Volume check: 503,071,203.67
2025-07-05 17:51:07,079 - INFO - [TUSD/USDT] Volume check: 0.00
2025-07-05 17:51:07,320 - INFO - [IOTA/USDT] Volume check: 4,286,993.89
2025-07-05 17:51:07,563 - INFO - [XLM/USDT] Volume check: 21,042,093.09
2025-07-05 17:51:08,055 - INFO - [ONT/USDT] Volume check: 2,130,405.29
2025-07-05 17:51:08,308 - INFO - [TRX/USDT] Volume check: 44,224,467.45
2025-07-05 17:51:08,552 - INFO - [ETC/USDT] Volume check: 33,691,838.93
2025-07-05 17:51:09,047 - INFO - [ICX/USDT] Volume check: 2,876,805.97
2025-07-05 17:51:09,546 - INFO - [VET/USDT] Volume check: 8,169,805.10
2025-07-05 17:51:10,048 - INFO - [USDC/USDT] Volume check: 2,028,467.84
2025-07-05 17:51:10,297 - INFO - [LINK/USDT] Volume check: 105,658,239.39
2025-07-05 17:51:10,550 - INFO - [ONG/USDT] Volume check: 878,732.77
2025-07-05 17:51:11,041 - INFO - [HOT/USDT] Volume check: 2,151,253.59
2025-07-05 17:51:11,284 - INFO - [ZIL/USDT] Volume check: 4,980,511.56
2025-07-05 17:51:11,528 - INFO - [ZRX/USDT] Volume check: 4,848,317.95
2025-07-05 17:51:11,776 - INFO - [FET/USDT] Volume check: 52,426,812.22
2025-07-05 17:51:12,272 - INFO - [BAT/USDT] Volume check: 2,814,923.23
2025-07-05 17:51:12,517 - INFO - [ZEC/USDT] Volume check: 4,234,826.19
2025-07-05 17:51:12,762 - INFO - [IOST/USDT] Volume check: 1,864,847.18
2025-07-05 17:51:13,014 - INFO - [CELR/USDT] Volume check: 2,517,440.39
2025-07-05 17:51:13,509 - INFO - [DASH/USDT] Volume check: 2,192,756.61
2025-07-05 17:51:14,015 - INFO - [THETA/USDT] Volume check: 5,734,332.01
2025-07-05 17:51:14,521 - INFO - [ENJ/USDT] Volume check: 2,525,063.61
2025-07-05 17:51:15,027 - INFO - [ATOM/USDT] Volume check: 22,281,550.52
2025-07-05 17:51:15,276 - INFO - [TFUEL/USDT] Volume check: 0.00
2025-07-05 17:51:15,783 - INFO - [ONE/USDT] Volume check: 5,187,492.82
2025-07-05 17:51:16,035 - INFO - [ALGO/USDT] Volume check: 16,918,244.05
2025-07-05 17:51:16,538 - INFO - [DOGE/USDT] Volume check: 484,761,118.98
2025-07-05 17:51:17,037 - INFO - [DUSK/USDT] Volume check: 2,772,864.07
2025-07-05 17:51:17,540 - INFO - [ANKR/USDT] Volume check: 1,835,359.11
2025-07-05 17:51:18,045 - INFO - [WIN/USDT] Volume check: 0.00
2025-07-05 17:51:18,544 - INFO - [COS/USDT] Volume check: 812,911.98
2025-07-05 17:51:19,046 - INFO - [MTL/USDT] Volume check: 1,093,988.77
2025-07-05 17:51:19,548 - INFO - [DENT/USDT] Volume check: 1,272,298.76
2025-07-05 17:51:20,044 - INFO - [WAN/USDT] Volume check: 0.00
2025-07-05 17:51:20,545 - INFO - [CVC/USDT] Volume check: 697,032.66
2025-07-05 17:51:21,045 - INFO - [CHZ/USDT] Volume check: 5,992,776.75
2025-07-05 17:51:21,549 - INFO - [BAND/USDT] Volume check: 2,317,849.72
2025-07-05 17:51:21,792 - INFO - [XTZ/USDT] Volume check: 11,817,056.11
2025-07-05 17:51:22,286 - INFO - [RVN/USDT] Volume check: 10,221,870.34
2025-07-05 17:51:22,784 - INFO - [HBAR/USDT] Volume check: 45,529,130.54
2025-07-05 17:51:23,278 - INFO - [NKN/USDT] Volume check: 2,888,390.44
2025-07-05 17:51:23,533 - INFO - [STX/USDT] Volume check: 9,185,890.06
2025-07-05 17:51:23,634 - INFO - Selected top 30 USDT pairs with volume > $500,000: ['ETH/USDT', 'BTC/USDT', 'XRP/USDT', 'DOGE/USDT', 'ADA/USDT', 'BNB/USDT', 'LINK/USDT', 'LTC/USDT', 'FET/USDT', 'HBAR/USDT', 'TRX/USDT', 'ETC/USDT', 'ATOM/USDT', 'XLM/USDT', 'ALGO/USDT', 'XTZ/USDT', 'RVN/USDT', 'STX/USDT', 'VET/USDT', 'NEO/USDT', 'CHZ/USDT', 'THETA/USDT', 'ONE/USDT', 'ZIL/USDT', 'ZRX/USDT', 'QTUM/USDT', 'IOTA/USDT', 'ZEC/USDT', 'NKN/USDT', 'ICX/USDT']
2025-07-05 17:51:23,634 - INFO - Processing batch of 30 symbols: ['ETH/USDT', 'BTC/USDT', 'XRP/USDT', 'DOGE/USDT', 'ADA/USDT', 'BNB/USDT', 'LINK/USDT', 'LTC/USDT', 'FET/USDT', 'HBAR/USDT', 'TRX/USDT', 'ETC/USDT', 'ATOM/USDT', 'XLM/USDT', 'ALGO/USDT', 'XTZ/USDT', 'RVN/USDT', 'STX/USDT', 'VET/USDT', 'NEO/USDT', 'CHZ/USDT', 'THETA/USDT', 'ONE/USDT', 'ZIL/USDT', 'ZRX/USDT', 'QTUM/USDT', 'IOTA/USDT', 'ZEC/USDT', 'NKN/USDT', 'ICX/USDT']
2025-07-05 17:51:23,634 - INFO - [ETH/USDT] Scanning for signal
2025-07-05 17:51:23,780 - INFO - [ETH/USDT] Volume check: 5,774,359,000.67
2025-07-05 17:51:23,780 - INFO - [BTC/USDT] Scanning for signal
2025-07-05 17:51:23,925 - INFO - [BTC/USDT] Volume check: 5,753,841,579.24
2025-07-05 17:51:23,925 - INFO - [XRP/USDT] Scanning for signal
2025-07-05 17:51:24,069 - INFO - [XRP/USDT] Volume check: 503,381,520.09
2025-07-05 17:51:24,069 - INFO - [DOGE/USDT] Scanning for signal
2025-07-05 17:51:24,209 - INFO - [DOGE/USDT] Volume check: 484,767,485.80
2025-07-05 17:51:24,209 - INFO - [ADA/USDT] Scanning for signal
2025-07-05 17:51:24,364 - INFO - [ADA/USDT] Volume check: 194,217,479.83
2025-07-05 17:51:24,365 - INFO - [BNB/USDT] Scanning for signal
2025-07-05 17:51:24,760 - INFO - [BNB/USDT] Volume check: 107,287,223.37
2025-07-05 17:51:24,760 - INFO - [LINK/USDT] Scanning for signal
2025-07-05 17:51:25,154 - INFO - [LINK/USDT] Volume check: 105,665,949.58
2025-07-05 17:51:25,154 - INFO - [LTC/USDT] Scanning for signal
2025-07-05 17:51:25,548 - INFO - [LTC/USDT] Volume check: 105,322,158.81
2025-07-05 17:51:25,548 - INFO - [FET/USDT] Scanning for signal
2025-07-05 17:51:25,954 - INFO - [FET/USDT] Volume check: 52,447,191.50
2025-07-05 17:51:25,954 - INFO - [HBAR/USDT] Scanning for signal
2025-07-05 17:51:26,357 - INFO - [HBAR/USDT] Volume check: 45,534,954.74
2025-07-05 17:51:26,357 - INFO - [TRX/USDT] Scanning for signal
2025-07-05 17:51:26,758 - INFO - [TRX/USDT] Volume check: 44,215,899.90
2025-07-05 17:51:26,758 - INFO - [ETC/USDT] Scanning for signal
2025-07-05 17:51:26,900 - INFO - [ETC/USDT] Volume check: 33,696,652.54
2025-07-05 17:51:26,900 - INFO - [ATOM/USDT] Scanning for signal
2025-07-05 17:51:27,045 - INFO - [ATOM/USDT] Volume check: 22,285,903.23
2025-07-05 17:51:27,046 - INFO - [XLM/USDT] Scanning for signal
2025-07-05 17:51:27,440 - INFO - [XLM/USDT] Volume check: 21,041,240.65
2025-07-05 17:51:27,440 - INFO - [ALGO/USDT] Scanning for signal
2025-07-05 17:51:27,582 - INFO - [ALGO/USDT] Volume check: 16,918,443.92
2025-07-05 17:51:27,582 - INFO - [XTZ/USDT] Scanning for signal
2025-07-05 17:51:27,975 - INFO - [XTZ/USDT] Volume check: 11,817,062.95
2025-07-05 17:51:27,975 - INFO - [RVN/USDT] Scanning for signal
2025-07-05 17:51:28,371 - INFO - [RVN/USDT] Volume check: 10,224,025.89
2025-07-05 17:51:28,372 - INFO - [STX/USDT] Scanning for signal
2025-07-05 17:51:28,774 - INFO - [STX/USDT] Volume check: 9,185,895.18
2025-07-05 17:51:28,775 - INFO - [VET/USDT] Scanning for signal
2025-07-05 17:51:28,916 - INFO - [VET/USDT] Volume check: 8,170,239.07
2025-07-05 17:51:28,916 - INFO - [NEO/USDT] Scanning for signal
2025-07-05 17:51:29,316 - INFO - [NEO/USDT] Volume check: 7,280,857.40
2025-07-05 17:51:29,316 - INFO - [CHZ/USDT] Scanning for signal
2025-07-05 17:51:29,706 - INFO - [CHZ/USDT] Volume check: 5,993,070.95
2025-07-05 17:51:29,706 - INFO - [THETA/USDT] Scanning for signal
2025-07-05 17:51:30,107 - INFO - [THETA/USDT] Volume check: 5,735,077.05
2025-07-05 17:51:30,108 - INFO - [ONE/USDT] Scanning for signal
2025-07-05 17:51:30,505 - INFO - [ONE/USDT] Volume check: 5,187,492.82
2025-07-05 17:51:30,506 - INFO - [ZIL/USDT] Scanning for signal
2025-07-05 17:51:30,903 - INFO - [ZIL/USDT] Volume check: 4,972,802.45
2025-07-05 17:51:30,904 - INFO - [ZRX/USDT] Scanning for signal
2025-07-05 17:51:31,304 - INFO - [ZRX/USDT] Volume check: 4,848,672.46
2025-07-05 17:51:31,305 - INFO - [QTUM/USDT] Scanning for signal
2025-07-05 17:51:31,448 - INFO - [QTUM/USDT] Volume check: 4,309,264.60
2025-07-05 17:51:31,448 - INFO - [IOTA/USDT] Scanning for signal
2025-07-05 17:51:31,844 - INFO - [IOTA/USDT] Volume check: 4,286,586.12
2025-07-05 17:51:31,845 - INFO - [ZEC/USDT] Scanning for signal
2025-07-05 17:51:32,243 - INFO - [ZEC/USDT] Volume check: 4,238,367.74
2025-07-05 17:51:32,243 - INFO - [NKN/USDT] Scanning for signal
2025-07-05 17:51:32,640 - INFO - [NKN/USDT] Volume check: 2,888,544.00
2025-07-05 17:51:32,640 - INFO - [ICX/USDT] Scanning for signal
2025-07-05 17:51:33,043 - INFO - [ICX/USDT] Volume check: 2,876,882.86
2025-07-05 17:51:44,361 - INFO - [ETH/USDT] Fetched 50 candles for 15m, columns: ['timestamp', 'open', 'high', 'low', 'close', 'volume']
2025-07-05 17:51:44,391 - INFO - [DOGE/USDT] Fetched 50 candles for 15m, columns: ['timestamp', 'open', 'high', 'low', 'close', 'volume']
2025-07-05 17:51:44,392 - INFO - [BTC/USDT] Fetched 50 candles for 15m, columns: ['timestamp', 'open', 'high', 'low', 'close', 'volume']
2025-07-05 17:51:44,393 - INFO - [ADA/USDT] Fetched 50 candles for 15m, columns: ['timestamp', 'open', 'high', 'low', 'close', 'volume']
2025-07-05 17:51:44,438 - INFO - [XRP/USDT] Fetched 50 candles for 15m, columns: ['timestamp', 'open', 'high', 'low', 'close', 'volume']
2025-07-05 17:51:44,446 - INFO - [LINK/USDT] Fetched 50 candles for 15m, columns: ['timestamp', 'open', 'high', 'low', 'close', 'volume']
2025-07-05 17:51:45,185 - INFO - [LTC/USDT] Fetched 50 candles for 15m, columns: ['timestamp', 'open', 'high', 'low', 'close', 'volume']
2025-07-05 17:51:45,186 - INFO - [BNB/USDT] Fetched 50 candles for 15m, columns: ['timestamp', 'open', 'high', 'low', 'close', 'volume']
2025-07-05 17:51:45,367 - INFO - Indicators calculated: ['timestamp', 'open', 'high', 'low', 'close', 'volume', 'ma20', 'ema8', 'ema21', 'macd', 'signal_line', 'rsi', 'adx', 'vwap', 'atr', 'stoch_k', 'stoch_d', 'bollinger_mid', 'bollinger_std', 'bollinger_upper', 'bollinger_lower']
2025-07-05 17:51:45,380 - INFO - Candle patterns identified successfully
2025-07-05 17:51:45,380 - WARNING - [ETH/USDT] Missing required indicators for 15m
2025-07-05 17:51:45,430 - INFO - Indicators calculated: ['timestamp', 'open', 'high', 'low', 'close', 'volume', 'ma20', 'ema8', 'ema21', 'macd', 'signal_line', 'rsi', 'adx', 'vwap', 'atr', 'stoch_k', 'stoch_d', 'bollinger_mid', 'bollinger_std', 'bollinger_upper', 'bollinger_lower']
2025-07-05 17:51:45,437 - INFO - Candle patterns identified successfully
2025-07-05 17:51:45,438 - WARNING - [DOGE/USDT] Missing required indicators for 15m
2025-07-05 17:51:45,493 - INFO - Indicators calculated: ['timestamp', 'open', 'high', 'low', 'close', 'volume', 'ma20', 'ema8', 'ema21', 'macd', 'signal_line', 'rsi', 'adx', 'vwap', 'atr', 'stoch_k', 'stoch_d', 'bollinger_mid', 'bollinger_std', 'bollinger_upper', 'bollinger_lower']
2025-07-05 17:51:45,504 - INFO - Candle patterns identified successfully
2025-07-05 17:51:45,504 - WARNING - [BTC/USDT] Missing required indicators for 15m
2025-07-05 17:51:45,565 - INFO - Indicators calculated: ['timestamp', 'open', 'high', 'low', 'close', 'volume', 'ma20', 'ema8', 'ema21', 'macd', 'signal_line', 'rsi', 'adx', 'vwap', 'atr', 'stoch_k', 'stoch_d', 'bollinger_mid', 'bollinger_std', 'bollinger_upper', 'bollinger_lower']
2025-07-05 17:51:45,576 - INFO - Candle patterns identified successfully
2025-07-05 17:51:45,576 - WARNING - [ADA/USDT] Missing required indicators for 15m
2025-07-05 17:51:56,460 - INFO - Indicators calculated: ['timestamp', 'open', 'high', 'low', 'close', 'volume', 'ma20', 'ema8', 'ema21', 'macd', 'signal_line', 'rsi', 'adx', 'vwap', 'atr', 'stoch_k', 'stoch_d', 'bollinger_mid', 'bollinger_std', 'bollinger_upper', 'bollinger_lower']
2025-07-05 17:51:56,471 - INFO - Candle patterns identified successfully
2025-07-05 17:51:56,471 - WARNING - [XRP/USDT] Missing required indicators for 15m
2025-07-05 17:51:56,530 - INFO - Indicators calculated: ['timestamp', 'open', 'high', 'low', 'close', 'volume', 'ma20', 'ema8', 'ema21', 'macd', 'signal_line', 'rsi', 'adx', 'vwap', 'atr', 'stoch_k', 'stoch_d', 'bollinger_mid', 'bollinger_std', 'bollinger_upper', 'bollinger_lower']
2025-07-05 17:51:56,541 - INFO - Candle patterns identified successfully
2025-07-05 17:51:56,541 - WARNING - [LINK/USDT] Missing required indicators for 15m
2025-07-05 17:51:56,600 - INFO - Indicators calculated: ['timestamp', 'open', 'high', 'low', 'close', 'volume', 'ma20', 'ema8', 'ema21', 'macd', 'signal_line', 'rsi', 'adx', 'vwap', 'atr', 'stoch_k', 'stoch_d', 'bollinger_mid', 'bollinger_std', 'bollinger_upper', 'bollinger_lower']
2025-07-05 17:51:56,611 - INFO - Candle patterns identified successfully
2025-07-05 17:51:56,611 - WARNING - [LTC/USDT] Missing required indicators for 15m
2025-07-05 17:51:56,670 - INFO - Indicators calculated: ['timestamp', 'open', 'high', 'low', 'close', 'volume', 'ma20', 'ema8', 'ema21', 'macd', 'signal_line', 'rsi', 'adx', 'vwap', 'atr', 'stoch_k', 'stoch_d', 'bollinger_mid', 'bollinger_std', 'bollinger_upper', 'bollinger_lower']
2025-07-05 17:51:56,680 - INFO - Candle patterns identified successfully
2025-07-05 17:51:56,680 - WARNING - [BNB/USDT] Missing required indicators for 15m
2025-07-05 17:51:56,738 - INFO - [TRX/USDT] Fetched 50 candles for 15m, columns: ['timestamp', 'open', 'high', 'low', 'close', 'volume']
2025-07-05 17:51:56,739 - INFO - [FET/USDT] Fetched 50 candles for 15m, columns: ['timestamp', 'open', 'high', 'low', 'close', 'volume']
2025-07-05 17:51:56,741 - INFO - [HBAR/USDT] Fetched 50 candles for 15m, columns: ['timestamp', 'open', 'high', 'low', 'close', 'volume']
2025-07-05 17:51:56,742 - ERROR - [THETA/USDT] Retry 1/3 for 15m: binance GET https://api.binance.com/api/v3/exchangeInfo
2025-07-05 17:51:56,742 - ERROR - [CHZ/USDT] Retry 1/3 for 15m: binance GET https://fapi.binance.com/fapi/v1/exchangeInfo
2025-07-05 17:51:56,742 - ERROR - [ONE/USDT] Retry 1/3 for 15m: binance GET https://fapi.binance.com/fapi/v1/exchangeInfo
2025-07-05 17:51:56,742 - ERROR - [VET/USDT] Retry 1/3 for 15m: binance GET https://fapi.binance.com/fapi/v1/exchangeInfo
2025-07-05 17:51:56,742 - ERROR - [NEO/USDT] Retry 1/3 for 15m: binance GET https://fapi.binance.com/fapi/v1/exchangeInfo
2025-07-05 17:51:56,742 - ERROR - [STX/USDT] Retry 1/3 for 15m: binance GET https://dapi.binance.com/dapi/v1/exchangeInfo
2025-07-05 17:51:56,815 - ERROR - [ZIL/USDT] Retry 1/3 for 15m: binance GET https://api.binance.com/api/v3/exchangeInfo
2025-07-05 17:51:56,823 - INFO - [ETC/USDT] Fetched 50 candles for 15m, columns: ['timestamp', 'open', 'high', 'low', 'close', 'volume']
2025-07-05 17:51:56,952 - INFO - [ALGO/USDT] Fetched 50 candles for 15m, columns: ['timestamp', 'open', 'high', 'low', 'close', 'volume']
2025-07-05 17:51:56,954 - INFO - [XTZ/USDT] Fetched 50 candles for 15m, columns: ['timestamp', 'open', 'high', 'low', 'close', 'volume']
2025-07-05 17:51:56,956 - INFO - [XLM/USDT] Fetched 50 candles for 15m, columns: ['timestamp', 'open', 'high', 'low', 'close', 'volume']
2025-07-05 17:51:56,958 - INFO - [RVN/USDT] Fetched 50 candles for 15m, columns: ['timestamp', 'open', 'high', 'low', 'close', 'volume']
2025-07-05 17:51:56,962 - INFO - [ATOM/USDT] Fetched 50 candles for 15m, columns: ['timestamp', 'open', 'high', 'low', 'close', 'volume']
2025-07-05 17:51:58,586 - INFO - Indicators calculated: ['timestamp', 'open', 'high', 'low', 'close', 'volume', 'ma20', 'ema8', 'ema21', 'macd', 'signal_line', 'rsi', 'adx', 'vwap', 'atr', 'stoch_k', 'stoch_d', 'bollinger_mid', 'bollinger_std', 'bollinger_upper', 'bollinger_lower']
2025-07-05 17:51:58,595 - INFO - Candle patterns identified successfully
2025-07-05 17:51:58,596 - WARNING - [TRX/USDT] Missing required indicators for 15m
2025-07-05 17:51:58,645 - INFO - Indicators calculated: ['timestamp', 'open', 'high', 'low', 'close', 'volume', 'ma20', 'ema8', 'ema21', 'macd', 'signal_line', 'rsi', 'adx', 'vwap', 'atr', 'stoch_k', 'stoch_d', 'bollinger_mid', 'bollinger_std', 'bollinger_upper', 'bollinger_lower']
2025-07-05 17:51:58,653 - INFO - Candle patterns identified successfully
2025-07-05 17:51:58,653 - WARNING - [FET/USDT] Missing required indicators for 15m
2025-07-05 17:51:58,706 - INFO - Indicators calculated: ['timestamp', 'open', 'high', 'low', 'close', 'volume', 'ma20', 'ema8', 'ema21', 'macd', 'signal_line', 'rsi', 'adx', 'vwap', 'atr', 'stoch_k', 'stoch_d', 'bollinger_mid', 'bollinger_std', 'bollinger_upper', 'bollinger_lower']
2025-07-05 17:51:58,717 - INFO - Candle patterns identified successfully
2025-07-05 17:51:58,717 - WARNING - [HBAR/USDT] Missing required indicators for 15m
2025-07-05 17:51:58,768 - INFO - Indicators calculated: ['timestamp', 'open', 'high', 'low', 'close', 'volume', 'ma20', 'ema8', 'ema21', 'macd', 'signal_line', 'rsi', 'adx', 'vwap', 'atr', 'stoch_k', 'stoch_d', 'bollinger_mid', 'bollinger_std', 'bollinger_upper', 'bollinger_lower']
2025-07-05 17:51:58,775 - INFO - Candle patterns identified successfully
2025-07-05 17:51:58,775 - WARNING - [ETC/USDT] Missing required indicators for 15m
2025-07-05 17:51:58,825 - INFO - Indicators calculated: ['timestamp', 'open', 'high', 'low', 'close', 'volume', 'ma20', 'ema8', 'ema21', 'macd', 'signal_line', 'rsi', 'adx', 'vwap', 'atr', 'stoch_k', 'stoch_d', 'bollinger_mid', 'bollinger_std', 'bollinger_upper', 'bollinger_lower']
2025-07-05 17:51:58,837 - INFO - Candle patterns identified successfully
2025-07-05 17:51:58,837 - WARNING - [ALGO/USDT] Missing required indicators for 15m
2025-07-05 17:51:58,886 - INFO - Indicators calculated: ['timestamp', 'open', 'high', 'low', 'close', 'volume', 'ma20', 'ema8', 'ema21', 'macd', 'signal_line', 'rsi', 'adx', 'vwap', 'atr', 'stoch_k', 'stoch_d', 'bollinger_mid', 'bollinger_std', 'bollinger_upper', 'bollinger_lower']
2025-07-05 17:51:58,894 - INFO - Candle patterns identified successfully
2025-07-05 17:51:58,894 - WARNING - [XTZ/USDT] Missing required indicators for 15m
2025-07-05 17:51:58,954 - INFO - Indicators calculated: ['timestamp', 'open', 'high', 'low', 'close', 'volume', 'ma20', 'ema8', 'ema21', 'macd', 'signal_line', 'rsi', 'adx', 'vwap', 'atr', 'stoch_k', 'stoch_d', 'bollinger_mid', 'bollinger_std', 'bollinger_upper', 'bollinger_lower']
2025-07-05 17:51:58,961 - INFO - Candle patterns identified successfully
2025-07-05 17:51:58,961 - WARNING - [XLM/USDT] Missing required indicators for 15m
2025-07-05 17:51:59,018 - INFO - Indicators calculated: ['timestamp', 'open', 'high', 'low', 'close', 'volume', 'ma20', 'ema8', 'ema21', 'macd', 'signal_line', 'rsi', 'adx', 'vwap', 'atr', 'stoch_k', 'stoch_d', 'bollinger_mid', 'bollinger_std', 'bollinger_upper', 'bollinger_lower']
2025-07-05 17:51:59,027 - INFO - Candle patterns identified successfully
2025-07-05 17:51:59,028 - WARNING - [RVN/USDT] Missing required indicators for 15m
2025-07-05 17:51:59,080 - INFO - Indicators calculated: ['timestamp', 'open', 'high', 'low', 'close', 'volume', 'ma20', 'ema8', 'ema21', 'macd', 'signal_line', 'rsi', 'adx', 'vwap', 'atr', 'stoch_k', 'stoch_d', 'bollinger_mid', 'bollinger_std', 'bollinger_upper', 'bollinger_lower']
2025-07-05 17:51:59,088 - INFO - Candle patterns identified successfully
2025-07-05 17:51:59,088 - WARNING - [ATOM/USDT] Missing required indicators for 15m
2025-07-05 17:52:03,108 - INFO - [QTUM/USDT] Fetched 50 candles for 15m, columns: ['timestamp', 'open', 'high', 'low', 'close', 'volume']
2025-07-05 17:52:03,110 - INFO - [ZRX/USDT] Fetched 50 candles for 15m, columns: ['timestamp', 'open', 'high', 'low', 'close', 'volume']
2025-07-05 17:52:03,112 - INFO - [ZEC/USDT] Fetched 50 candles for 15m, columns: ['timestamp', 'open', 'high', 'low', 'close', 'volume']
2025-07-05 17:52:03,114 - INFO - [NKN/USDT] Fetched 50 candles for 15m, columns: ['timestamp', 'open', 'high', 'low', 'close', 'volume']
2025-07-05 17:52:03,119 - INFO - [IOTA/USDT] Fetched 50 candles for 15m, columns: ['timestamp', 'open', 'high', 'low', 'close', 'volume']
2025-07-05 17:52:04,813 - INFO - Indicators calculated: ['timestamp', 'open', 'high', 'low', 'close', 'volume', 'ma20', 'ema8', 'ema21', 'macd', 'signal_line', 'rsi', 'adx', 'vwap', 'atr', 'stoch_k', 'stoch_d', 'bollinger_mid', 'bollinger_std', 'bollinger_upper', 'bollinger_lower']
2025-07-05 17:52:04,820 - INFO - Candle patterns identified successfully
2025-07-05 17:52:04,820 - WARNING - [QTUM/USDT] Missing required indicators for 15m
2025-07-05 17:52:04,871 - INFO - Indicators calculated: ['timestamp', 'open', 'high', 'low', 'close', 'volume', 'ma20', 'ema8', 'ema21', 'macd', 'signal_line', 'rsi', 'adx', 'vwap', 'atr', 'stoch_k', 'stoch_d', 'bollinger_mid', 'bollinger_std', 'bollinger_upper', 'bollinger_lower']
2025-07-05 17:52:04,880 - INFO - Candle patterns identified successfully
2025-07-05 17:52:04,880 - WARNING - [ZRX/USDT] Missing required indicators for 15m
2025-07-05 17:52:04,954 - INFO - Indicators calculated: ['timestamp', 'open', 'high', 'low', 'close', 'volume', 'ma20', 'ema8', 'ema21', 'macd', 'signal_line', 'rsi', 'adx', 'vwap', 'atr', 'stoch_k', 'stoch_d', 'bollinger_mid', 'bollinger_std', 'bollinger_upper', 'bollinger_lower']
2025-07-05 17:52:04,968 - INFO - Candle patterns identified successfully
2025-07-05 17:52:04,968 - WARNING - [ZEC/USDT] Missing required indicators for 15m
2025-07-05 17:52:05,028 - INFO - Indicators calculated: ['timestamp', 'open', 'high', 'low', 'close', 'volume', 'ma20', 'ema8', 'ema21', 'macd', 'signal_line', 'rsi', 'adx', 'vwap', 'atr', 'stoch_k', 'stoch_d', 'bollinger_mid', 'bollinger_std', 'bollinger_upper', 'bollinger_lower']
2025-07-05 17:52:05,036 - INFO - Candle patterns identified successfully
2025-07-05 17:52:05,036 - WARNING - [NKN/USDT] Missing required indicators for 15m
2025-07-05 17:52:05,091 - INFO - Indicators calculated: ['timestamp', 'open', 'high', 'low', 'close', 'volume', 'ma20', 'ema8', 'ema21', 'macd', 'signal_line', 'rsi', 'adx', 'vwap', 'atr', 'stoch_k', 'stoch_d', 'bollinger_mid', 'bollinger_std', 'bollinger_upper', 'bollinger_lower']
2025-07-05 17:52:05,098 - INFO - Candle patterns identified successfully
2025-07-05 17:52:05,098 - WARNING - [IOTA/USDT] Missing required indicators for 15m
2025-07-05 17:52:06,597 - INFO - [ZIL/USDT] Fetched 50 candles for 15m, columns: ['timestamp', 'open', 'high', 'low', 'close', 'volume']
2025-07-05 17:52:06,600 - INFO - [ICX/USDT] Fetched 50 candles for 15m, columns: ['timestamp', 'open', 'high', 'low', 'close', 'volume']
2025-07-05 17:52:07,750 - INFO - Indicators calculated: ['timestamp', 'open', 'high', 'low', 'close', 'volume', 'ma20', 'ema8', 'ema21', 'macd', 'signal_line', 'rsi', 'adx', 'vwap', 'atr', 'stoch_k', 'stoch_d', 'bollinger_mid', 'bollinger_std', 'bollinger_upper', 'bollinger_lower']
2025-07-05 17:52:07,761 - INFO - Candle patterns identified successfully
2025-07-05 17:52:07,761 - WARNING - [ZIL/USDT] Missing required indicators for 15m
2025-07-05 17:52:07,825 - INFO - Indicators calculated: ['timestamp', 'open', 'high', 'low', 'close', 'volume', 'ma20', 'ema8', 'ema21', 'macd', 'signal_line', 'rsi', 'adx', 'vwap', 'atr', 'stoch_k', 'stoch_d', 'bollinger_mid', 'bollinger_std', 'bollinger_upper', 'bollinger_lower']
2025-07-05 17:52:07,835 - INFO - Candle patterns identified successfully
2025-07-05 17:52:07,835 - WARNING - [ICX/USDT] Missing required indicators for 15m
2025-07-05 17:52:12,950 - INFO - [NEO/USDT] Fetched 50 candles for 15m, columns: ['timestamp', 'open', 'high', 'low', 'close', 'volume']
2025-07-05 17:52:13,083 - INFO - [STX/USDT] Fetched 50 candles for 15m, columns: ['timestamp', 'open', 'high', 'low', 'close', 'volume']
2025-07-05 17:52:13,085 - INFO - [CHZ/USDT] Fetched 50 candles for 15m, columns: ['timestamp', 'open', 'high', 'low', 'close', 'volume']
2025-07-05 17:52:13,086 - INFO - [VET/USDT] Fetched 50 candles for 15m, columns: ['timestamp', 'open', 'high', 'low', 'close', 'volume']
2025-07-05 17:52:13,089 - INFO - [THETA/USDT] Fetched 50 candles for 15m, columns: ['timestamp', 'open', 'high', 'low', 'close', 'volume']
2025-07-05 17:52:13,091 - INFO - [ONE/USDT] Fetched 50 candles for 15m, columns: ['timestamp', 'open', 'high', 'low', 'close', 'volume']
2025-07-05 17:52:13,264 - INFO - Indicators calculated: ['timestamp', 'open', 'high', 'low', 'close', 'volume', 'ma20', 'ema8', 'ema21', 'macd', 'signal_line', 'rsi', 'adx', 'vwap', 'atr', 'stoch_k', 'stoch_d', 'bollinger_mid', 'bollinger_std', 'bollinger_upper', 'bollinger_lower']
2025-07-05 17:52:13,275 - INFO - Candle patterns identified successfully
2025-07-05 17:52:13,275 - WARNING - [NEO/USDT] Missing required indicators for 15m
2025-07-05 17:52:13,401 - INFO - Indicators calculated: ['timestamp', 'open', 'high', 'low', 'close', 'volume', 'ma20', 'ema8', 'ema21', 'macd', 'signal_line', 'rsi', 'adx', 'vwap', 'atr', 'stoch_k', 'stoch_d', 'bollinger_mid', 'bollinger_std', 'bollinger_upper', 'bollinger_lower']
2025-07-05 17:52:13,409 - INFO - Candle patterns identified successfully
2025-07-05 17:52:13,409 - WARNING - [STX/USDT] Missing required indicators for 15m
2025-07-05 17:52:13,469 - INFO - Indicators calculated: ['timestamp', 'open', 'high', 'low', 'close', 'volume', 'ma20', 'ema8', 'ema21', 'macd', 'signal_line', 'rsi', 'adx', 'vwap', 'atr', 'stoch_k', 'stoch_d', 'bollinger_mid', 'bollinger_std', 'bollinger_upper', 'bollinger_lower']
2025-07-05 17:52:13,481 - INFO - Candle patterns identified successfully
2025-07-05 17:52:13,481 - WARNING - [CHZ/USDT] Missing required indicators for 15m
2025-07-05 17:52:13,542 - INFO - Indicators calculated: ['timestamp', 'open', 'high', 'low', 'close', 'volume', 'ma20', 'ema8', 'ema21', 'macd', 'signal_line', 'rsi', 'adx', 'vwap', 'atr', 'stoch_k', 'stoch_d', 'bollinger_mid', 'bollinger_std', 'bollinger_upper', 'bollinger_lower']
2025-07-05 17:52:13,552 - INFO - Candle patterns identified successfully
2025-07-05 17:52:13,552 - WARNING - [VET/USDT] Missing required indicators for 15m
2025-07-05 17:52:13,610 - INFO - Indicators calculated: ['timestamp', 'open', 'high', 'low', 'close', 'volume', 'ma20', 'ema8', 'ema21', 'macd', 'signal_line', 'rsi', 'adx', 'vwap', 'atr', 'stoch_k', 'stoch_d', 'bollinger_mid', 'bollinger_std', 'bollinger_upper', 'bollinger_lower']
2025-07-05 17:52:13,619 - INFO - Candle patterns identified successfully
2025-07-05 17:52:13,619 - WARNING - [THETA/USDT] Missing required indicators for 15m
2025-07-05 17:52:13,691 - INFO - Indicators calculated: ['timestamp', 'open', 'high', 'low', 'close', 'volume', 'ma20', 'ema8', 'ema21', 'macd', 'signal_line', 'rsi', 'adx', 'vwap', 'atr', 'stoch_k', 'stoch_d', 'bollinger_mid', 'bollinger_std', 'bollinger_upper', 'bollinger_lower']
2025-07-05 17:52:13,700 - INFO - Candle patterns identified successfully
2025-07-05 17:52:13,701 - WARNING - [ONE/USDT] Missing required indicators for 15m
2025-07-05 17:52:18,704 - INFO - Scan cycle completed
2025-07-05 17:57:18,705 - INFO - Starting new scan cycle
2025-07-05 17:57:18,705 - INFO - Fetching USDT pairs from Binance Futures
2025-07-05 17:57:18,705 - INFO - Total markets fetched: 3746
2025-07-05 17:57:18,706 - INFO - Total USDT pairs after initial filtering: 394
2025-07-05 17:57:18,706 - INFO - Limited to top 50 USDT pairs for volume check
2025-07-05 17:57:18,868 - INFO - [BTC/USDT] Volume check: 5,731,445,986.90
2025-07-05 17:57:19,368 - INFO - [ETH/USDT] Volume check: 5,761,425,606.74
2025-07-05 17:57:19,683 - INFO - [BNB/USDT] Volume check: 107,447,968.42
2025-07-05 17:57:19,938 - INFO - [NEO/USDT] Volume check: 7,301,553.64
2025-07-05 17:57:20,181 - INFO - [LTC/USDT] Volume check: 104,697,532.95
2025-07-05 17:57:20,681 - INFO - [QTUM/USDT] Volume check: 4,288,592.73
2025-07-05 17:57:20,923 - INFO - [ADA/USDT] Volume check: 193,638,064.14
2025-07-05 17:57:21,422 - INFO - [XRP/USDT] Volume check: 503,448,921.71
2025-07-05 17:57:21,665 - INFO - [TUSD/USDT] Volume check: 0.00
2025-07-05 17:57:22,163 - INFO - [IOTA/USDT] Volume check: 4,271,386.94
2025-07-05 17:57:22,664 - INFO - [XLM/USDT] Volume check: 21,006,852.56
2025-07-05 17:57:23,165 - INFO - [ONT/USDT] Volume check: 2,129,622.16
2025-07-05 17:57:23,671 - INFO - [TRX/USDT] Volume check: 44,116,761.95
2025-07-05 17:57:23,917 - INFO - [ETC/USDT] Volume check: 33,705,964.63
2025-07-05 17:57:24,416 - INFO - [ICX/USDT] Volume check: 2,874,146.25
2025-07-05 17:57:24,659 - INFO - [VET/USDT] Volume check: 8,144,973.07
2025-07-05 17:57:25,161 - INFO - [USDC/USDT] Volume check: 2,027,731.37
2025-07-05 17:57:25,412 - INFO - [LINK/USDT] Volume check: 105,149,270.03
2025-07-05 17:57:25,664 - INFO - [ONG/USDT] Volume check: 868,722.82
2025-07-05 17:57:26,159 - INFO - [HOT/USDT] Volume check: 2,151,216.76
2025-07-05 17:57:26,655 - INFO - [ZIL/USDT] Volume check: 4,980,334.07
2025-07-05 17:57:27,149 - INFO - [ZRX/USDT] Volume check: 4,859,412.34
2025-07-05 17:57:27,649 - INFO - [FET/USDT] Volume check: 52,429,933.63
2025-07-05 17:57:28,153 - INFO - [BAT/USDT] Volume check: 2,815,178.02
2025-07-05 17:57:28,658 - INFO - [ZEC/USDT] Volume check: 4,219,663.70
2025-07-05 17:57:28,912 - INFO - [IOST/USDT] Volume check: 1,864,370.36
2025-07-05 17:57:29,413 - INFO - [CELR/USDT] Volume check: 2,508,181.73
2025-07-05 17:57:29,909 - INFO - [DASH/USDT] Volume check: 2,183,247.22
2025-07-05 17:57:30,152 - INFO - [THETA/USDT] Volume check: 5,719,276.00
2025-07-05 17:57:30,403 - INFO - [ENJ/USDT] Volume check: 2,506,432.09
2025-07-05 17:57:30,908 - INFO - [ATOM/USDT] Volume check: 22,286,439.18
2025-07-05 17:57:31,151 - INFO - [TFUEL/USDT] Volume check: 0.00
2025-07-05 17:57:31,397 - INFO - [ONE/USDT] Volume check: 5,186,215.10
2025-07-05 17:57:31,637 - INFO - [ALGO/USDT] Volume check: 16,886,747.47
2025-07-05 17:57:31,880 - INFO - [DOGE/USDT] Volume check: 483,236,099.09
2025-07-05 17:57:32,128 - INFO - [DUSK/USDT] Volume check: 2,771,107.62
2025-07-05 17:57:32,372 - INFO - [ANKR/USDT] Volume check: 1,835,694.94
2025-07-05 17:57:32,872 - INFO - [WIN/USDT] Volume check: 0.00
2025-07-05 17:57:33,114 - INFO - [COS/USDT] Volume check: 816,001.34
2025-07-05 17:57:33,365 - INFO - [MTL/USDT] Volume check: 1,093,750.49
2025-07-05 17:57:33,877 - INFO - [DENT/USDT] Volume check: 1,270,384.98
2025-07-05 17:57:34,425 - INFO - [WAN/USDT] Volume check: 0.00
2025-07-05 17:57:34,682 - INFO - [CVC/USDT] Volume check: 697,391.94
2025-07-05 17:57:34,924 - INFO - [CHZ/USDT] Volume check: 5,901,616.11
2025-07-05 17:57:35,168 - INFO - [BAND/USDT] Volume check: 2,318,025.21
2025-07-05 17:57:35,666 - INFO - [XTZ/USDT] Volume check: 11,816,784.84
2025-07-05 17:57:36,170 - INFO - [RVN/USDT] Volume check: 10,199,115.42
2025-07-05 17:57:36,413 - INFO - [HBAR/USDT] Volume check: 45,606,493.01
2025-07-05 17:57:36,913 - INFO - [NKN/USDT] Volume check: 2,873,569.04
2025-07-05 17:57:37,156 - INFO - [STX/USDT] Volume check: 9,149,593.19
2025-07-05 17:57:37,256 - INFO - Selected top 30 USDT pairs with volume > $500,000: ['ETH/USDT', 'BTC/USDT', 'XRP/USDT', 'DOGE/USDT', 'ADA/USDT', 'BNB/USDT', 'LINK/USDT', 'LTC/USDT', 'FET/USDT', 'HBAR/USDT', 'TRX/USDT', 'ETC/USDT', 'ATOM/USDT', 'XLM/USDT', 'ALGO/USDT', 'XTZ/USDT', 'RVN/USDT', 'STX/USDT', 'VET/USDT', 'NEO/USDT', 'CHZ/USDT', 'THETA/USDT', 'ONE/USDT', 'ZIL/USDT', 'ZRX/USDT', 'QTUM/USDT', 'IOTA/USDT', 'ZEC/USDT', 'ICX/USDT', 'NKN/USDT']
2025-07-05 17:57:37,257 - INFO - Processing batch of 30 symbols: ['ETH/USDT', 'BTC/USDT', 'XRP/USDT', 'DOGE/USDT', 'ADA/USDT', 'BNB/USDT', 'LINK/USDT', 'LTC/USDT', 'FET/USDT', 'HBAR/USDT', 'TRX/USDT', 'ETC/USDT', 'ATOM/USDT', 'XLM/USDT', 'ALGO/USDT', 'XTZ/USDT', 'RVN/USDT', 'STX/USDT', 'VET/USDT', 'NEO/USDT', 'CHZ/USDT', 'THETA/USDT', 'ONE/USDT', 'ZIL/USDT', 'ZRX/USDT', 'QTUM/USDT', 'IOTA/USDT', 'ZEC/USDT', 'ICX/USDT', 'NKN/USDT']
2025-07-05 17:57:37,257 - INFO - [ETH/USDT] Scanning for signal
2025-07-05 17:57:37,655 - INFO - [ETH/USDT] Volume check: 5,761,908,951.03
2025-07-05 17:57:37,655 - INFO - [BTC/USDT] Scanning for signal
2025-07-05 17:57:37,802 - INFO - [BTC/USDT] Volume check: 5,731,653,649.04
2025-07-05 17:57:37,803 - INFO - [XRP/USDT] Scanning for signal
2025-07-05 17:57:37,947 - INFO - [XRP/USDT] Volume check: 503,458,215.84
2025-07-05 17:57:37,947 - INFO - [DOGE/USDT] Scanning for signal
2025-07-05 17:57:38,349 - INFO - [DOGE/USDT] Volume check: 483,238,500.08
2025-07-05 17:57:38,350 - INFO - [ADA/USDT] Scanning for signal
2025-07-05 17:57:38,753 - INFO - [ADA/USDT] Volume check: 193,649,949.78
2025-07-05 17:57:38,753 - INFO - [BNB/USDT] Scanning for signal
2025-07-05 17:57:38,894 - INFO - [BNB/USDT] Volume check: 107,449,425.16
2025-07-05 17:57:38,895 - INFO - [LINK/USDT] Scanning for signal
2025-07-05 17:57:39,293 - INFO - [LINK/USDT] Volume check: 105,159,354.57
2025-07-05 17:57:39,293 - INFO - [LTC/USDT] Scanning for signal
2025-07-05 17:57:39,444 - INFO - [LTC/USDT] Volume check: 104,709,692.96
2025-07-05 17:57:39,444 - INFO - [FET/USDT] Scanning for signal
2025-07-05 17:57:39,593 - INFO - [FET/USDT] Volume check: 52,432,039.00
2025-07-05 17:57:39,593 - INFO - [HBAR/USDT] Scanning for signal
2025-07-05 17:57:39,995 - INFO - [HBAR/USDT] Volume check: 45,611,850.49
2025-07-05 17:57:39,995 - INFO - [TRX/USDT] Scanning for signal
2025-07-05 17:57:40,395 - INFO - [TRX/USDT] Volume check: 44,116,936.37
2025-07-05 17:57:40,395 - INFO - [ETC/USDT] Scanning for signal
2025-07-05 17:57:40,540 - INFO - [ETC/USDT] Volume check: 33,718,964.62
2025-07-05 17:57:40,540 - INFO - [ATOM/USDT] Scanning for signal
2025-07-05 17:57:40,939 - INFO - [ATOM/USDT] Volume check: 22,286,439.18
2025-07-05 17:57:40,939 - INFO - [XLM/USDT] Scanning for signal
2025-07-05 17:57:41,080 - INFO - [XLM/USDT] Volume check: 21,007,010.97
2025-07-05 17:57:41,080 - INFO - [ALGO/USDT] Scanning for signal
2025-07-05 17:57:41,490 - INFO - [ALGO/USDT] Volume check: 16,886,747.47
2025-07-05 17:57:41,490 - INFO - [XTZ/USDT] Scanning for signal
2025-07-05 17:57:41,898 - INFO - [XTZ/USDT] Volume check: 11,816,792.03
2025-07-05 17:57:41,899 - INFO - [RVN/USDT] Scanning for signal
2025-07-05 17:57:42,043 - INFO - [RVN/USDT] Volume check: 10,199,115.42
2025-07-05 17:57:42,044 - INFO - [STX/USDT] Scanning for signal
2025-07-05 17:57:42,453 - INFO - [STX/USDT] Volume check: 9,149,604.71
2025-07-05 17:57:42,454 - INFO - [VET/USDT] Scanning for signal
2025-07-05 17:57:42,855 - INFO - [VET/USDT] Volume check: 8,145,772.29
2025-07-05 17:57:42,856 - INFO - [NEO/USDT] Scanning for signal
2025-07-05 17:57:43,325 - INFO - [NEO/USDT] Volume check: 7,302,567.08
2025-07-05 17:57:43,325 - INFO - [CHZ/USDT] Scanning for signal
2025-07-05 17:57:43,725 - INFO - [CHZ/USDT] Volume check: 5,901,616.11
2025-07-05 17:57:43,726 - INFO - [THETA/USDT] Scanning for signal
2025-07-05 17:57:44,137 - INFO - [THETA/USDT] Volume check: 5,719,341.92
2025-07-05 17:57:44,138 - INFO - [ONE/USDT] Scanning for signal
2025-07-05 17:57:44,287 - INFO - [ONE/USDT] Volume check: 5,186,215.10
2025-07-05 17:57:44,288 - INFO - [ZIL/USDT] Scanning for signal
2025-07-05 17:57:44,434 - INFO - [ZIL/USDT] Volume check: 4,981,177.44
2025-07-05 17:57:44,435 - INFO - [ZRX/USDT] Scanning for signal
2025-07-05 17:57:44,576 - INFO - [ZRX/USDT] Volume check: 4,863,860.31
2025-07-05 17:57:44,577 - INFO - [QTUM/USDT] Scanning for signal
2025-07-05 17:57:44,726 - INFO - [QTUM/USDT] Volume check: 4,288,741.45
2025-07-05 17:57:44,726 - INFO - [IOTA/USDT] Scanning for signal
2025-07-05 17:57:44,871 - INFO - [IOTA/USDT] Volume check: 4,271,847.61
2025-07-05 17:57:44,872 - INFO - [ZEC/USDT] Scanning for signal
2025-07-05 17:57:45,012 - INFO - [ZEC/USDT] Volume check: 4,219,663.70
2025-07-05 17:57:45,012 - INFO - [ICX/USDT] Scanning for signal
2025-07-05 17:57:45,156 - INFO - [ICX/USDT] Volume check: 2,874,146.25
2025-07-05 17:57:45,156 - INFO - [NKN/USDT] Scanning for signal
2025-07-05 17:57:45,296 - INFO - [NKN/USDT] Volume check: 2,873,577.85
2025-07-05 17:58:01,613 - ERROR - [ZRX/USDT] Error processing: binance GET https://fapi.binance.com/fapi/v1/ticker/24hr?symbol=ZRXUSDT
2025-07-05 17:58:01,621 - ERROR - [XLM/USDT] Retry 1/3 for 15m: binance GET https://fapi.binance.com/fapi/v1/exchangeInfo
2025-07-05 17:58:01,622 - ERROR - [XTZ/USDT] Retry 1/3 for 15m: binance GET https://fapi.binance.com/fapi/v1/exchangeInfo
2025-07-05 17:58:01,622 - ERROR - [FET/USDT] Retry 1/3 for 15m: binance GET https://fapi.binance.com/fapi/v1/exchangeInfo
2025-07-05 17:58:01,622 - ERROR - [ALGO/USDT] Retry 1/3 for 15m: binance GET https://fapi.binance.com/fapi/v1/exchangeInfo
2025-07-05 17:58:01,715 - ERROR - [CHZ/USDT] Retry 1/3 for 15m: binance GET https://api.binance.com/api/v3/exchangeInfo
2025-07-05 17:58:01,716 - ERROR - [NEO/USDT] Retry 1/3 for 15m: binance GET https://api.binance.com/api/v3/exchangeInfo
2025-07-05 17:58:01,717 - ERROR - [THETA/USDT] Retry 1/3 for 15m: binance GET https://api.binance.com/api/v3/exchangeInfo
2025-07-05 17:58:01,791 - ERROR - [VET/USDT] Retry 1/3 for 15m: binance GET https://dapi.binance.com/dapi/v1/exchangeInfo
2025-07-05 17:58:01,792 - ERROR - [RVN/USDT] Retry 1/3 for 15m: binance GET https://dapi.binance.com/dapi/v1/exchangeInfo
2025-07-05 17:58:01,792 - ERROR - [STX/USDT] Retry 1/3 for 15m: binance GET https://fapi.binance.com/fapi/v1/exchangeInfo
2025-07-05 17:58:01,812 - INFO - [DOGE/USDT] Fetched 50 candles for 15m, columns: ['timestamp', 'open', 'high', 'low', 'close', 'volume']
2025-07-05 17:58:01,814 - INFO - [ETH/USDT] Fetched 50 candles for 15m, columns: ['timestamp', 'open', 'high', 'low', 'close', 'volume']
2025-07-05 17:58:01,927 - INFO - [XRP/USDT] Fetched 50 candles for 15m, columns: ['timestamp', 'open', 'high', 'low', 'close', 'volume']
2025-07-05 17:58:01,933 - INFO - [ADA/USDT] Fetched 50 candles for 15m, columns: ['timestamp', 'open', 'high', 'low', 'close', 'volume']
2025-07-05 17:58:01,936 - INFO - [BTC/USDT] Fetched 50 candles for 15m, columns: ['timestamp', 'open', 'high', 'low', 'close', 'volume']
2025-07-05 17:58:01,939 - INFO - [LTC/USDT] Fetched 50 candles for 15m, columns: ['timestamp', 'open', 'high', 'low', 'close', 'volume']
2025-07-05 17:58:01,941 - INFO - [HBAR/USDT] Fetched 50 candles for 15m, columns: ['timestamp', 'open', 'high', 'low', 'close', 'volume']
2025-07-05 17:58:01,944 - INFO - [TRX/USDT] Fetched 50 candles for 15m, columns: ['timestamp', 'open', 'high', 'low', 'close', 'volume']
2025-07-05 17:58:01,946 - INFO - [LINK/USDT] Fetched 50 candles for 15m, columns: ['timestamp', 'open', 'high', 'low', 'close', 'volume']
2025-07-05 17:58:01,948 - INFO - [ATOM/USDT] Fetched 50 candles for 15m, columns: ['timestamp', 'open', 'high', 'low', 'close', 'volume']
2025-07-05 17:58:01,954 - INFO - [BNB/USDT] Fetched 50 candles for 15m, columns: ['timestamp', 'open', 'high', 'low', 'close', 'volume']
2025-07-05 17:58:01,959 - INFO - [ETC/USDT] Fetched 50 candles for 15m, columns: ['timestamp', 'open', 'high', 'low', 'close', 'volume']
2025-07-05 17:58:02,523 - INFO - Indicators calculated: ['timestamp', 'open', 'high', 'low', 'close', 'volume', 'ma20', 'ema8', 'ema21', 'macd', 'signal_line', 'rsi', 'adx', 'vwap', 'atr', 'stoch_k', 'stoch_d', 'bollinger_mid', 'bollinger_std', 'bollinger_upper', 'bollinger_lower']
2025-07-05 17:58:02,555 - INFO - Candle patterns identified successfully
2025-07-05 17:58:02,556 - WARNING - [DOGE/USDT] Missing required indicators for 15m
2025-07-05 17:58:02,626 - INFO - Indicators calculated: ['timestamp', 'open', 'high', 'low', 'close', 'volume', 'ma20', 'ema8', 'ema21', 'macd', 'signal_line', 'rsi', 'adx', 'vwap', 'atr', 'stoch_k', 'stoch_d', 'bollinger_mid', 'bollinger_std', 'bollinger_upper', 'bollinger_lower']
2025-07-05 17:58:02,647 - INFO - Candle patterns identified successfully
2025-07-05 17:58:02,648 - WARNING - [ETH/USDT] Missing required indicators for 15m
2025-07-05 17:58:02,729 - INFO - Indicators calculated: ['timestamp', 'open', 'high', 'low', 'close', 'volume', 'ma20', 'ema8', 'ema21', 'macd', 'signal_line', 'rsi', 'adx', 'vwap', 'atr', 'stoch_k', 'stoch_d', 'bollinger_mid', 'bollinger_std', 'bollinger_upper', 'bollinger_lower']
2025-07-05 17:58:02,746 - INFO - Candle patterns identified successfully
2025-07-05 17:58:02,747 - WARNING - [XRP/USDT] Missing required indicators for 15m
2025-07-05 17:58:02,823 - INFO - Indicators calculated: ['timestamp', 'open', 'high', 'low', 'close', 'volume', 'ma20', 'ema8', 'ema21', 'macd', 'signal_line', 'rsi', 'adx', 'vwap', 'atr', 'stoch_k', 'stoch_d', 'bollinger_mid', 'bollinger_std', 'bollinger_upper', 'bollinger_lower']
2025-07-05 17:58:02,843 - INFO - Candle patterns identified successfully
2025-07-05 17:58:02,844 - WARNING - [ADA/USDT] Missing required indicators for 15m
2025-07-05 17:58:02,913 - INFO - Indicators calculated: ['timestamp', 'open', 'high', 'low', 'close', 'volume', 'ma20', 'ema8', 'ema21', 'macd', 'signal_line', 'rsi', 'adx', 'vwap', 'atr', 'stoch_k', 'stoch_d', 'bollinger_mid', 'bollinger_std', 'bollinger_upper', 'bollinger_lower']
2025-07-05 17:58:02,923 - INFO - Candle patterns identified successfully
2025-07-05 17:58:02,923 - WARNING - [BTC/USDT] Missing required indicators for 15m
2025-07-05 17:58:02,998 - INFO - Indicators calculated: ['timestamp', 'open', 'high', 'low', 'close', 'volume', 'ma20', 'ema8', 'ema21', 'macd', 'signal_line', 'rsi', 'adx', 'vwap', 'atr', 'stoch_k', 'stoch_d', 'bollinger_mid', 'bollinger_std', 'bollinger_upper', 'bollinger_lower']
2025-07-05 17:58:03,009 - INFO - Candle patterns identified successfully
2025-07-05 17:58:03,009 - WARNING - [LTC/USDT] Missing required indicators for 15m
2025-07-05 17:58:03,085 - INFO - Indicators calculated: ['timestamp', 'open', 'high', 'low', 'close', 'volume', 'ma20', 'ema8', 'ema21', 'macd', 'signal_line', 'rsi', 'adx', 'vwap', 'atr', 'stoch_k', 'stoch_d', 'bollinger_mid', 'bollinger_std', 'bollinger_upper', 'bollinger_lower']
2025-07-05 17:58:03,097 - INFO - Candle patterns identified successfully
2025-07-05 17:58:03,097 - WARNING - [HBAR/USDT] Missing required indicators for 15m
2025-07-05 17:58:03,167 - INFO - Indicators calculated: ['timestamp', 'open', 'high', 'low', 'close', 'volume', 'ma20', 'ema8', 'ema21', 'macd', 'signal_line', 'rsi', 'adx', 'vwap', 'atr', 'stoch_k', 'stoch_d', 'bollinger_mid', 'bollinger_std', 'bollinger_upper', 'bollinger_lower']
2025-07-05 17:58:03,178 - INFO - Candle patterns identified successfully
2025-07-05 17:58:03,179 - WARNING - [TRX/USDT] Missing required indicators for 15m
2025-07-05 17:58:03,234 - INFO - Indicators calculated: ['timestamp', 'open', 'high', 'low', 'close', 'volume', 'ma20', 'ema8', 'ema21', 'macd', 'signal_line', 'rsi', 'adx', 'vwap', 'atr', 'stoch_k', 'stoch_d', 'bollinger_mid', 'bollinger_std', 'bollinger_upper', 'bollinger_lower']
2025-07-05 17:58:03,247 - INFO - Candle patterns identified successfully
2025-07-05 17:58:03,248 - WARNING - [LINK/USDT] Missing required indicators for 15m
2025-07-05 17:58:03,309 - INFO - Indicators calculated: ['timestamp', 'open', 'high', 'low', 'close', 'volume', 'ma20', 'ema8', 'ema21', 'macd', 'signal_line', 'rsi', 'adx', 'vwap', 'atr', 'stoch_k', 'stoch_d', 'bollinger_mid', 'bollinger_std', 'bollinger_upper', 'bollinger_lower']
2025-07-05 17:58:03,322 - INFO - Candle patterns identified successfully
2025-07-05 17:58:03,323 - WARNING - [ATOM/USDT] Missing required indicators for 15m
2025-07-05 17:58:03,390 - INFO - Indicators calculated: ['timestamp', 'open', 'high', 'low', 'close', 'volume', 'ma20', 'ema8', 'ema21', 'macd', 'signal_line', 'rsi', 'adx', 'vwap', 'atr', 'stoch_k', 'stoch_d', 'bollinger_mid', 'bollinger_std', 'bollinger_upper', 'bollinger_lower']
2025-07-05 17:58:03,399 - INFO - Candle patterns identified successfully
2025-07-05 17:58:03,399 - WARNING - [BNB/USDT] Missing required indicators for 15m
2025-07-05 17:58:03,489 - INFO - Indicators calculated: ['timestamp', 'open', 'high', 'low', 'close', 'volume', 'ma20', 'ema8', 'ema21', 'macd', 'signal_line', 'rsi', 'adx', 'vwap', 'atr', 'stoch_k', 'stoch_d', 'bollinger_mid', 'bollinger_std', 'bollinger_upper', 'bollinger_lower']
2025-07-05 17:58:03,502 - INFO - Candle patterns identified successfully
2025-07-05 17:58:03,504 - WARNING - [ETC/USDT] Missing required indicators for 15m
2025-07-05 17:58:06,839 - INFO - [ONE/USDT] Fetched 50 candles for 15m, columns: ['timestamp', 'open', 'high', 'low', 'close', 'volume']
2025-07-05 17:58:06,842 - INFO - [ZIL/USDT] Fetched 50 candles for 15m, columns: ['timestamp', 'open', 'high', 'low', 'close', 'volume']
2025-07-05 17:58:09,915 - INFO - Indicators calculated: ['timestamp', 'open', 'high', 'low', 'close', 'volume', 'ma20', 'ema8', 'ema21', 'macd', 'signal_line', 'rsi', 'adx', 'vwap', 'atr', 'stoch_k', 'stoch_d', 'bollinger_mid', 'bollinger_std', 'bollinger_upper', 'bollinger_lower']
2025-07-05 17:58:09,924 - INFO - Candle patterns identified successfully
2025-07-05 17:58:09,924 - WARNING - [ONE/USDT] Missing required indicators for 15m
2025-07-05 17:58:10,009 - INFO - Indicators calculated: ['timestamp', 'open', 'high', 'low', 'close', 'volume', 'ma20', 'ema8', 'ema21', 'macd', 'signal_line', 'rsi', 'adx', 'vwap', 'atr', 'stoch_k', 'stoch_d', 'bollinger_mid', 'bollinger_std', 'bollinger_upper', 'bollinger_lower']
2025-07-05 17:58:10,019 - INFO - Candle patterns identified successfully
2025-07-05 17:58:10,020 - WARNING - [ZIL/USDT] Missing required indicators for 15m
2025-07-05 17:58:17,750 - ERROR - [XTZ/USDT] Retry 2/3 for 15m: binance GET https://fapi.binance.com/fapi/v1/exchangeInfo
2025-07-05 17:58:17,825 - ERROR - [ALGO/USDT] Retry 2/3 for 15m: binance GET https://fapi.binance.com/fapi/v1/exchangeInfo
2025-07-05 17:58:17,826 - ERROR - [FET/USDT] Retry 2/3 for 15m: binance GET https://fapi.binance.com/fapi/v1/exchangeInfo
2025-07-05 17:58:17,826 - ERROR - [XLM/USDT] Retry 2/3 for 15m: binance GET https://fapi.binance.com/fapi/v1/exchangeInfo
2025-07-05 17:58:17,874 - ERROR - [STX/USDT] Retry 2/3 for 15m: binance GET https://dapi.binance.com/dapi/v1/exchangeInfo
2025-07-05 17:58:17,875 - ERROR - [VET/USDT] Retry 2/3 for 15m: binance GET https://dapi.binance.com/dapi/v1/exchangeInfo
2025-07-05 17:58:17,876 - ERROR - [RVN/USDT] Retry 2/3 for 15m: binance GET https://fapi.binance.com/fapi/v1/exchangeInfo
2025-07-05 17:58:17,881 - INFO - [IOTA/USDT] Fetched 50 candles for 15m, columns: ['timestamp', 'open', 'high', 'low', 'close', 'volume']
2025-07-05 17:58:17,883 - INFO - [QTUM/USDT] Fetched 50 candles for 15m, columns: ['timestamp', 'open', 'high', 'low', 'close', 'volume']
2025-07-05 17:58:18,011 - INFO - [NKN/USDT] Fetched 50 candles for 15m, columns: ['timestamp', 'open', 'high', 'low', 'close', 'volume']
2025-07-05 17:58:18,014 - INFO - [ICX/USDT] Fetched 50 candles for 15m, columns: ['timestamp', 'open', 'high', 'low', 'close', 'volume']
2025-07-05 17:58:18,016 - INFO - [CHZ/USDT] Fetched 50 candles for 15m, columns: ['timestamp', 'open', 'high', 'low', 'close', 'volume']
2025-07-05 17:58:18,018 - INFO - [ZEC/USDT] Fetched 50 candles for 15m, columns: ['timestamp', 'open', 'high', 'low', 'close', 'volume']
2025-07-05 17:58:18,019 - INFO - [THETA/USDT] Fetched 50 candles for 15m, columns: ['timestamp', 'open', 'high', 'low', 'close', 'volume']
2025-07-05 17:58:18,022 - INFO - [NEO/USDT] Fetched 50 candles for 15m, columns: ['timestamp', 'open', 'high', 'low', 'close', 'volume']
2025-07-05 17:58:18,198 - INFO - Indicators calculated: ['timestamp', 'open', 'high', 'low', 'close', 'volume', 'ma20', 'ema8', 'ema21', 'macd', 'signal_line', 'rsi', 'adx', 'vwap', 'atr', 'stoch_k', 'stoch_d', 'bollinger_mid', 'bollinger_std', 'bollinger_upper', 'bollinger_lower']
2025-07-05 17:58:18,206 - INFO - Candle patterns identified successfully
2025-07-05 17:58:18,206 - WARNING - [IOTA/USDT] Missing required indicators for 15m
2025-07-05 17:58:18,280 - INFO - Indicators calculated: ['timestamp', 'open', 'high', 'low', 'close', 'volume', 'ma20', 'ema8', 'ema21', 'macd', 'signal_line', 'rsi', 'adx', 'vwap', 'atr', 'stoch_k', 'stoch_d', 'bollinger_mid', 'bollinger_std', 'bollinger_upper', 'bollinger_lower']
2025-07-05 17:58:18,294 - INFO - Candle patterns identified successfully
2025-07-05 17:58:18,295 - WARNING - [QTUM/USDT] Missing required indicators for 15m
2025-07-05 17:58:18,368 - INFO - Indicators calculated: ['timestamp', 'open', 'high', 'low', 'close', 'volume', 'ma20', 'ema8', 'ema21', 'macd', 'signal_line', 'rsi', 'adx', 'vwap', 'atr', 'stoch_k', 'stoch_d', 'bollinger_mid', 'bollinger_std', 'bollinger_upper', 'bollinger_lower']
2025-07-05 17:58:18,377 - INFO - Candle patterns identified successfully
2025-07-05 17:58:18,378 - WARNING - [NKN/USDT] Missing required indicators for 15m
2025-07-05 17:58:18,439 - INFO - Indicators calculated: ['timestamp', 'open', 'high', 'low', 'close', 'volume', 'ma20', 'ema8', 'ema21', 'macd', 'signal_line', 'rsi', 'adx', 'vwap', 'atr', 'stoch_k', 'stoch_d', 'bollinger_mid', 'bollinger_std', 'bollinger_upper', 'bollinger_lower']
2025-07-05 17:58:18,450 - INFO - Candle patterns identified successfully
2025-07-05 17:58:18,450 - WARNING - [ICX/USDT] Missing required indicators for 15m
2025-07-05 17:58:18,502 - INFO - Indicators calculated: ['timestamp', 'open', 'high', 'low', 'close', 'volume', 'ma20', 'ema8', 'ema21', 'macd', 'signal_line', 'rsi', 'adx', 'vwap', 'atr', 'stoch_k', 'stoch_d', 'bollinger_mid', 'bollinger_std', 'bollinger_upper', 'bollinger_lower']
2025-07-05 17:58:18,510 - INFO - Candle patterns identified successfully
2025-07-05 17:58:18,511 - WARNING - [CHZ/USDT] Missing required indicators for 15m
2025-07-05 17:58:18,566 - INFO - Indicators calculated: ['timestamp', 'open', 'high', 'low', 'close', 'volume', 'ma20', 'ema8', 'ema21', 'macd', 'signal_line', 'rsi', 'adx', 'vwap', 'atr', 'stoch_k', 'stoch_d', 'bollinger_mid', 'bollinger_std', 'bollinger_upper', 'bollinger_lower']
2025-07-05 17:58:18,574 - INFO - Candle patterns identified successfully
2025-07-05 17:58:18,575 - WARNING - [ZEC/USDT] Missing required indicators for 15m
2025-07-05 17:58:18,628 - INFO - Indicators calculated: ['timestamp', 'open', 'high', 'low', 'close', 'volume', 'ma20', 'ema8', 'ema21', 'macd', 'signal_line', 'rsi', 'adx', 'vwap', 'atr', 'stoch_k', 'stoch_d', 'bollinger_mid', 'bollinger_std', 'bollinger_upper', 'bollinger_lower']
2025-07-05 17:58:18,636 - INFO - Candle patterns identified successfully
2025-07-05 17:58:18,636 - WARNING - [THETA/USDT] Missing required indicators for 15m
2025-07-05 17:58:18,695 - INFO - Indicators calculated: ['timestamp', 'open', 'high', 'low', 'close', 'volume', 'ma20', 'ema8', 'ema21', 'macd', 'signal_line', 'rsi', 'adx', 'vwap', 'atr', 'stoch_k', 'stoch_d', 'bollinger_mid', 'bollinger_std', 'bollinger_upper', 'bollinger_lower']
2025-07-05 17:58:18,703 - INFO - Candle patterns identified successfully
2025-07-05 17:58:18,703 - WARNING - [NEO/USDT] Missing required indicators for 15m
2025-07-05 17:58:27,070 - INFO - [ALGO/USDT] Fetched 50 candles for 15m, columns: ['timestamp', 'open', 'high', 'low', 'close', 'volume']
2025-07-05 17:58:27,204 - INFO - [FET/USDT] Fetched 50 candles for 15m, columns: ['timestamp', 'open', 'high', 'low', 'close', 'volume']
2025-07-05 17:58:27,207 - INFO - [XLM/USDT] Fetched 50 candles for 15m, columns: ['timestamp', 'open', 'high', 'low', 'close', 'volume']
2025-07-05 17:58:27,252 - INFO - [STX/USDT] Fetched 50 candles for 15m, columns: ['timestamp', 'open', 'high', 'low', 'close', 'volume']
2025-07-05 17:58:27,255 - INFO - [VET/USDT] Fetched 50 candles for 15m, columns: ['timestamp', 'open', 'high', 'low', 'close', 'volume']
2025-07-05 17:58:27,256 - INFO - [RVN/USDT] Fetched 50 candles for 15m, columns: ['timestamp', 'open', 'high', 'low', 'close', 'volume']
2025-07-05 17:58:27,266 - INFO - [XTZ/USDT] Fetched 50 candles for 15m, columns: ['timestamp', 'open', 'high', 'low', 'close', 'volume']
2025-07-05 17:58:27,379 - INFO - Indicators calculated: ['timestamp', 'open', 'high', 'low', 'close', 'volume', 'ma20', 'ema8', 'ema21', 'macd', 'signal_line', 'rsi', 'adx', 'vwap', 'atr', 'stoch_k', 'stoch_d', 'bollinger_mid', 'bollinger_std', 'bollinger_upper', 'bollinger_lower']
2025-07-05 17:58:27,389 - INFO - Candle patterns identified successfully
2025-07-05 17:58:27,390 - WARNING - [ALGO/USDT] Missing required indicators for 15m
2025-07-05 17:58:27,507 - INFO - Indicators calculated: ['timestamp', 'open', 'high', 'low', 'close', 'volume', 'ma20', 'ema8', 'ema21', 'macd', 'signal_line', 'rsi', 'adx', 'vwap', 'atr', 'stoch_k', 'stoch_d', 'bollinger_mid', 'bollinger_std', 'bollinger_upper', 'bollinger_lower']
2025-07-05 17:58:27,517 - INFO - Candle patterns identified successfully
2025-07-05 17:58:27,518 - WARNING - [FET/USDT] Missing required indicators for 15m
2025-07-05 17:58:27,574 - INFO - Indicators calculated: ['timestamp', 'open', 'high', 'low', 'close', 'volume', 'ma20', 'ema8', 'ema21', 'macd', 'signal_line', 'rsi', 'adx', 'vwap', 'atr', 'stoch_k', 'stoch_d', 'bollinger_mid', 'bollinger_std', 'bollinger_upper', 'bollinger_lower']
2025-07-05 17:58:27,581 - INFO - Candle patterns identified successfully
2025-07-05 17:58:27,582 - WARNING - [XLM/USDT] Missing required indicators for 15m
2025-07-05 17:58:27,636 - INFO - Indicators calculated: ['timestamp', 'open', 'high', 'low', 'close', 'volume', 'ma20', 'ema8', 'ema21', 'macd', 'signal_line', 'rsi', 'adx', 'vwap', 'atr', 'stoch_k', 'stoch_d', 'bollinger_mid', 'bollinger_std', 'bollinger_upper', 'bollinger_lower']
2025-07-05 17:58:27,644 - INFO - Candle patterns identified successfully
2025-07-05 17:58:27,645 - WARNING - [STX/USDT] Missing required indicators for 15m
2025-07-05 17:58:27,709 - INFO - Indicators calculated: ['timestamp', 'open', 'high', 'low', 'close', 'volume', 'ma20', 'ema8', 'ema21', 'macd', 'signal_line', 'rsi', 'adx', 'vwap', 'atr', 'stoch_k', 'stoch_d', 'bollinger_mid', 'bollinger_std', 'bollinger_upper', 'bollinger_lower']
2025-07-05 17:58:27,721 - INFO - Candle patterns identified successfully
2025-07-05 17:58:27,721 - WARNING - [VET/USDT] Missing required indicators for 15m
2025-07-05 17:58:27,786 - INFO - Indicators calculated: ['timestamp', 'open', 'high', 'low', 'close', 'volume', 'ma20', 'ema8', 'ema21', 'macd', 'signal_line', 'rsi', 'adx', 'vwap', 'atr', 'stoch_k', 'stoch_d', 'bollinger_mid', 'bollinger_std', 'bollinger_upper', 'bollinger_lower']
2025-07-05 17:58:27,796 - INFO - Candle patterns identified successfully
2025-07-05 17:58:27,797 - WARNING - [RVN/USDT] Missing required indicators for 15m
2025-07-05 17:58:27,856 - INFO - Indicators calculated: ['timestamp', 'open', 'high', 'low', 'close', 'volume', 'ma20', 'ema8', 'ema21', 'macd', 'signal_line', 'rsi', 'adx', 'vwap', 'atr', 'stoch_k', 'stoch_d', 'bollinger_mid', 'bollinger_std', 'bollinger_upper', 'bollinger_lower']
2025-07-05 17:58:27,863 - INFO - Candle patterns identified successfully
2025-07-05 17:58:27,864 - WARNING - [XTZ/USDT] Missing required indicators for 15m
2025-07-05 17:58:32,867 - INFO - Scan cycle completed
2025-07-05 18:00:02,422 - INFO - Starting bot initialization
2025-07-05 18:00:02,422 - INFO - Initializing Binance Futures exchange
2025-07-05 18:00:02,434 - INFO - Testing Binance Futures API keys
2025-07-05 18:00:04,595 - INFO - API key test successful: BTC/USDT:USDT - 108044.8
2025-07-05 18:00:04,595 - INFO - Setting up Telegram bot
2025-07-05 18:00:05,363 - INFO - Telegram bot polling started
2025-07-05 18:00:05,364 - INFO - Starting new scan cycle
2025-07-05 18:00:05,364 - INFO - Fetching USDT pairs from Binance Futures
2025-07-05 18:00:05,364 - INFO - Total markets fetched: 3746
2025-07-05 18:00:05,366 - INFO - Total USDT pairs after initial filtering: 394
2025-07-05 18:00:05,366 - INFO - Limited to top 50 USDT pairs for volume check
2025-07-05 18:00:05,766 - INFO - [BTC/USDT] Volume check: 5,707,561,100.62
2025-07-05 18:00:06,369 - INFO - [ETH/USDT] Volume check: 5,752,261,000.08
2025-07-05 18:00:06,735 - INFO - [BNB/USDT] Volume check: 107,437,981.43
2025-07-05 18:00:07,099 - INFO - [NEO/USDT] Volume check: 7,308,700.69
2025-07-05 18:00:07,704 - INFO - [LTC/USDT] Volume check: 104,641,291.49
2025-07-05 18:00:08,055 - INFO - [QTUM/USDT] Volume check: 4,282,226.80
2025-07-05 18:00:08,656 - INFO - [ADA/USDT] Volume check: 192,615,614.71
2025-07-05 18:00:08,999 - INFO - [XRP/USDT] Volume check: 498,946,680.70
2025-07-05 18:00:09,599 - INFO - [TUSD/USDT] Volume check: 0.00
2025-07-05 18:00:09,955 - INFO - [IOTA/USDT] Volume check: 4,262,836.56
2025-07-05 18:00:10,304 - INFO - [XLM/USDT] Volume check: 20,978,601.33
2025-07-05 18:00:10,647 - INFO - [ONT/USDT] Volume check: 2,127,992.77
2025-07-05 18:00:11,385 - INFO - [TRX/USDT] Volume check: 44,132,805.09
2025-07-05 18:00:12,028 - INFO - [ETC/USDT] Volume check: 33,622,385.53
2025-07-05 18:00:12,631 - INFO - [ICX/USDT] Volume check: 2,873,444.63
2025-07-05 18:00:12,976 - INFO - [VET/USDT] Volume check: 8,141,947.73
2025-07-05 18:00:13,629 - INFO - [USDC/USDT] Volume check: 2,027,111.84
2025-07-05 18:00:14,003 - INFO - [LINK/USDT] Volume check: 104,918,014.45
2025-07-05 18:00:14,592 - INFO - [ONG/USDT] Volume check: 868,393.13
2025-07-05 18:00:14,939 - INFO - [HOT/USDT] Volume check: 2,140,507.09
2025-07-05 18:00:15,542 - INFO - [ZIL/USDT] Volume check: 4,969,465.85
2025-07-05 18:00:16,137 - INFO - [ZRX/USDT] Volume check: 4,880,355.89
2025-07-05 18:00:16,491 - INFO - [FET/USDT] Volume check: 52,397,763.46
2025-07-05 18:00:17,091 - INFO - [BAT/USDT] Volume check: 2,825,302.10
2025-07-05 18:00:17,439 - INFO - [ZEC/USDT] Volume check: 4,219,571.98
2025-07-05 18:00:17,786 - INFO - [IOST/USDT] Volume check: 1,874,632.58
2025-07-05 18:00:18,130 - INFO - [CELR/USDT] Volume check: 2,512,644.27
2025-07-05 18:00:18,729 - INFO - [DASH/USDT] Volume check: 2,187,072.94
2025-07-05 18:00:19,328 - INFO - [THETA/USDT] Volume check: 5,715,507.71
2025-07-05 18:00:19,674 - INFO - [ENJ/USDT] Volume check: 2,499,714.29
2025-07-05 18:00:20,018 - INFO - [ATOM/USDT] Volume check: 22,277,752.63
2025-07-05 18:00:20,369 - INFO - [TFUEL/USDT] Volume check: 0.00
2025-07-05 18:00:20,717 - INFO - [ONE/USDT] Volume check: 5,189,422.55
2025-07-05 18:00:21,057 - INFO - [ALGO/USDT] Volume check: 16,865,607.92
2025-07-05 18:00:21,408 - INFO - [DOGE/USDT] Volume check: 480,115,089.59
2025-07-05 18:00:21,752 - INFO - [DUSK/USDT] Volume check: 2,757,003.80
2025-07-05 18:00:22,106 - INFO - [ANKR/USDT] Volume check: 1,836,470.60
2025-07-05 18:00:22,708 - INFO - [WIN/USDT] Volume check: 0.00
2025-07-05 18:00:23,050 - INFO - [COS/USDT] Volume check: 821,584.52
2025-07-05 18:00:23,395 - INFO - [MTL/USDT] Volume check: 1,095,672.35
2025-07-05 18:00:23,998 - INFO - [DENT/USDT] Volume check: 1,269,229.41
2025-07-05 18:00:24,589 - INFO - [WAN/USDT] Volume check: 0.00
2025-07-05 18:00:24,934 - INFO - [CVC/USDT] Volume check: 699,316.42
2025-07-05 18:00:25,279 - INFO - [CHZ/USDT] Volume check: 5,894,750.59
2025-07-05 18:00:25,623 - INFO - [BAND/USDT] Volume check: 2,315,984.59
2025-07-05 18:00:25,968 - INFO - [XTZ/USDT] Volume check: 11,831,962.37
2025-07-05 18:00:26,314 - INFO - [RVN/USDT] Volume check: 10,211,171.98
2025-07-05 18:00:26,912 - INFO - [HBAR/USDT] Volume check: 45,652,592.00
2025-07-05 18:00:27,256 - INFO - [NKN/USDT] Volume check: 2,873,867.32
2025-07-05 18:00:27,603 - INFO - [STX/USDT] Volume check: 9,202,095.94
2025-07-05 18:00:27,804 - INFO - Selected top 30 USDT pairs with volume > $500,000: ['ETH/USDT', 'BTC/USDT', 'XRP/USDT', 'DOGE/USDT', 'ADA/USDT', 'BNB/USDT', 'LINK/USDT', 'LTC/USDT', 'FET/USDT', 'HBAR/USDT', 'TRX/USDT', 'ETC/USDT', 'ATOM/USDT', 'XLM/USDT', 'ALGO/USDT', 'XTZ/USDT', 'RVN/USDT', 'STX/USDT', 'VET/USDT', 'NEO/USDT', 'CHZ/USDT', 'THETA/USDT', 'ONE/USDT', 'ZIL/USDT', 'ZRX/USDT', 'QTUM/USDT', 'IOTA/USDT', 'ZEC/USDT', 'NKN/USDT', 'ICX/USDT']
2025-07-05 18:00:27,804 - INFO - Processing batch of 30 symbols: ['ETH/USDT', 'BTC/USDT', 'XRP/USDT', 'DOGE/USDT', 'ADA/USDT', 'BNB/USDT', 'LINK/USDT', 'LTC/USDT', 'FET/USDT', 'HBAR/USDT', 'TRX/USDT', 'ETC/USDT', 'ATOM/USDT', 'XLM/USDT', 'ALGO/USDT', 'XTZ/USDT', 'RVN/USDT', 'STX/USDT', 'VET/USDT', 'NEO/USDT', 'CHZ/USDT', 'THETA/USDT', 'ONE/USDT', 'ZIL/USDT', 'ZRX/USDT', 'QTUM/USDT', 'IOTA/USDT', 'ZEC/USDT', 'NKN/USDT', 'ICX/USDT']
2025-07-05 18:00:27,805 - INFO - [ETH/USDT] Scanning for signal
2025-07-05 18:00:27,957 - INFO - [ETH/USDT] Volume check: 5,753,519,876.43
2025-07-05 18:00:27,957 - INFO - [BTC/USDT] Scanning for signal
2025-07-05 18:00:28,358 - INFO - [BTC/USDT] Volume check: 5,707,445,424.53
2025-07-05 18:00:28,358 - INFO - [XRP/USDT] Scanning for signal
2025-07-05 18:00:28,758 - INFO - [XRP/USDT] Volume check: 499,289,285.12
2025-07-05 18:00:28,759 - INFO - [DOGE/USDT] Scanning for signal
2025-07-05 18:00:28,903 - INFO - [DOGE/USDT] Volume check: 480,169,485.36
2025-07-05 18:00:28,904 - INFO - [ADA/USDT] Scanning for signal
2025-07-05 18:00:29,046 - INFO - [ADA/USDT] Volume check: 192,634,697.76
2025-07-05 18:00:29,046 - INFO - [BNB/USDT] Scanning for signal
2025-07-05 18:00:29,444 - INFO - [BNB/USDT] Volume check: 107,417,378.55
2025-07-05 18:00:29,445 - INFO - [LINK/USDT] Scanning for signal
2025-07-05 18:00:29,587 - INFO - [LINK/USDT] Volume check: 104,929,257.92
2025-07-05 18:00:29,588 - INFO - [LTC/USDT] Scanning for signal
2025-07-05 18:00:29,987 - INFO - [LTC/USDT] Volume check: 104,645,382.76
2025-07-05 18:00:29,987 - INFO - [FET/USDT] Scanning for signal
2025-07-05 18:00:30,135 - INFO - [FET/USDT] Volume check: 52,405,818.58
2025-07-05 18:00:30,135 - INFO - [HBAR/USDT] Scanning for signal
2025-07-05 18:00:30,539 - INFO - [HBAR/USDT] Volume check: 45,653,712.54
2025-07-05 18:00:30,540 - INFO - [TRX/USDT] Scanning for signal
2025-07-05 18:00:30,934 - INFO - [TRX/USDT] Volume check: 44,175,936.87
2025-07-05 18:00:30,936 - INFO - [ETC/USDT] Scanning for signal
2025-07-05 18:00:31,337 - INFO - [ETC/USDT] Volume check: 33,672,021.09
2025-07-05 18:00:31,337 - INFO - [ATOM/USDT] Scanning for signal
2025-07-05 18:00:31,734 - INFO - [ATOM/USDT] Volume check: 22,287,339.57
2025-07-05 18:00:31,734 - INFO - [XLM/USDT] Scanning for signal
2025-07-05 18:00:31,883 - INFO - [XLM/USDT] Volume check: 20,988,201.36
2025-07-05 18:00:31,883 - INFO - [ALGO/USDT] Scanning for signal
2025-07-05 18:00:32,287 - INFO - [ALGO/USDT] Volume check: 16,865,607.92
2025-07-05 18:00:32,288 - INFO - [XTZ/USDT] Scanning for signal
2025-07-05 18:00:32,437 - INFO - [XTZ/USDT] Volume check: 11,832,320.35
2025-07-05 18:00:32,437 - INFO - [RVN/USDT] Scanning for signal
2025-07-05 18:00:32,583 - INFO - [RVN/USDT] Volume check: 10,211,208.12
2025-07-05 18:00:32,584 - INFO - [STX/USDT] Scanning for signal
2025-07-05 18:00:32,977 - INFO - [STX/USDT] Volume check: 9,202,225.84
2025-07-05 18:00:32,978 - INFO - [VET/USDT] Scanning for signal
2025-07-05 18:00:33,375 - INFO - [VET/USDT] Volume check: 8,142,664.40
2025-07-05 18:00:33,376 - INFO - [NEO/USDT] Scanning for signal
2025-07-05 18:00:33,522 - INFO - [NEO/USDT] Volume check: 7,311,884.78
2025-07-05 18:00:33,522 - INFO - [CHZ/USDT] Scanning for signal
2025-07-05 18:00:33,920 - INFO - [CHZ/USDT] Volume check: 5,894,908.33
2025-07-05 18:00:33,920 - INFO - [THETA/USDT] Scanning for signal
2025-07-05 18:00:34,065 - INFO - [THETA/USDT] Volume check: 5,716,151.74
2025-07-05 18:00:34,066 - INFO - [ONE/USDT] Scanning for signal
2025-07-05 18:00:34,461 - INFO - [ONE/USDT] Volume check: 5,193,217.41
2025-07-05 18:00:34,462 - INFO - [ZIL/USDT] Scanning for signal
2025-07-05 18:00:34,859 - INFO - [ZIL/USDT] Volume check: 4,970,246.58
2025-07-05 18:00:34,860 - INFO - [ZRX/USDT] Scanning for signal
2025-07-05 18:00:35,001 - INFO - [ZRX/USDT] Volume check: 4,887,831.89
2025-07-05 18:00:35,002 - INFO - [QTUM/USDT] Scanning for signal
2025-07-05 18:00:35,146 - INFO - [QTUM/USDT] Volume check: 4,280,612.89
2025-07-05 18:00:35,147 - INFO - [IOTA/USDT] Scanning for signal
2025-07-05 18:00:35,548 - INFO - [IOTA/USDT] Volume check: 4,266,060.83
2025-07-05 18:00:35,548 - INFO - [ZEC/USDT] Scanning for signal
2025-07-05 18:00:35,698 - INFO - [ZEC/USDT] Volume check: 4,220,852.17
2025-07-05 18:00:35,698 - INFO - [NKN/USDT] Scanning for signal
2025-07-05 18:00:35,842 - INFO - [NKN/USDT] Volume check: 2,874,161.68
2025-07-05 18:00:35,842 - INFO - [ICX/USDT] Scanning for signal
2025-07-05 18:00:36,246 - INFO - [ICX/USDT] Volume check: 2,876,248.38
2025-07-05 18:00:47,314 - INFO - [ETH/USDT] Fetched 50 candles for 15m, columns: ['timestamp', 'open', 'high', 'low', 'close', 'volume']
2025-07-05 18:00:47,323 - INFO - DataFrame validated: 50 rows, NaN count: 0
2025-07-05 18:00:47,501 - INFO - [DOGE/USDT] Fetched 50 candles for 15m, columns: ['timestamp', 'open', 'high', 'low', 'close', 'volume']
2025-07-05 18:00:47,502 - INFO - DataFrame validated: 50 rows, NaN count: 0
2025-07-05 18:00:48,373 - INFO - [ADA/USDT] Fetched 50 candles for 15m, columns: ['timestamp', 'open', 'high', 'low', 'close', 'volume']
2025-07-05 18:00:48,375 - INFO - DataFrame validated: 50 rows, NaN count: 0
2025-07-05 18:00:48,383 - INFO - [XRP/USDT] Fetched 50 candles for 15m, columns: ['timestamp', 'open', 'high', 'low', 'close', 'volume']
2025-07-05 18:00:48,384 - INFO - DataFrame validated: 50 rows, NaN count: 0
2025-07-05 18:00:48,386 - INFO - [BTC/USDT] Fetched 50 candles for 15m, columns: ['timestamp', 'open', 'high', 'low', 'close', 'volume']
2025-07-05 18:00:48,387 - INFO - DataFrame validated: 50 rows, NaN count: 0
2025-07-05 18:00:48,388 - INFO - [LINK/USDT] Fetched 50 candles for 15m, columns: ['timestamp', 'open', 'high', 'low', 'close', 'volume']
2025-07-05 18:00:48,389 - INFO - DataFrame validated: 50 rows, NaN count: 0
2025-07-05 18:00:48,390 - INFO - [BNB/USDT] Fetched 50 candles for 15m, columns: ['timestamp', 'open', 'high', 'low', 'close', 'volume']
2025-07-05 18:00:48,391 - INFO - DataFrame validated: 50 rows, NaN count: 0
2025-07-05 18:00:48,392 - INFO - [LTC/USDT] Fetched 50 candles for 15m, columns: ['timestamp', 'open', 'high', 'low', 'close', 'volume']
2025-07-05 18:00:48,393 - INFO - DataFrame validated: 50 rows, NaN count: 0
2025-07-05 18:00:48,810 - INFO - Indicators calculated: ['timestamp', 'open', 'high', 'low', 'close', 'volume', 'ma20', 'ema8', 'ema21', 'macd', 'signal_line', 'rsi', 'adx', 'vwap', 'atr', 'stoch_k', 'stoch_d', 'bollinger_mid', 'bollinger_std', 'bollinger_upper', 'bollinger_lower']
2025-07-05 18:00:48,817 - INFO - Candle patterns identified successfully
2025-07-05 18:00:48,818 - INFO - [ETH/USDT] Calculated indicators for 15m: ['timestamp', 'open', 'high', 'low', 'close', 'volume', 'ma20', 'ema8', 'ema21', 'macd', 'signal_line', 'rsi', 'adx', 'vwap', 'atr', 'stoch_k', 'stoch_d', 'bollinger_mid', 'bollinger_std', 'bollinger_upper', 'bollinger_lower', 'candle_pattern']
2025-07-05 18:00:49,669 - INFO - Indicators calculated: ['timestamp', 'open', 'high', 'low', 'close', 'volume', 'ma20', 'ema8', 'ema21', 'macd', 'signal_line', 'rsi', 'adx', 'vwap', 'atr', 'stoch_k', 'stoch_d', 'bollinger_mid', 'bollinger_std', 'bollinger_upper', 'bollinger_lower']
2025-07-05 18:00:49,676 - INFO - Candle patterns identified successfully
2025-07-05 18:00:49,677 - INFO - [DOGE/USDT] Calculated indicators for 15m: ['timestamp', 'open', 'high', 'low', 'close', 'volume', 'ma20', 'ema8', 'ema21', 'macd', 'signal_line', 'rsi', 'adx', 'vwap', 'atr', 'stoch_k', 'stoch_d', 'bollinger_mid', 'bollinger_std', 'bollinger_upper', 'bollinger_lower', 'candle_pattern']
2025-07-05 18:00:49,707 - ERROR - [FET/USDT] Retry 1/3 for 15m: binance GET https://dapi.binance.com/dapi/v1/exchangeInfo
2025-07-05 18:00:49,708 - ERROR - [HBAR/USDT] Retry 1/3 for 15m: binance GET https://dapi.binance.com/dapi/v1/exchangeInfo
2025-07-05 18:00:50,086 - INFO - Indicators calculated: ['timestamp', 'open', 'high', 'low', 'close', 'volume', 'ma20', 'ema8', 'ema21', 'macd', 'signal_line', 'rsi', 'adx', 'vwap', 'atr', 'stoch_k', 'stoch_d', 'bollinger_mid', 'bollinger_std', 'bollinger_upper', 'bollinger_lower']
2025-07-05 18:00:50,097 - INFO - Candle patterns identified successfully
2025-07-05 18:00:50,098 - INFO - [ADA/USDT] Calculated indicators for 15m: ['timestamp', 'open', 'high', 'low', 'close', 'volume', 'ma20', 'ema8', 'ema21', 'macd', 'signal_line', 'rsi', 'adx', 'vwap', 'atr', 'stoch_k', 'stoch_d', 'bollinger_mid', 'bollinger_std', 'bollinger_upper', 'bollinger_lower', 'candle_pattern']
2025-07-05 18:00:50,159 - INFO - Indicators calculated: ['timestamp', 'open', 'high', 'low', 'close', 'volume', 'ma20', 'ema8', 'ema21', 'macd', 'signal_line', 'rsi', 'adx', 'vwap', 'atr', 'stoch_k', 'stoch_d', 'bollinger_mid', 'bollinger_std', 'bollinger_upper', 'bollinger_lower']
2025-07-05 18:00:50,168 - INFO - Candle patterns identified successfully
2025-07-05 18:00:50,169 - INFO - [XRP/USDT] Calculated indicators for 15m: ['timestamp', 'open', 'high', 'low', 'close', 'volume', 'ma20', 'ema8', 'ema21', 'macd', 'signal_line', 'rsi', 'adx', 'vwap', 'atr', 'stoch_k', 'stoch_d', 'bollinger_mid', 'bollinger_std', 'bollinger_upper', 'bollinger_lower', 'candle_pattern']
2025-07-05 18:00:50,234 - INFO - Indicators calculated: ['timestamp', 'open', 'high', 'low', 'close', 'volume', 'ma20', 'ema8', 'ema21', 'macd', 'signal_line', 'rsi', 'adx', 'vwap', 'atr', 'stoch_k', 'stoch_d', 'bollinger_mid', 'bollinger_std', 'bollinger_upper', 'bollinger_lower']
2025-07-05 18:00:50,243 - INFO - Candle patterns identified successfully
2025-07-05 18:00:50,244 - INFO - [BTC/USDT] Calculated indicators for 15m: ['timestamp', 'open', 'high', 'low', 'close', 'volume', 'ma20', 'ema8', 'ema21', 'macd', 'signal_line', 'rsi', 'adx', 'vwap', 'atr', 'stoch_k', 'stoch_d', 'bollinger_mid', 'bollinger_std', 'bollinger_upper', 'bollinger_lower', 'candle_pattern']
2025-07-05 18:00:50,302 - INFO - Indicators calculated: ['timestamp', 'open', 'high', 'low', 'close', 'volume', 'ma20', 'ema8', 'ema21', 'macd', 'signal_line', 'rsi', 'adx', 'vwap', 'atr', 'stoch_k', 'stoch_d', 'bollinger_mid', 'bollinger_std', 'bollinger_upper', 'bollinger_lower']
2025-07-05 18:00:50,311 - INFO - Candle patterns identified successfully
2025-07-05 18:00:50,312 - INFO - [LINK/USDT] Calculated indicators for 15m: ['timestamp', 'open', 'high', 'low', 'close', 'volume', 'ma20', 'ema8', 'ema21', 'macd', 'signal_line', 'rsi', 'adx', 'vwap', 'atr', 'stoch_k', 'stoch_d', 'bollinger_mid', 'bollinger_std', 'bollinger_upper', 'bollinger_lower', 'candle_pattern']
2025-07-05 18:00:50,380 - INFO - Indicators calculated: ['timestamp', 'open', 'high', 'low', 'close', 'volume', 'ma20', 'ema8', 'ema21', 'macd', 'signal_line', 'rsi', 'adx', 'vwap', 'atr', 'stoch_k', 'stoch_d', 'bollinger_mid', 'bollinger_std', 'bollinger_upper', 'bollinger_lower']
2025-07-05 18:00:50,387 - INFO - Candle patterns identified successfully
2025-07-05 18:00:50,388 - INFO - [BNB/USDT] Calculated indicators for 15m: ['timestamp', 'open', 'high', 'low', 'close', 'volume', 'ma20', 'ema8', 'ema21', 'macd', 'signal_line', 'rsi', 'adx', 'vwap', 'atr', 'stoch_k', 'stoch_d', 'bollinger_mid', 'bollinger_std', 'bollinger_upper', 'bollinger_lower', 'candle_pattern']
2025-07-05 18:00:50,455 - INFO - Indicators calculated: ['timestamp', 'open', 'high', 'low', 'close', 'volume', 'ma20', 'ema8', 'ema21', 'macd', 'signal_line', 'rsi', 'adx', 'vwap', 'atr', 'stoch_k', 'stoch_d', 'bollinger_mid', 'bollinger_std', 'bollinger_upper', 'bollinger_lower']
2025-07-05 18:00:50,462 - INFO - Candle patterns identified successfully
2025-07-05 18:00:50,464 - INFO - [LTC/USDT] Calculated indicators for 15m: ['timestamp', 'open', 'high', 'low', 'close', 'volume', 'ma20', 'ema8', 'ema21', 'macd', 'signal_line', 'rsi', 'adx', 'vwap', 'atr', 'stoch_k', 'stoch_d', 'bollinger_mid', 'bollinger_std', 'bollinger_upper', 'bollinger_lower', 'candle_pattern']
2025-07-05 18:00:57,655 - INFO - [ATOM/USDT] Fetched 50 candles for 15m, columns: ['timestamp', 'open', 'high', 'low', 'close', 'volume']
2025-07-05 18:00:57,656 - INFO - DataFrame validated: 50 rows, NaN count: 0
2025-07-05 18:00:57,665 - INFO - [TRX/USDT] Fetched 50 candles for 15m, columns: ['timestamp', 'open', 'high', 'low', 'close', 'volume']
2025-07-05 18:00:57,666 - INFO - DataFrame validated: 50 rows, NaN count: 0
2025-07-05 18:00:59,111 - INFO - [XLM/USDT] Fetched 50 candles for 15m, columns: ['timestamp', 'open', 'high', 'low', 'close', 'volume']
2025-07-05 18:00:59,112 - INFO - DataFrame validated: 50 rows, NaN count: 0
2025-07-05 18:00:59,113 - INFO - [ETC/USDT] Fetched 50 candles for 15m, columns: ['timestamp', 'open', 'high', 'low', 'close', 'volume']
2025-07-05 18:00:59,114 - INFO - DataFrame validated: 50 rows, NaN count: 0
2025-07-05 18:00:59,125 - INFO - [XTZ/USDT] Fetched 50 candles for 15m, columns: ['timestamp', 'open', 'high', 'low', 'close', 'volume']
2025-07-05 18:00:59,126 - INFO - DataFrame validated: 50 rows, NaN count: 0
2025-07-05 18:00:59,127 - INFO - [ALGO/USDT] Fetched 50 candles for 15m, columns: ['timestamp', 'open', 'high', 'low', 'close', 'volume']
2025-07-05 18:00:59,128 - INFO - DataFrame validated: 50 rows, NaN count: 0
2025-07-05 18:00:59,129 - INFO - [RVN/USDT] Fetched 50 candles for 15m, columns: ['timestamp', 'open', 'high', 'low', 'close', 'volume']
2025-07-05 18:00:59,130 - INFO - DataFrame validated: 50 rows, NaN count: 0
2025-07-05 18:00:59,131 - INFO - [STX/USDT] Fetched 50 candles for 15m, columns: ['timestamp', 'open', 'high', 'low', 'close', 'volume']
2025-07-05 18:00:59,132 - INFO - DataFrame validated: 50 rows, NaN count: 0
2025-07-05 18:00:59,313 - ERROR - [CHZ/USDT] Retry 1/3 for 15m: binance GET https://dapi.binance.com/dapi/v1/exchangeInfo
2025-07-05 18:01:00,157 - INFO - [VET/USDT] Fetched 50 candles for 15m, columns: ['timestamp', 'open', 'high', 'low', 'close', 'volume']
2025-07-05 18:01:00,159 - INFO - DataFrame validated: 50 rows, NaN count: 0
2025-07-05 18:01:00,247 - INFO - [NEO/USDT] Fetched 50 candles for 15m, columns: ['timestamp', 'open', 'high', 'low', 'close', 'volume']
2025-07-05 18:01:00,248 - INFO - DataFrame validated: 50 rows, NaN count: 0
2025-07-05 18:01:01,251 - INFO - Indicators calculated: ['timestamp', 'open', 'high', 'low', 'close', 'volume', 'ma20', 'ema8', 'ema21', 'macd', 'signal_line', 'rsi', 'adx', 'vwap', 'atr', 'stoch_k', 'stoch_d', 'bollinger_mid', 'bollinger_std', 'bollinger_upper', 'bollinger_lower']
2025-07-05 18:01:01,260 - INFO - Candle patterns identified successfully
2025-07-05 18:01:01,262 - INFO - [ATOM/USDT] Calculated indicators for 15m: ['timestamp', 'open', 'high', 'low', 'close', 'volume', 'ma20', 'ema8', 'ema21', 'macd', 'signal_line', 'rsi', 'adx', 'vwap', 'atr', 'stoch_k', 'stoch_d', 'bollinger_mid', 'bollinger_std', 'bollinger_upper', 'bollinger_lower', 'candle_pattern']
2025-07-05 18:01:01,330 - INFO - Indicators calculated: ['timestamp', 'open', 'high', 'low', 'close', 'volume', 'ma20', 'ema8', 'ema21', 'macd', 'signal_line', 'rsi', 'adx', 'vwap', 'atr', 'stoch_k', 'stoch_d', 'bollinger_mid', 'bollinger_std', 'bollinger_upper', 'bollinger_lower']
2025-07-05 18:01:01,338 - INFO - Candle patterns identified successfully
2025-07-05 18:01:01,340 - INFO - [TRX/USDT] Calculated indicators for 15m: ['timestamp', 'open', 'high', 'low', 'close', 'volume', 'ma20', 'ema8', 'ema21', 'macd', 'signal_line', 'rsi', 'adx', 'vwap', 'atr', 'stoch_k', 'stoch_d', 'bollinger_mid', 'bollinger_std', 'bollinger_upper', 'bollinger_lower', 'candle_pattern']
2025-07-05 18:01:03,353 - INFO - Indicators calculated: ['timestamp', 'open', 'high', 'low', 'close', 'volume', 'ma20', 'ema8', 'ema21', 'macd', 'signal_line', 'rsi', 'adx', 'vwap', 'atr', 'stoch_k', 'stoch_d', 'bollinger_mid', 'bollinger_std', 'bollinger_upper', 'bollinger_lower']
2025-07-05 18:01:03,358 - INFO - Candle patterns identified successfully
2025-07-05 18:01:03,359 - INFO - [XLM/USDT] Calculated indicators for 15m: ['timestamp', 'open', 'high', 'low', 'close', 'volume', 'ma20', 'ema8', 'ema21', 'macd', 'signal_line', 'rsi', 'adx', 'vwap', 'atr', 'stoch_k', 'stoch_d', 'bollinger_mid', 'bollinger_std', 'bollinger_upper', 'bollinger_lower', 'candle_pattern']
2025-07-05 18:01:03,421 - INFO - Indicators calculated: ['timestamp', 'open', 'high', 'low', 'close', 'volume', 'ma20', 'ema8', 'ema21', 'macd', 'signal_line', 'rsi', 'adx', 'vwap', 'atr', 'stoch_k', 'stoch_d', 'bollinger_mid', 'bollinger_std', 'bollinger_upper', 'bollinger_lower']
2025-07-05 18:01:03,429 - INFO - Candle patterns identified successfully
2025-07-05 18:01:03,430 - INFO - [ETC/USDT] Calculated indicators for 15m: ['timestamp', 'open', 'high', 'low', 'close', 'volume', 'ma20', 'ema8', 'ema21', 'macd', 'signal_line', 'rsi', 'adx', 'vwap', 'atr', 'stoch_k', 'stoch_d', 'bollinger_mid', 'bollinger_std', 'bollinger_upper', 'bollinger_lower', 'candle_pattern']
2025-07-05 18:01:03,449 - ERROR - [ONE/USDT] Retry 1/3 for 15m: binance GET https://dapi.binance.com/dapi/v1/exchangeInfo
2025-07-05 18:01:03,449 - ERROR - [THETA/USDT] Retry 1/3 for 15m: binance GET https://dapi.binance.com/dapi/v1/exchangeInfo
2025-07-05 18:01:03,515 - INFO - Indicators calculated: ['timestamp', 'open', 'high', 'low', 'close', 'volume', 'ma20', 'ema8', 'ema21', 'macd', 'signal_line', 'rsi', 'adx', 'vwap', 'atr', 'stoch_k', 'stoch_d', 'bollinger_mid', 'bollinger_std', 'bollinger_upper', 'bollinger_lower']
2025-07-05 18:01:03,526 - INFO - Candle patterns identified successfully
2025-07-05 18:01:03,527 - INFO - [XTZ/USDT] Calculated indicators for 15m: ['timestamp', 'open', 'high', 'low', 'close', 'volume', 'ma20', 'ema8', 'ema21', 'macd', 'signal_line', 'rsi', 'adx', 'vwap', 'atr', 'stoch_k', 'stoch_d', 'bollinger_mid', 'bollinger_std', 'bollinger_upper', 'bollinger_lower', 'candle_pattern']
2025-07-05 18:01:03,593 - INFO - Indicators calculated: ['timestamp', 'open', 'high', 'low', 'close', 'volume', 'ma20', 'ema8', 'ema21', 'macd', 'signal_line', 'rsi', 'adx', 'vwap', 'atr', 'stoch_k', 'stoch_d', 'bollinger_mid', 'bollinger_std', 'bollinger_upper', 'bollinger_lower']
2025-07-05 18:01:03,603 - INFO - Candle patterns identified successfully
2025-07-05 18:01:03,605 - INFO - [ALGO/USDT] Calculated indicators for 15m: ['timestamp', 'open', 'high', 'low', 'close', 'volume', 'ma20', 'ema8', 'ema21', 'macd', 'signal_line', 'rsi', 'adx', 'vwap', 'atr', 'stoch_k', 'stoch_d', 'bollinger_mid', 'bollinger_std', 'bollinger_upper', 'bollinger_lower', 'candle_pattern']
2025-07-05 18:01:03,674 - INFO - Indicators calculated: ['timestamp', 'open', 'high', 'low', 'close', 'volume', 'ma20', 'ema8', 'ema21', 'macd', 'signal_line', 'rsi', 'adx', 'vwap', 'atr', 'stoch_k', 'stoch_d', 'bollinger_mid', 'bollinger_std', 'bollinger_upper', 'bollinger_lower']
2025-07-05 18:01:03,684 - INFO - Candle patterns identified successfully
2025-07-05 18:01:03,686 - INFO - [RVN/USDT] Calculated indicators for 15m: ['timestamp', 'open', 'high', 'low', 'close', 'volume', 'ma20', 'ema8', 'ema21', 'macd', 'signal_line', 'rsi', 'adx', 'vwap', 'atr', 'stoch_k', 'stoch_d', 'bollinger_mid', 'bollinger_std', 'bollinger_upper', 'bollinger_lower', 'candle_pattern']
2025-07-05 18:01:03,754 - INFO - Indicators calculated: ['timestamp', 'open', 'high', 'low', 'close', 'volume', 'ma20', 'ema8', 'ema21', 'macd', 'signal_line', 'rsi', 'adx', 'vwap', 'atr', 'stoch_k', 'stoch_d', 'bollinger_mid', 'bollinger_std', 'bollinger_upper', 'bollinger_lower']
2025-07-05 18:01:03,761 - INFO - Candle patterns identified successfully
2025-07-05 18:01:03,762 - INFO - [STX/USDT] Calculated indicators for 15m: ['timestamp', 'open', 'high', 'low', 'close', 'volume', 'ma20', 'ema8', 'ema21', 'macd', 'signal_line', 'rsi', 'adx', 'vwap', 'atr', 'stoch_k', 'stoch_d', 'bollinger_mid', 'bollinger_std', 'bollinger_upper', 'bollinger_lower', 'candle_pattern']
2025-07-05 18:01:04,520 - ERROR - [ZIL/USDT] Retry 1/3 for 15m: binance GET https://dapi.binance.com/dapi/v1/exchangeInfo
2025-07-05 18:01:04,836 - INFO - Indicators calculated: ['timestamp', 'open', 'high', 'low', 'close', 'volume', 'ma20', 'ema8', 'ema21', 'macd', 'signal_line', 'rsi', 'adx', 'vwap', 'atr', 'stoch_k', 'stoch_d', 'bollinger_mid', 'bollinger_std', 'bollinger_upper', 'bollinger_lower']
2025-07-05 18:01:04,845 - INFO - Candle patterns identified successfully
2025-07-05 18:01:04,846 - INFO - [VET/USDT] Calculated indicators for 15m: ['timestamp', 'open', 'high', 'low', 'close', 'volume', 'ma20', 'ema8', 'ema21', 'macd', 'signal_line', 'rsi', 'adx', 'vwap', 'atr', 'stoch_k', 'stoch_d', 'bollinger_mid', 'bollinger_std', 'bollinger_upper', 'bollinger_lower', 'candle_pattern']
2025-07-05 18:01:09,162 - INFO - Indicators calculated: ['timestamp', 'open', 'high', 'low', 'close', 'volume', 'ma20', 'ema8', 'ema21', 'macd', 'signal_line', 'rsi', 'adx', 'vwap', 'atr', 'stoch_k', 'stoch_d', 'bollinger_mid', 'bollinger_std', 'bollinger_upper', 'bollinger_lower']
2025-07-05 18:01:09,168 - INFO - Candle patterns identified successfully
2025-07-05 18:01:09,170 - INFO - [NEO/USDT] Calculated indicators for 15m: ['timestamp', 'open', 'high', 'low', 'close', 'volume', 'ma20', 'ema8', 'ema21', 'macd', 'signal_line', 'rsi', 'adx', 'vwap', 'atr', 'stoch_k', 'stoch_d', 'bollinger_mid', 'bollinger_std', 'bollinger_upper', 'bollinger_lower', 'candle_pattern']
2025-07-05 18:01:09,354 - ERROR - [NKN/USDT] Retry 1/3 for 15m: binance GET https://dapi.binance.com/dapi/v1/exchangeInfo
2025-07-05 18:01:09,354 - ERROR - [LTC/USDT] Retry 1/3 for 1h: binance GET https://dapi.binance.com/dapi/v1/exchangeInfo
2025-07-05 18:01:09,354 - ERROR - [BNB/USDT] Retry 1/3 for 1h: binance GET https://dapi.binance.com/dapi/v1/exchangeInfo
2025-07-05 18:01:09,354 - ERROR - [LINK/USDT] Retry 1/3 for 1h: binance GET https://dapi.binance.com/dapi/v1/exchangeInfo
2025-07-05 18:01:09,354 - ERROR - [XRP/USDT] Retry 1/3 for 1h: binance GET https://dapi.binance.com/dapi/v1/exchangeInfo
2025-07-05 18:01:09,355 - ERROR - [ADA/USDT] Retry 1/3 for 1h: binance GET https://dapi.binance.com/dapi/v1/exchangeInfo
2025-07-05 18:01:09,355 - ERROR - [BTC/USDT] Retry 1/3 for 1h: binance GET https://dapi.binance.com/dapi/v1/exchangeInfo
2025-07-05 18:01:09,365 - INFO - [QTUM/USDT] Fetched 50 candles for 15m, columns: ['timestamp', 'open', 'high', 'low', 'close', 'volume']
2025-07-05 18:01:09,366 - INFO - DataFrame validated: 50 rows, NaN count: 0
2025-07-05 18:01:10,107 - INFO - [ETH/USDT] Fetched 50 candles for 1h, columns: ['timestamp', 'open', 'high', 'low', 'close', 'volume']
2025-07-05 18:01:10,108 - INFO - DataFrame validated: 50 rows, NaN count: 0
2025-07-05 18:01:10,109 - INFO - [IOTA/USDT] Fetched 50 candles for 15m, columns: ['timestamp', 'open', 'high', 'low', 'close', 'volume']
2025-07-05 18:01:10,110 - INFO - DataFrame validated: 50 rows, NaN count: 0
2025-07-05 18:01:10,112 - INFO - [DOGE/USDT] Fetched 50 candles for 1h, columns: ['timestamp', 'open', 'high', 'low', 'close', 'volume']
2025-07-05 18:01:10,113 - INFO - DataFrame validated: 50 rows, NaN count: 0
2025-07-05 18:01:10,114 - INFO - [ZRX/USDT] Fetched 50 candles for 15m, columns: ['timestamp', 'open', 'high', 'low', 'close', 'volume']
2025-07-05 18:01:10,115 - INFO - DataFrame validated: 50 rows, NaN count: 0
2025-07-05 18:01:11,147 - INFO - [ZEC/USDT] Fetched 50 candles for 15m, columns: ['timestamp', 'open', 'high', 'low', 'close', 'volume']
2025-07-05 18:01:11,148 - INFO - DataFrame validated: 50 rows, NaN count: 0
2025-07-05 18:01:11,800 - ERROR - [FET/USDT] Retry 2/3 for 15m: binance GET https://dapi.binance.com/dapi/v1/exchangeInfo
2025-07-05 18:01:11,801 - ERROR - [HBAR/USDT] Retry 2/3 for 15m: binance GET https://dapi.binance.com/dapi/v1/exchangeInfo
2025-07-05 18:01:13,214 - INFO - Indicators calculated: ['timestamp', 'open', 'high', 'low', 'close', 'volume', 'ma20', 'ema8', 'ema21', 'macd', 'signal_line', 'rsi', 'adx', 'vwap', 'atr', 'stoch_k', 'stoch_d', 'bollinger_mid', 'bollinger_std', 'bollinger_upper', 'bollinger_lower']
2025-07-05 18:01:13,223 - INFO - Candle patterns identified successfully
2025-07-05 18:01:13,225 - INFO - [QTUM/USDT] Calculated indicators for 15m: ['timestamp', 'open', 'high', 'low', 'close', 'volume', 'ma20', 'ema8', 'ema21', 'macd', 'signal_line', 'rsi', 'adx', 'vwap', 'atr', 'stoch_k', 'stoch_d', 'bollinger_mid', 'bollinger_std', 'bollinger_upper', 'bollinger_lower', 'candle_pattern']
2025-07-05 18:01:13,244 - INFO - [ICX/USDT] Fetched 50 candles for 15m, columns: ['timestamp', 'open', 'high', 'low', 'close', 'volume']
2025-07-05 18:01:13,245 - INFO - DataFrame validated: 50 rows, NaN count: 0
2025-07-05 18:01:13,597 - INFO - Indicators calculated: ['timestamp', 'open', 'high', 'low', 'close', 'volume', 'ma20', 'ema8', 'ema21', 'macd', 'signal_line', 'rsi', 'adx', 'vwap', 'atr', 'stoch_k', 'stoch_d', 'bollinger_mid', 'bollinger_std', 'bollinger_upper', 'bollinger_lower']
2025-07-05 18:01:13,606 - INFO - Candle patterns identified successfully
2025-07-05 18:01:13,608 - INFO - [ETH/USDT] Calculated indicators for 1h: ['timestamp', 'open', 'high', 'low', 'close', 'volume', 'ma20', 'ema8', 'ema21', 'macd', 'signal_line', 'rsi', 'adx', 'vwap', 'atr', 'stoch_k', 'stoch_d', 'bollinger_mid', 'bollinger_std', 'bollinger_upper', 'bollinger_lower', 'candle_pattern']
2025-07-05 18:01:13,675 - INFO - Indicators calculated: ['timestamp', 'open', 'high', 'low', 'close', 'volume', 'ma20', 'ema8', 'ema21', 'macd', 'signal_line', 'rsi', 'adx', 'vwap', 'atr', 'stoch_k', 'stoch_d', 'bollinger_mid', 'bollinger_std', 'bollinger_upper', 'bollinger_lower']
2025-07-05 18:01:13,681 - INFO - Candle patterns identified successfully
2025-07-05 18:01:13,683 - INFO - [IOTA/USDT] Calculated indicators for 15m: ['timestamp', 'open', 'high', 'low', 'close', 'volume', 'ma20', 'ema8', 'ema21', 'macd', 'signal_line', 'rsi', 'adx', 'vwap', 'atr', 'stoch_k', 'stoch_d', 'bollinger_mid', 'bollinger_std', 'bollinger_upper', 'bollinger_lower', 'candle_pattern']
2025-07-05 18:01:13,750 - INFO - Indicators calculated: ['timestamp', 'open', 'high', 'low', 'close', 'volume', 'ma20', 'ema8', 'ema21', 'macd', 'signal_line', 'rsi', 'adx', 'vwap', 'atr', 'stoch_k', 'stoch_d', 'bollinger_mid', 'bollinger_std', 'bollinger_upper', 'bollinger_lower']
2025-07-05 18:01:13,759 - INFO - Candle patterns identified successfully
2025-07-05 18:01:13,760 - INFO - [DOGE/USDT] Calculated indicators for 1h: ['timestamp', 'open', 'high', 'low', 'close', 'volume', 'ma20', 'ema8', 'ema21', 'macd', 'signal_line', 'rsi', 'adx', 'vwap', 'atr', 'stoch_k', 'stoch_d', 'bollinger_mid', 'bollinger_std', 'bollinger_upper', 'bollinger_lower', 'candle_pattern']
2025-07-05 18:01:13,822 - INFO - Indicators calculated: ['timestamp', 'open', 'high', 'low', 'close', 'volume', 'ma20', 'ema8', 'ema21', 'macd', 'signal_line', 'rsi', 'adx', 'vwap', 'atr', 'stoch_k', 'stoch_d', 'bollinger_mid', 'bollinger_std', 'bollinger_upper', 'bollinger_lower']
2025-07-05 18:01:13,831 - INFO - Candle patterns identified successfully
2025-07-05 18:01:13,833 - INFO - [ZRX/USDT] Calculated indicators for 15m: ['timestamp', 'open', 'high', 'low', 'close', 'volume', 'ma20', 'ema8', 'ema21', 'macd', 'signal_line', 'rsi', 'adx', 'vwap', 'atr', 'stoch_k', 'stoch_d', 'bollinger_mid', 'bollinger_std', 'bollinger_upper', 'bollinger_lower', 'candle_pattern']
2025-07-05 18:01:13,905 - INFO - Indicators calculated: ['timestamp', 'open', 'high', 'low', 'close', 'volume', 'ma20', 'ema8', 'ema21', 'macd', 'signal_line', 'rsi', 'adx', 'vwap', 'atr', 'stoch_k', 'stoch_d', 'bollinger_mid', 'bollinger_std', 'bollinger_upper', 'bollinger_lower']
2025-07-05 18:01:13,913 - INFO - Candle patterns identified successfully
2025-07-05 18:01:13,915 - INFO - [ZEC/USDT] Calculated indicators for 15m: ['timestamp', 'open', 'high', 'low', 'close', 'volume', 'ma20', 'ema8', 'ema21', 'macd', 'signal_line', 'rsi', 'adx', 'vwap', 'atr', 'stoch_k', 'stoch_d', 'bollinger_mid', 'bollinger_std', 'bollinger_upper', 'bollinger_lower', 'candle_pattern']
2025-07-05 18:01:15,722 - INFO - Indicators calculated: ['timestamp', 'open', 'high', 'low', 'close', 'volume', 'ma20', 'ema8', 'ema21', 'macd', 'signal_line', 'rsi', 'adx', 'vwap', 'atr', 'stoch_k', 'stoch_d', 'bollinger_mid', 'bollinger_std', 'bollinger_upper', 'bollinger_lower']
2025-07-05 18:01:15,732 - INFO - Candle patterns identified successfully
2025-07-05 18:01:15,733 - INFO - [ICX/USDT] Calculated indicators for 15m: ['timestamp', 'open', 'high', 'low', 'close', 'volume', 'ma20', 'ema8', 'ema21', 'macd', 'signal_line', 'rsi', 'adx', 'vwap', 'atr', 'stoch_k', 'stoch_d', 'bollinger_mid', 'bollinger_std', 'bollinger_upper', 'bollinger_lower', 'candle_pattern']
2025-07-05 18:01:24,126 - ERROR - [NEO/USDT] Retry 1/3 for 1h: binance GET https://fapi.binance.com/fapi/v1/exchangeInfo
2025-07-05 18:01:24,127 - ERROR - [VET/USDT] Retry 1/3 for 1h: binance GET https://fapi.binance.com/fapi/v1/exchangeInfo
2025-07-05 18:01:24,127 - ERROR - [ONE/USDT] Retry 2/3 for 15m: binance GET https://dapi.binance.com/dapi/v1/exchangeInfo
2025-07-05 18:01:24,128 - ERROR - [ZIL/USDT] Retry 2/3 for 15m: binance GET https://dapi.binance.com/dapi/v1/exchangeInfo
2025-07-05 18:01:24,128 - ERROR - [THETA/USDT] Retry 2/3 for 15m: binance GET https://dapi.binance.com/dapi/v1/exchangeInfo
2025-07-05 18:01:24,128 - ERROR - [QTUM/USDT] Retry 1/3 for 1h: binance GET https://api.binance.com/api/v3/exchangeInfo
2025-07-05 18:01:24,261 - INFO - [TRX/USDT] Fetched 50 candles for 1h, columns: ['timestamp', 'open', 'high', 'low', 'close', 'volume']
2025-07-05 18:01:24,262 - INFO - DataFrame validated: 50 rows, NaN count: 0
2025-07-05 18:01:24,265 - INFO - [RVN/USDT] Fetched 50 candles for 1h, columns: ['timestamp', 'open', 'high', 'low', 'close', 'volume']
2025-07-05 18:01:24,266 - INFO - DataFrame validated: 50 rows, NaN count: 0
2025-07-05 18:01:24,267 - INFO - [STX/USDT] Fetched 50 candles for 1h, columns: ['timestamp', 'open', 'high', 'low', 'close', 'volume']
2025-07-05 18:01:24,268 - INFO - DataFrame validated: 50 rows, NaN count: 0
2025-07-05 18:01:24,269 - INFO - [ALGO/USDT] Fetched 50 candles for 1h, columns: ['timestamp', 'open', 'high', 'low', 'close', 'volume']
2025-07-05 18:01:24,270 - INFO - DataFrame validated: 50 rows, NaN count: 0
2025-07-05 18:01:24,271 - INFO - [XLM/USDT] Fetched 50 candles for 1h, columns: ['timestamp', 'open', 'high', 'low', 'close', 'volume']
2025-07-05 18:01:24,272 - INFO - DataFrame validated: 50 rows, NaN count: 0
2025-07-05 18:01:24,275 - INFO - [ETC/USDT] Fetched 50 candles for 1h, columns: ['timestamp', 'open', 'high', 'low', 'close', 'volume']
2025-07-05 18:01:24,276 - INFO - DataFrame validated: 50 rows, NaN count: 0
2025-07-05 18:01:24,278 - INFO - [CHZ/USDT] Fetched 50 candles for 15m, columns: ['timestamp', 'open', 'high', 'low', 'close', 'volume']
2025-07-05 18:01:24,279 - INFO - DataFrame validated: 50 rows, NaN count: 0
2025-07-05 18:01:24,280 - INFO - [XTZ/USDT] Fetched 50 candles for 1h, columns: ['timestamp', 'open', 'high', 'low', 'close', 'volume']
2025-07-05 18:01:24,281 - INFO - DataFrame validated: 50 rows, NaN count: 0
2025-07-05 18:01:24,287 - INFO - [ATOM/USDT] Fetched 50 candles for 1h, columns: ['timestamp', 'open', 'high', 'low', 'close', 'volume']
2025-07-05 18:01:24,288 - INFO - DataFrame validated: 50 rows, NaN count: 0
2025-07-05 18:01:25,297 - INFO - Indicators calculated: ['timestamp', 'open', 'high', 'low', 'close', 'volume', 'ma20', 'ema8', 'ema21', 'macd', 'signal_line', 'rsi', 'adx', 'vwap', 'atr', 'stoch_k', 'stoch_d', 'bollinger_mid', 'bollinger_std', 'bollinger_upper', 'bollinger_lower']
2025-07-05 18:01:25,306 - INFO - Candle patterns identified successfully
2025-07-05 18:01:25,307 - INFO - [TRX/USDT] Calculated indicators for 1h: ['timestamp', 'open', 'high', 'low', 'close', 'volume', 'ma20', 'ema8', 'ema21', 'macd', 'signal_line', 'rsi', 'adx', 'vwap', 'atr', 'stoch_k', 'stoch_d', 'bollinger_mid', 'bollinger_std', 'bollinger_upper', 'bollinger_lower', 'candle_pattern']
2025-07-05 18:01:25,379 - INFO - Indicators calculated: ['timestamp', 'open', 'high', 'low', 'close', 'volume', 'ma20', 'ema8', 'ema21', 'macd', 'signal_line', 'rsi', 'adx', 'vwap', 'atr', 'stoch_k', 'stoch_d', 'bollinger_mid', 'bollinger_std', 'bollinger_upper', 'bollinger_lower']
2025-07-05 18:01:25,390 - INFO - Candle patterns identified successfully
2025-07-05 18:01:25,391 - INFO - [RVN/USDT] Calculated indicators for 1h: ['timestamp', 'open', 'high', 'low', 'close', 'volume', 'ma20', 'ema8', 'ema21', 'macd', 'signal_line', 'rsi', 'adx', 'vwap', 'atr', 'stoch_k', 'stoch_d', 'bollinger_mid', 'bollinger_std', 'bollinger_upper', 'bollinger_lower', 'candle_pattern']
2025-07-05 18:01:25,456 - INFO - Indicators calculated: ['timestamp', 'open', 'high', 'low', 'close', 'volume', 'ma20', 'ema8', 'ema21', 'macd', 'signal_line', 'rsi', 'adx', 'vwap', 'atr', 'stoch_k', 'stoch_d', 'bollinger_mid', 'bollinger_std', 'bollinger_upper', 'bollinger_lower']
2025-07-05 18:01:25,465 - INFO - Candle patterns identified successfully
2025-07-05 18:01:25,466 - INFO - [STX/USDT] Calculated indicators for 1h: ['timestamp', 'open', 'high', 'low', 'close', 'volume', 'ma20', 'ema8', 'ema21', 'macd', 'signal_line', 'rsi', 'adx', 'vwap', 'atr', 'stoch_k', 'stoch_d', 'bollinger_mid', 'bollinger_std', 'bollinger_upper', 'bollinger_lower', 'candle_pattern']
2025-07-05 18:01:25,523 - INFO - Indicators calculated: ['timestamp', 'open', 'high', 'low', 'close', 'volume', 'ma20', 'ema8', 'ema21', 'macd', 'signal_line', 'rsi', 'adx', 'vwap', 'atr', 'stoch_k', 'stoch_d', 'bollinger_mid', 'bollinger_std', 'bollinger_upper', 'bollinger_lower']
2025-07-05 18:01:25,533 - INFO - Candle patterns identified successfully
2025-07-05 18:01:25,535 - INFO - [ALGO/USDT] Calculated indicators for 1h: ['timestamp', 'open', 'high', 'low', 'close', 'volume', 'ma20', 'ema8', 'ema21', 'macd', 'signal_line', 'rsi', 'adx', 'vwap', 'atr', 'stoch_k', 'stoch_d', 'bollinger_mid', 'bollinger_std', 'bollinger_upper', 'bollinger_lower', 'candle_pattern']
2025-07-05 18:01:25,602 - INFO - Indicators calculated: ['timestamp', 'open', 'high', 'low', 'close', 'volume', 'ma20', 'ema8', 'ema21', 'macd', 'signal_line', 'rsi', 'adx', 'vwap', 'atr', 'stoch_k', 'stoch_d', 'bollinger_mid', 'bollinger_std', 'bollinger_upper', 'bollinger_lower']
2025-07-05 18:01:25,609 - INFO - Candle patterns identified successfully
2025-07-05 18:01:25,610 - INFO - [XLM/USDT] Calculated indicators for 1h: ['timestamp', 'open', 'high', 'low', 'close', 'volume', 'ma20', 'ema8', 'ema21', 'macd', 'signal_line', 'rsi', 'adx', 'vwap', 'atr', 'stoch_k', 'stoch_d', 'bollinger_mid', 'bollinger_std', 'bollinger_upper', 'bollinger_lower', 'candle_pattern']
2025-07-05 18:01:25,676 - INFO - Indicators calculated: ['timestamp', 'open', 'high', 'low', 'close', 'volume', 'ma20', 'ema8', 'ema21', 'macd', 'signal_line', 'rsi', 'adx', 'vwap', 'atr', 'stoch_k', 'stoch_d', 'bollinger_mid', 'bollinger_std', 'bollinger_upper', 'bollinger_lower']
2025-07-05 18:01:25,685 - INFO - Candle patterns identified successfully
2025-07-05 18:01:25,686 - INFO - [ETC/USDT] Calculated indicators for 1h: ['timestamp', 'open', 'high', 'low', 'close', 'volume', 'ma20', 'ema8', 'ema21', 'macd', 'signal_line', 'rsi', 'adx', 'vwap', 'atr', 'stoch_k', 'stoch_d', 'bollinger_mid', 'bollinger_std', 'bollinger_upper', 'bollinger_lower', 'candle_pattern']
2025-07-05 18:01:25,747 - INFO - Indicators calculated: ['timestamp', 'open', 'high', 'low', 'close', 'volume', 'ma20', 'ema8', 'ema21', 'macd', 'signal_line', 'rsi', 'adx', 'vwap', 'atr', 'stoch_k', 'stoch_d', 'bollinger_mid', 'bollinger_std', 'bollinger_upper', 'bollinger_lower']
2025-07-05 18:01:25,754 - INFO - Candle patterns identified successfully
2025-07-05 18:01:25,756 - INFO - [CHZ/USDT] Calculated indicators for 15m: ['timestamp', 'open', 'high', 'low', 'close', 'volume', 'ma20', 'ema8', 'ema21', 'macd', 'signal_line', 'rsi', 'adx', 'vwap', 'atr', 'stoch_k', 'stoch_d', 'bollinger_mid', 'bollinger_std', 'bollinger_upper', 'bollinger_lower', 'candle_pattern']
2025-07-05 18:01:25,814 - INFO - Indicators calculated: ['timestamp', 'open', 'high', 'low', 'close', 'volume', 'ma20', 'ema8', 'ema21', 'macd', 'signal_line', 'rsi', 'adx', 'vwap', 'atr', 'stoch_k', 'stoch_d', 'bollinger_mid', 'bollinger_std', 'bollinger_upper', 'bollinger_lower']
2025-07-05 18:01:25,827 - INFO - Candle patterns identified successfully
2025-07-05 18:01:25,829 - INFO - [XTZ/USDT] Calculated indicators for 1h: ['timestamp', 'open', 'high', 'low', 'close', 'volume', 'ma20', 'ema8', 'ema21', 'macd', 'signal_line', 'rsi', 'adx', 'vwap', 'atr', 'stoch_k', 'stoch_d', 'bollinger_mid', 'bollinger_std', 'bollinger_upper', 'bollinger_lower', 'candle_pattern']
2025-07-05 18:01:25,897 - INFO - Indicators calculated: ['timestamp', 'open', 'high', 'low', 'close', 'volume', 'ma20', 'ema8', 'ema21', 'macd', 'signal_line', 'rsi', 'adx', 'vwap', 'atr', 'stoch_k', 'stoch_d', 'bollinger_mid', 'bollinger_std', 'bollinger_upper', 'bollinger_lower']
2025-07-05 18:01:25,905 - INFO - Candle patterns identified successfully
2025-07-05 18:01:25,906 - INFO - [ATOM/USDT] Calculated indicators for 1h: ['timestamp', 'open', 'high', 'low', 'close', 'volume', 'ma20', 'ema8', 'ema21', 'macd', 'signal_line', 'rsi', 'adx', 'vwap', 'atr', 'stoch_k', 'stoch_d', 'bollinger_mid', 'bollinger_std', 'bollinger_upper', 'bollinger_lower', 'candle_pattern']
2025-07-05 18:01:37,397 - ERROR - [HBAR/USDT] Retry 3/3 for 15m: binance GET https://dapi.binance.com/dapi/v1/exchangeInfo
2025-07-05 18:01:37,398 - ERROR - [FET/USDT] Retry 3/3 for 15m: binance GET https://dapi.binance.com/dapi/v1/exchangeInfo
2025-07-05 18:01:37,399 - ERROR - [TRX/USDT] Retry 1/3 for 4h: binance GET https://api.binance.com/api/v3/exchangeInfo
2025-07-05 18:01:37,399 - ERROR - [RVN/USDT] Retry 1/3 for 4h: binance GET https://api.binance.com/api/v3/exchangeInfo
2025-07-05 18:01:37,399 - ERROR - [ALGO/USDT] Retry 1/3 for 4h: binance GET https://api.binance.com/api/v3/exchangeInfo
2025-07-05 18:01:37,400 - ERROR - [STX/USDT] Retry 1/3 for 4h: binance GET https://api.binance.com/api/v3/exchangeInfo
2025-07-05 18:01:37,534 - INFO - [XRP/USDT] Fetched 50 candles for 1h, columns: ['timestamp', 'open', 'high', 'low', 'close', 'volume']
2025-07-05 18:01:37,535 - INFO - DataFrame validated: 50 rows, NaN count: 0
2025-07-05 18:01:37,538 - INFO - [BTC/USDT] Fetched 50 candles for 1h, columns: ['timestamp', 'open', 'high', 'low', 'close', 'volume']
2025-07-05 18:01:37,539 - INFO - DataFrame validated: 50 rows, NaN count: 0
2025-07-05 18:01:37,542 - INFO - [NKN/USDT] Fetched 50 candles for 15m, columns: ['timestamp', 'open', 'high', 'low', 'close', 'volume']
2025-07-05 18:01:37,543 - INFO - DataFrame validated: 50 rows, NaN count: 0
2025-07-05 18:01:37,544 - INFO - [LINK/USDT] Fetched 50 candles for 1h, columns: ['timestamp', 'open', 'high', 'low', 'close', 'volume']
2025-07-05 18:01:37,545 - INFO - DataFrame validated: 50 rows, NaN count: 0
2025-07-05 18:01:37,547 - INFO - [IOTA/USDT] Fetched 50 candles for 1h, columns: ['timestamp', 'open', 'high', 'low', 'close', 'volume']
2025-07-05 18:01:37,548 - INFO - DataFrame validated: 50 rows, NaN count: 0
2025-07-05 18:01:37,549 - INFO - [BNB/USDT] Fetched 50 candles for 1h, columns: ['timestamp', 'open', 'high', 'low', 'close', 'volume']
2025-07-05 18:01:37,550 - INFO - DataFrame validated: 50 rows, NaN count: 0
2025-07-05 18:01:37,551 - INFO - [ZRX/USDT] Fetched 50 candles for 1h, columns: ['timestamp', 'open', 'high', 'low', 'close', 'volume']
2025-07-05 18:01:37,552 - INFO - DataFrame validated: 50 rows, NaN count: 0
2025-07-05 18:01:37,555 - INFO - [ETH/USDT] Fetched 50 candles for 4h, columns: ['timestamp', 'open', 'high', 'low', 'close', 'volume']
2025-07-05 18:01:37,556 - INFO - DataFrame validated: 50 rows, NaN count: 0
2025-07-05 18:01:37,557 - INFO - [DOGE/USDT] Fetched 50 candles for 4h, columns: ['timestamp', 'open', 'high', 'low', 'close', 'volume']
2025-07-05 18:01:37,558 - INFO - DataFrame validated: 50 rows, NaN count: 0
2025-07-05 18:01:37,559 - INFO - [LTC/USDT] Fetched 50 candles for 1h, columns: ['timestamp', 'open', 'high', 'low', 'close', 'volume']
2025-07-05 18:01:37,560 - INFO - DataFrame validated: 50 rows, NaN count: 0
2025-07-05 18:01:37,565 - INFO - [ZEC/USDT] Fetched 50 candles for 1h, columns: ['timestamp', 'open', 'high', 'low', 'close', 'volume']
2025-07-05 18:01:37,567 - INFO - DataFrame validated: 50 rows, NaN count: 0
2025-07-05 18:01:37,570 - INFO - [ICX/USDT] Fetched 50 candles for 1h, columns: ['timestamp', 'open', 'high', 'low', 'close', 'volume']
2025-07-05 18:01:37,571 - INFO - DataFrame validated: 50 rows, NaN count: 0
2025-07-05 18:01:37,573 - INFO - [ADA/USDT] Fetched 50 candles for 1h, columns: ['timestamp', 'open', 'high', 'low', 'close', 'volume']
2025-07-05 18:01:37,574 - INFO - DataFrame validated: 50 rows, NaN count: 0
2025-07-05 18:01:39,689 - ERROR - [XTZ/USDT] Retry 1/3 for 4h: binance GET https://api.binance.com/api/v3/exchangeInfo
2025-07-05 18:01:39,689 - ERROR - [ETC/USDT] Retry 1/3 for 4h: binance GET https://api.binance.com/api/v3/exchangeInfo
2025-07-05 18:01:39,689 - ERROR - [ATOM/USDT] Retry 1/3 for 4h: binance GET https://api.binance.com/api/v3/exchangeInfo
2025-07-05 18:01:39,689 - ERROR - [CHZ/USDT] Retry 1/3 for 1h: binance GET https://api.binance.com/api/v3/exchangeInfo
2025-07-05 18:01:39,689 - ERROR - [XLM/USDT] Retry 1/3 for 4h: binance GET https://api.binance.com/api/v3/exchangeInfo
2025-07-05 18:01:39,750 - INFO - Indicators calculated: ['timestamp', 'open', 'high', 'low', 'close', 'volume', 'ma20', 'ema8', 'ema21', 'macd', 'signal_line', 'rsi', 'adx', 'vwap', 'atr', 'stoch_k', 'stoch_d', 'bollinger_mid', 'bollinger_std', 'bollinger_upper', 'bollinger_lower']
2025-07-05 18:01:39,760 - INFO - Candle patterns identified successfully
2025-07-05 18:01:39,762 - INFO - [XRP/USDT] Calculated indicators for 1h: ['timestamp', 'open', 'high', 'low', 'close', 'volume', 'ma20', 'ema8', 'ema21', 'macd', 'signal_line', 'rsi', 'adx', 'vwap', 'atr', 'stoch_k', 'stoch_d', 'bollinger_mid', 'bollinger_std', 'bollinger_upper', 'bollinger_lower', 'candle_pattern']
2025-07-05 18:01:39,833 - INFO - Indicators calculated: ['timestamp', 'open', 'high', 'low', 'close', 'volume', 'ma20', 'ema8', 'ema21', 'macd', 'signal_line', 'rsi', 'adx', 'vwap', 'atr', 'stoch_k', 'stoch_d', 'bollinger_mid', 'bollinger_std', 'bollinger_upper', 'bollinger_lower']
2025-07-05 18:01:39,846 - INFO - Candle patterns identified successfully
2025-07-05 18:01:39,847 - INFO - [BTC/USDT] Calculated indicators for 1h: ['timestamp', 'open', 'high', 'low', 'close', 'volume', 'ma20', 'ema8', 'ema21', 'macd', 'signal_line', 'rsi', 'adx', 'vwap', 'atr', 'stoch_k', 'stoch_d', 'bollinger_mid', 'bollinger_std', 'bollinger_upper', 'bollinger_lower', 'candle_pattern']
2025-07-05 18:01:39,911 - INFO - Indicators calculated: ['timestamp', 'open', 'high', 'low', 'close', 'volume', 'ma20', 'ema8', 'ema21', 'macd', 'signal_line', 'rsi', 'adx', 'vwap', 'atr', 'stoch_k', 'stoch_d', 'bollinger_mid', 'bollinger_std', 'bollinger_upper', 'bollinger_lower']
2025-07-05 18:01:39,920 - INFO - Candle patterns identified successfully
2025-07-05 18:01:39,922 - INFO - [NKN/USDT] Calculated indicators for 15m: ['timestamp', 'open', 'high', 'low', 'close', 'volume', 'ma20', 'ema8', 'ema21', 'macd', 'signal_line', 'rsi', 'adx', 'vwap', 'atr', 'stoch_k', 'stoch_d', 'bollinger_mid', 'bollinger_std', 'bollinger_upper', 'bollinger_lower', 'candle_pattern']
2025-07-05 18:01:39,999 - INFO - Indicators calculated: ['timestamp', 'open', 'high', 'low', 'close', 'volume', 'ma20', 'ema8', 'ema21', 'macd', 'signal_line', 'rsi', 'adx', 'vwap', 'atr', 'stoch_k', 'stoch_d', 'bollinger_mid', 'bollinger_std', 'bollinger_upper', 'bollinger_lower']
2025-07-05 18:01:40,011 - INFO - Candle patterns identified successfully
2025-07-05 18:01:40,014 - INFO - [LINK/USDT] Calculated indicators for 1h: ['timestamp', 'open', 'high', 'low', 'close', 'volume', 'ma20', 'ema8', 'ema21', 'macd', 'signal_line', 'rsi', 'adx', 'vwap', 'atr', 'stoch_k', 'stoch_d', 'bollinger_mid', 'bollinger_std', 'bollinger_upper', 'bollinger_lower', 'candle_pattern']
2025-07-05 18:01:40,092 - INFO - Indicators calculated: ['timestamp', 'open', 'high', 'low', 'close', 'volume', 'ma20', 'ema8', 'ema21', 'macd', 'signal_line', 'rsi', 'adx', 'vwap', 'atr', 'stoch_k', 'stoch_d', 'bollinger_mid', 'bollinger_std', 'bollinger_upper', 'bollinger_lower']
2025-07-05 18:01:40,100 - INFO - Candle patterns identified successfully
2025-07-05 18:01:40,101 - INFO - [IOTA/USDT] Calculated indicators for 1h: ['timestamp', 'open', 'high', 'low', 'close', 'volume', 'ma20', 'ema8', 'ema21', 'macd', 'signal_line', 'rsi', 'adx', 'vwap', 'atr', 'stoch_k', 'stoch_d', 'bollinger_mid', 'bollinger_std', 'bollinger_upper', 'bollinger_lower', 'candle_pattern']
2025-07-05 18:01:40,171 - INFO - Indicators calculated: ['timestamp', 'open', 'high', 'low', 'close', 'volume', 'ma20', 'ema8', 'ema21', 'macd', 'signal_line', 'rsi', 'adx', 'vwap', 'atr', 'stoch_k', 'stoch_d', 'bollinger_mid', 'bollinger_std', 'bollinger_upper', 'bollinger_lower']
2025-07-05 18:01:40,179 - INFO - Candle patterns identified successfully
2025-07-05 18:01:40,181 - INFO - [BNB/USDT] Calculated indicators for 1h: ['timestamp', 'open', 'high', 'low', 'close', 'volume', 'ma20', 'ema8', 'ema21', 'macd', 'signal_line', 'rsi', 'adx', 'vwap', 'atr', 'stoch_k', 'stoch_d', 'bollinger_mid', 'bollinger_std', 'bollinger_upper', 'bollinger_lower', 'candle_pattern']
2025-07-05 18:01:40,261 - INFO - Indicators calculated: ['timestamp', 'open', 'high', 'low', 'close', 'volume', 'ma20', 'ema8', 'ema21', 'macd', 'signal_line', 'rsi', 'adx', 'vwap', 'atr', 'stoch_k', 'stoch_d', 'bollinger_mid', 'bollinger_std', 'bollinger_upper', 'bollinger_lower']
2025-07-05 18:01:40,272 - INFO - Candle patterns identified successfully
2025-07-05 18:01:40,273 - INFO - [ZRX/USDT] Calculated indicators for 1h: ['timestamp', 'open', 'high', 'low', 'close', 'volume', 'ma20', 'ema8', 'ema21', 'macd', 'signal_line', 'rsi', 'adx', 'vwap', 'atr', 'stoch_k', 'stoch_d', 'bollinger_mid', 'bollinger_std', 'bollinger_upper', 'bollinger_lower', 'candle_pattern']
2025-07-05 18:01:40,361 - INFO - Indicators calculated: ['timestamp', 'open', 'high', 'low', 'close', 'volume', 'ma20', 'ema8', 'ema21', 'macd', 'signal_line', 'rsi', 'adx', 'vwap', 'atr', 'stoch_k', 'stoch_d', 'bollinger_mid', 'bollinger_std', 'bollinger_upper', 'bollinger_lower']
2025-07-05 18:01:40,374 - INFO - Candle patterns identified successfully
2025-07-05 18:01:40,376 - INFO - [ETH/USDT] Calculated indicators for 4h: ['timestamp', 'open', 'high', 'low', 'close', 'volume', 'ma20', 'ema8', 'ema21', 'macd', 'signal_line', 'rsi', 'adx', 'vwap', 'atr', 'stoch_k', 'stoch_d', 'bollinger_mid', 'bollinger_std', 'bollinger_upper', 'bollinger_lower', 'candle_pattern']
2025-07-05 18:01:40,443 - INFO - Indicators calculated: ['timestamp', 'open', 'high', 'low', 'close', 'volume', 'ma20', 'ema8', 'ema21', 'macd', 'signal_line', 'rsi', 'adx', 'vwap', 'atr', 'stoch_k', 'stoch_d', 'bollinger_mid', 'bollinger_std', 'bollinger_upper', 'bollinger_lower']
2025-07-05 18:01:40,450 - INFO - Candle patterns identified successfully
2025-07-05 18:01:40,451 - INFO - [DOGE/USDT] Calculated indicators for 4h: ['timestamp', 'open', 'high', 'low', 'close', 'volume', 'ma20', 'ema8', 'ema21', 'macd', 'signal_line', 'rsi', 'adx', 'vwap', 'atr', 'stoch_k', 'stoch_d', 'bollinger_mid', 'bollinger_std', 'bollinger_upper', 'bollinger_lower', 'candle_pattern']
2025-07-05 18:01:40,528 - INFO - Indicators calculated: ['timestamp', 'open', 'high', 'low', 'close', 'volume', 'ma20', 'ema8', 'ema21', 'macd', 'signal_line', 'rsi', 'adx', 'vwap', 'atr', 'stoch_k', 'stoch_d', 'bollinger_mid', 'bollinger_std', 'bollinger_upper', 'bollinger_lower']
2025-07-05 18:01:40,540 - INFO - Candle patterns identified successfully
2025-07-05 18:01:40,542 - INFO - [LTC/USDT] Calculated indicators for 1h: ['timestamp', 'open', 'high', 'low', 'close', 'volume', 'ma20', 'ema8', 'ema21', 'macd', 'signal_line', 'rsi', 'adx', 'vwap', 'atr', 'stoch_k', 'stoch_d', 'bollinger_mid', 'bollinger_std', 'bollinger_upper', 'bollinger_lower', 'candle_pattern']
2025-07-05 18:01:40,554 - ERROR - [HBAR/USDT] Failed to fetch OHLCV for 15m after 3 retries
2025-07-05 18:01:40,554 - ERROR - [FET/USDT] Failed to fetch OHLCV for 15m after 3 retries
2025-07-05 18:01:40,641 - INFO - Indicators calculated: ['timestamp', 'open', 'high', 'low', 'close', 'volume', 'ma20', 'ema8', 'ema21', 'macd', 'signal_line', 'rsi', 'adx', 'vwap', 'atr', 'stoch_k', 'stoch_d', 'bollinger_mid', 'bollinger_std', 'bollinger_upper', 'bollinger_lower']
2025-07-05 18:01:40,652 - INFO - Candle patterns identified successfully
2025-07-05 18:01:40,653 - INFO - [ZEC/USDT] Calculated indicators for 1h: ['timestamp', 'open', 'high', 'low', 'close', 'volume', 'ma20', 'ema8', 'ema21', 'macd', 'signal_line', 'rsi', 'adx', 'vwap', 'atr', 'stoch_k', 'stoch_d', 'bollinger_mid', 'bollinger_std', 'bollinger_upper', 'bollinger_lower', 'candle_pattern']
2025-07-05 18:01:40,746 - INFO - Indicators calculated: ['timestamp', 'open', 'high', 'low', 'close', 'volume', 'ma20', 'ema8', 'ema21', 'macd', 'signal_line', 'rsi', 'adx', 'vwap', 'atr', 'stoch_k', 'stoch_d', 'bollinger_mid', 'bollinger_std', 'bollinger_upper', 'bollinger_lower']
2025-07-05 18:01:40,755 - INFO - Candle patterns identified successfully
2025-07-05 18:01:40,756 - INFO - [ICX/USDT] Calculated indicators for 1h: ['timestamp', 'open', 'high', 'low', 'close', 'volume', 'ma20', 'ema8', 'ema21', 'macd', 'signal_line', 'rsi', 'adx', 'vwap', 'atr', 'stoch_k', 'stoch_d', 'bollinger_mid', 'bollinger_std', 'bollinger_upper', 'bollinger_lower', 'candle_pattern']
2025-07-05 18:01:40,822 - INFO - Indicators calculated: ['timestamp', 'open', 'high', 'low', 'close', 'volume', 'ma20', 'ema8', 'ema21', 'macd', 'signal_line', 'rsi', 'adx', 'vwap', 'atr', 'stoch_k', 'stoch_d', 'bollinger_mid', 'bollinger_std', 'bollinger_upper', 'bollinger_lower']
2025-07-05 18:01:40,832 - INFO - Candle patterns identified successfully
2025-07-05 18:01:40,834 - INFO - [ADA/USDT] Calculated indicators for 1h: ['timestamp', 'open', 'high', 'low', 'close', 'volume', 'ma20', 'ema8', 'ema21', 'macd', 'signal_line', 'rsi', 'adx', 'vwap', 'atr', 'stoch_k', 'stoch_d', 'bollinger_mid', 'bollinger_std', 'bollinger_upper', 'bollinger_lower', 'candle_pattern']
2025-07-05 18:01:42,318 - WARNING - [HBAR/USDT] Insufficient data for 15m
2025-07-05 18:01:42,318 - WARNING - [FET/USDT] Insufficient data for 15m
2025-07-05 18:01:54,496 - ERROR - [ADA/USDT] Retry 1/3 for 4h: binance GET https://fapi.binance.com/fapi/v1/exchangeInfo
2025-07-05 18:01:54,496 - ERROR - [ICX/USDT] Retry 1/3 for 4h: binance GET https://fapi.binance.com/fapi/v1/exchangeInfo
2025-07-05 18:01:54,496 - ERROR - [ZEC/USDT] Retry 1/3 for 4h: binance GET https://fapi.binance.com/fapi/v1/exchangeInfo
2025-07-05 18:01:54,630 - INFO - [QTUM/USDT] Fetched 50 candles for 1h, columns: ['timestamp', 'open', 'high', 'low', 'close', 'volume']
2025-07-05 18:01:54,644 - INFO - DataFrame validated: 50 rows, NaN count: 0
2025-07-05 18:01:54,659 - INFO - [ALGO/USDT] Fetched 50 candles for 4h, columns: ['timestamp', 'open', 'high', 'low', 'close', 'volume']
2025-07-05 18:01:54,661 - INFO - DataFrame validated: 50 rows, NaN count: 0
2025-07-05 18:01:54,663 - INFO - [STX/USDT] Fetched 50 candles for 4h, columns: ['timestamp', 'open', 'high', 'low', 'close', 'volume']
2025-07-05 18:01:54,664 - INFO - DataFrame validated: 50 rows, NaN count: 0
2025-07-05 18:01:54,666 - INFO - [RVN/USDT] Fetched 50 candles for 4h, columns: ['timestamp', 'open', 'high', 'low', 'close', 'volume']
2025-07-05 18:01:54,667 - INFO - DataFrame validated: 50 rows, NaN count: 0
2025-07-05 18:01:54,668 - INFO - [TRX/USDT] Fetched 50 candles for 4h, columns: ['timestamp', 'open', 'high', 'low', 'close', 'volume']
2025-07-05 18:01:54,669 - INFO - DataFrame validated: 50 rows, NaN count: 0
2025-07-05 18:01:54,906 - ERROR - [ZRX/USDT] Retry 1/3 for 4h: binance GET https://dapi.binance.com/dapi/v1/exchangeInfo
2025-07-05 18:01:54,906 - ERROR - [XRP/USDT] Retry 1/3 for 4h: binance GET https://dapi.binance.com/dapi/v1/exchangeInfo
2025-07-05 18:01:54,906 - ERROR - [ETH/USDT] Retry 1/3 for 1d: binance GET https://dapi.binance.com/dapi/v1/exchangeInfo
2025-07-05 18:01:54,906 - ERROR - [IOTA/USDT] Retry 1/3 for 4h: binance GET https://dapi.binance.com/dapi/v1/exchangeInfo
2025-07-05 18:01:54,907 - ERROR - [BTC/USDT] Retry 1/3 for 4h: binance GET https://dapi.binance.com/dapi/v1/exchangeInfo
2025-07-05 18:01:54,907 - ERROR - [LINK/USDT] Retry 1/3 for 4h: binance GET https://dapi.binance.com/dapi/v1/exchangeInfo
2025-07-05 18:01:54,907 - ERROR - [NKN/USDT] Retry 1/3 for 1h: binance GET https://dapi.binance.com/dapi/v1/exchangeInfo
2025-07-05 18:01:54,907 - ERROR - [BNB/USDT] Retry 1/3 for 4h: binance GET https://dapi.binance.com/dapi/v1/exchangeInfo
2025-07-05 18:01:54,907 - ERROR - [DOGE/USDT] Retry 1/3 for 1d: binance GET https://dapi.binance.com/dapi/v1/exchangeInfo
2025-07-05 18:01:54,907 - ERROR - [LTC/USDT] Retry 1/3 for 4h: binance GET https://dapi.binance.com/dapi/v1/exchangeInfo
2025-07-05 18:01:54,927 - INFO - [NEO/USDT] Fetched 50 candles for 1h, columns: ['timestamp', 'open', 'high', 'low', 'close', 'volume']
2025-07-05 18:01:54,928 - INFO - DataFrame validated: 50 rows, NaN count: 0
2025-07-05 18:01:54,930 - INFO - [ONE/USDT] Fetched 50 candles for 15m, columns: ['timestamp', 'open', 'high', 'low', 'close', 'volume']
2025-07-05 18:01:54,931 - INFO - DataFrame validated: 50 rows, NaN count: 0
2025-07-05 18:01:54,933 - INFO - [VET/USDT] Fetched 50 candles for 1h, columns: ['timestamp', 'open', 'high', 'low', 'close', 'volume']
2025-07-05 18:01:54,934 - INFO - DataFrame validated: 50 rows, NaN count: 0
2025-07-05 18:01:54,935 - INFO - [ZIL/USDT] Fetched 50 candles for 15m, columns: ['timestamp', 'open', 'high', 'low', 'close', 'volume']
2025-07-05 18:01:54,936 - INFO - DataFrame validated: 50 rows, NaN count: 0
2025-07-05 18:01:54,937 - INFO - [THETA/USDT] Fetched 50 candles for 15m, columns: ['timestamp', 'open', 'high', 'low', 'close', 'volume']
2025-07-05 18:01:54,938 - INFO - DataFrame validated: 50 rows, NaN count: 0
2025-07-07 16:35:38,955 - INFO - Starting bot initialization
2025-07-07 16:35:38,956 - INFO - Initializing Binance Futures exchange
2025-07-07 16:35:38,969 - INFO - Testing Binance Futures API keys
2025-07-07 16:35:41,078 - INFO - API key test successful: BTC/USDT:USDT - 108250.0
2025-07-07 16:35:41,078 - INFO - Setting up Telegram bot
2025-07-07 16:35:41,847 - INFO - Telegram bot polling started
2025-07-07 16:35:41,847 - INFO - Starting new scan cycle
2025-07-07 16:35:41,847 - INFO - Fetching USDT pairs from Binance Futures
2025-07-07 16:35:41,847 - INFO - Total markets fetched: 3747
2025-07-07 16:35:41,848 - INFO - Total USDT pairs after initial filtering: 394
2025-07-07 16:35:41,848 - INFO - Limited to top 50 USDT pairs for volume check
2025-07-07 16:35:42,245 - INFO - [BTC/USDT] Volume check: 11,435,314,038.07
2025-07-07 16:35:42,862 - INFO - [ETH/USDT] Volume check: 12,385,369,796.19
2025-07-07 16:35:43,458 - INFO - [BNB/USDT] Volume check: 181,382,802.56
2025-07-07 16:35:44,061 - INFO - [NEO/USDT] Volume check: 9,398,721.51
2025-07-07 16:35:44,670 - INFO - [LTC/USDT] Volume check: 155,008,094.60
2025-07-07 16:35:45,265 - INFO - [QTUM/USDT] Volume check: 4,526,080.05
2025-07-07 16:35:45,863 - INFO - [ADA/USDT] Volume check: 272,295,530.87
2025-07-07 16:35:46,457 - INFO - [XRP/USDT] Volume check: 1,636,839,805.86
2025-07-07 16:35:47,055 - INFO - [TUSD/USDT] Volume check: 0.00
2025-07-07 16:35:47,663 - INFO - [IOTA/USDT] Volume check: 6,561,640.42
2025-07-07 16:35:48,276 - INFO - [XLM/USDT] Volume check: 99,030,535.28
2025-07-07 16:35:48,882 - INFO - [ONT/USDT] Volume check: 2,581,175.56
2025-07-07 16:35:49,492 - INFO - [TRX/USDT] Volume check: 55,401,839.93
2025-07-07 16:35:50,092 - INFO - [ETC/USDT] Volume check: 44,704,830.91
2025-07-07 16:35:50,692 - INFO - [ICX/USDT] Volume check: 2,916,078.63
2025-07-07 16:35:51,291 - INFO - [VET/USDT] Volume check: 9,967,547.52
2025-07-07 16:35:51,891 - INFO - [USDC/USDT] Volume check: 6,962,570.73
2025-07-07 16:35:52,500 - INFO - [LINK/USDT] Volume check: 236,074,812.14
2025-07-07 16:35:52,863 - INFO - [ONG/USDT] Volume check: 1,546,727.90
2025-07-07 16:35:53,460 - INFO - [HOT/USDT] Volume check: 2,517,230.21
2025-07-07 16:35:54,056 - INFO - [ZIL/USDT] Volume check: 6,359,650.19
2025-07-07 16:35:54,652 - INFO - [ZRX/USDT] Volume check: 6,756,283.27
2025-07-07 16:35:55,249 - INFO - [FET/USDT] Volume check: 62,935,433.31
2025-07-07 16:35:55,838 - INFO - [BAT/USDT] Volume check: 2,165,324.04
2025-07-07 16:35:56,441 - INFO - [ZEC/USDT] Volume check: 3,545,173.16
2025-07-07 16:35:57,042 - INFO - [IOST/USDT] Volume check: 2,642,391.85
2025-07-07 16:35:57,643 - INFO - [CELR/USDT] Volume check: 2,589,303.46
2025-07-07 16:35:58,247 - INFO - [DASH/USDT] Volume check: 2,846,279.72
2025-07-07 16:35:58,849 - INFO - [THETA/USDT] Volume check: 7,802,431.37
2025-07-07 16:35:59,202 - INFO - [ENJ/USDT] Volume check: 2,916,993.26
2025-07-07 16:35:59,810 - INFO - [ATOM/USDT] Volume check: 24,716,435.29
2025-07-07 16:36:00,412 - INFO - [TFUEL/USDT] Volume check: 0.00
2025-07-07 16:36:01,016 - INFO - [ONE/USDT] Volume check: 4,670,584.71
2025-07-07 16:36:01,630 - INFO - [ALGO/USDT] Volume check: 19,893,937.88
2025-07-07 16:36:02,244 - INFO - [DOGE/USDT] Volume check: 1,115,100,180.10
2025-07-07 16:36:02,852 - INFO - [DUSK/USDT] Volume check: 4,174,834.83
2025-07-07 16:36:03,197 - INFO - [ANKR/USDT] Volume check: 2,030,023.35
2025-07-07 16:36:03,807 - INFO - [WIN/USDT] Volume check: 0.00
2025-07-07 16:36:04,405 - INFO - [COS/USDT] Volume check: 1,005,405.84
2025-07-07 16:36:05,004 - INFO - [MTL/USDT] Volume check: 1,146,692.32
2025-07-07 16:36:05,602 - INFO - [DENT/USDT] Volume check: 1,334,181.53
2025-07-07 16:36:06,206 - INFO - [WAN/USDT] Volume check: 0.00
2025-07-07 16:36:06,805 - INFO - [CVC/USDT] Volume check: 5,114,681.14
2025-07-07 16:36:07,403 - INFO - [CHZ/USDT] Volume check: 7,114,851.84
2025-07-07 16:36:08,007 - INFO - [BAND/USDT] Volume check: 2,659,854.66
2025-07-07 16:36:08,604 - INFO - [XTZ/USDT] Volume check: 11,679,365.82
2025-07-07 16:36:09,213 - INFO - [RVN/USDT] Volume check: 8,432,090.94
2025-07-07 16:36:09,562 - INFO - [HBAR/USDT] Volume check: 51,060,820.60
2025-07-07 16:36:10,160 - INFO - [NKN/USDT] Volume check: 6,522,801.09
2025-07-07 16:36:10,761 - INFO - [STX/USDT] Volume check: 11,960,454.87
2025-07-07 16:36:10,962 - INFO - Selected top 30 USDT pairs with volume > $500,000: ['ETH/USDT', 'BTC/USDT', 'XRP/USDT', 'DOGE/USDT', 'ADA/USDT', 'LINK/USDT', 'BNB/USDT', 'LTC/USDT', 'XLM/USDT', 'FET/USDT', 'TRX/USDT', 'HBAR/USDT', 'ETC/USDT', 'ATOM/USDT', 'ALGO/USDT', 'STX/USDT', 'XTZ/USDT', 'VET/USDT', 'NEO/USDT', 'RVN/USDT', 'THETA/USDT', 'CHZ/USDT', 'USDC/USDT', 'ZRX/USDT', 'IOTA/USDT', 'NKN/USDT', 'ZIL/USDT', 'CVC/USDT', 'ONE/USDT', 'QTUM/USDT']
2025-07-07 16:36:10,962 - INFO - Processing batch of 30 symbols: ['ETH/USDT', 'BTC/USDT', 'XRP/USDT', 'DOGE/USDT', 'ADA/USDT', 'LINK/USDT', 'BNB/USDT', 'LTC/USDT', 'XLM/USDT', 'FET/USDT', 'TRX/USDT', 'HBAR/USDT', 'ETC/USDT', 'ATOM/USDT', 'ALGO/USDT', 'STX/USDT', 'XTZ/USDT', 'VET/USDT', 'NEO/USDT', 'RVN/USDT', 'THETA/USDT', 'CHZ/USDT', 'USDC/USDT', 'ZRX/USDT', 'IOTA/USDT', 'NKN/USDT', 'ZIL/USDT', 'CVC/USDT', 'ONE/USDT', 'QTUM/USDT']
2025-07-07 16:36:10,962 - INFO - [ETH/USDT] Scanning for signal
2025-07-07 16:36:11,118 - INFO - [ETH/USDT] Volume check: 12,369,220,146.42
2025-07-07 16:36:11,118 - INFO - [BTC/USDT] Scanning for signal
2025-07-07 16:36:11,529 - INFO - [BTC/USDT] Volume check: 11,439,378,599.21
2025-07-07 16:36:11,530 - INFO - [XRP/USDT] Scanning for signal
2025-07-07 16:36:11,943 - INFO - [XRP/USDT] Volume check: 1,635,636,900.12
2025-07-07 16:36:11,943 - INFO - [DOGE/USDT] Scanning for signal
2025-07-07 16:36:12,349 - INFO - [DOGE/USDT] Volume check: 1,114,338,155.82
2025-07-07 16:36:12,349 - INFO - [ADA/USDT] Scanning for signal
2025-07-07 16:36:12,752 - INFO - [ADA/USDT] Volume check: 272,017,927.36
2025-07-07 16:36:12,753 - INFO - [LINK/USDT] Scanning for signal
2025-07-07 16:36:13,146 - INFO - [LINK/USDT] Volume check: 236,081,237.63
2025-07-07 16:36:13,147 - INFO - [BNB/USDT] Scanning for signal
2025-07-07 16:36:13,549 - INFO - [BNB/USDT] Volume check: 181,254,611.17
2025-07-07 16:36:13,549 - INFO - [LTC/USDT] Scanning for signal
2025-07-07 16:36:13,947 - INFO - [LTC/USDT] Volume check: 154,939,919.41
2025-07-07 16:36:13,947 - INFO - [XLM/USDT] Scanning for signal
2025-07-07 16:36:14,348 - INFO - [XLM/USDT] Volume check: 99,027,581.89
2025-07-07 16:36:14,348 - INFO - [FET/USDT] Scanning for signal
2025-07-07 16:36:14,746 - INFO - [FET/USDT] Volume check: 62,872,719.21
2025-07-07 16:36:14,747 - INFO - [TRX/USDT] Scanning for signal
2025-07-07 16:36:14,904 - INFO - [TRX/USDT] Volume check: 55,399,156.10
2025-07-07 16:36:14,905 - INFO - [HBAR/USDT] Scanning for signal
2025-07-07 16:36:15,063 - INFO - [HBAR/USDT] Volume check: 51,061,195.94
2025-07-07 16:36:15,064 - INFO - [ETC/USDT] Scanning for signal
2025-07-07 16:36:15,485 - INFO - [ETC/USDT] Volume check: 44,702,806.70
2025-07-07 16:36:15,486 - INFO - [ATOM/USDT] Scanning for signal
2025-07-07 16:36:15,887 - INFO - [ATOM/USDT] Volume check: 24,714,767.20
2025-07-07 16:36:15,888 - INFO - [ALGO/USDT] Scanning for signal
2025-07-07 16:36:16,284 - INFO - [ALGO/USDT] Volume check: 19,868,195.42
2025-07-07 16:36:16,285 - INFO - [STX/USDT] Scanning for signal
2025-07-07 16:36:16,683 - INFO - [STX/USDT] Volume check: 11,961,120.04
2025-07-07 16:36:16,683 - INFO - [XTZ/USDT] Scanning for signal
2025-07-07 16:36:16,826 - INFO - [XTZ/USDT] Volume check: 11,679,459.10
2025-07-07 16:36:16,827 - INFO - [VET/USDT] Scanning for signal
2025-07-07 16:36:17,228 - INFO - [VET/USDT] Volume check: 9,967,045.83
2025-07-07 16:36:17,228 - INFO - [NEO/USDT] Scanning for signal
2025-07-07 16:36:17,631 - INFO - [NEO/USDT] Volume check: 9,389,088.05
2025-07-07 16:36:17,632 - INFO - [RVN/USDT] Scanning for signal
2025-07-07 16:36:18,035 - INFO - [RVN/USDT] Volume check: 8,434,806.74
2025-07-07 16:36:18,035 - INFO - [THETA/USDT] Scanning for signal
2025-07-07 16:36:18,449 - INFO - [THETA/USDT] Volume check: 7,802,158.32
2025-07-07 16:36:18,449 - INFO - [CHZ/USDT] Scanning for signal
2025-07-07 16:36:18,862 - INFO - [CHZ/USDT] Volume check: 7,117,251.83
2025-07-07 16:36:18,862 - INFO - [USDC/USDT] Scanning for signal
2025-07-07 16:36:19,261 - INFO - [USDC/USDT] Volume check: 6,962,081.25
2025-07-07 16:36:19,262 - INFO - [ZRX/USDT] Scanning for signal
2025-07-07 16:36:19,658 - INFO - [ZRX/USDT] Volume check: 6,752,100.82
2025-07-07 16:36:19,659 - INFO - [IOTA/USDT] Scanning for signal
2025-07-07 16:36:20,053 - INFO - [IOTA/USDT] Volume check: 6,559,843.33
2025-07-07 16:36:20,054 - INFO - [NKN/USDT] Scanning for signal
2025-07-07 16:36:20,198 - INFO - [NKN/USDT] Volume check: 6,528,879.41
2025-07-07 16:36:20,198 - INFO - [ZIL/USDT] Scanning for signal
2025-07-07 16:36:20,349 - INFO - [ZIL/USDT] Volume check: 6,355,011.11
2025-07-07 16:36:20,350 - INFO - [CVC/USDT] Scanning for signal
2025-07-07 16:36:20,775 - INFO - [CVC/USDT] Volume check: 5,114,445.06
2025-07-07 16:36:20,775 - INFO - [ONE/USDT] Scanning for signal
2025-07-07 16:36:21,176 - INFO - [ONE/USDT] Volume check: 4,670,584.71
2025-07-07 16:36:21,176 - INFO - [QTUM/USDT] Scanning for signal
2025-07-07 16:36:21,577 - INFO - [QTUM/USDT] Volume check: 4,518,821.32
2025-07-07 16:36:32,265 - INFO - [ETH/USDT] Fetched 50 candles for 15m, columns: ['timestamp', 'open', 'high', 'low', 'close', 'volume']
2025-07-07 16:36:32,267 - INFO - DataFrame validated: 50 rows, NaN count: 0
2025-07-07 16:36:32,269 - INFO - [FET/USDT] Fetched 50 candles for 15m, columns: ['timestamp', 'open', 'high', 'low', 'close', 'volume']
2025-07-07 16:36:32,270 - INFO - DataFrame validated: 50 rows, NaN count: 0
2025-07-07 16:36:32,271 - INFO - [DOGE/USDT] Fetched 50 candles for 15m, columns: ['timestamp', 'open', 'high', 'low', 'close', 'volume']
2025-07-07 16:36:32,272 - INFO - DataFrame validated: 50 rows, NaN count: 0
2025-07-07 16:36:32,295 - INFO - [XRP/USDT] Fetched 50 candles for 15m, columns: ['timestamp', 'open', 'high', 'low', 'close', 'volume']
2025-07-07 16:36:32,296 - INFO - DataFrame validated: 50 rows, NaN count: 0
2025-07-07 16:36:32,298 - INFO - [ADA/USDT] Fetched 50 candles for 15m, columns: ['timestamp', 'open', 'high', 'low', 'close', 'volume']
2025-07-07 16:36:32,299 - INFO - DataFrame validated: 50 rows, NaN count: 0
2025-07-07 16:36:32,301 - INFO - [BTC/USDT] Fetched 50 candles for 15m, columns: ['timestamp', 'open', 'high', 'low', 'close', 'volume']
2025-07-07 16:36:32,302 - INFO - DataFrame validated: 50 rows, NaN count: 0
2025-07-07 16:36:33,375 - INFO - Indicators calculated: ['timestamp', 'open', 'high', 'low', 'close', 'volume', 'ma20', 'ema8', 'ema21', 'macd', 'signal_line', 'rsi', 'adx', 'vwap', 'atr', 'stoch_k', 'stoch_d', 'bollinger_mid', 'bollinger_std', 'bollinger_upper', 'bollinger_lower']
2025-07-07 16:36:33,383 - INFO - Candle patterns identified successfully
2025-07-07 16:36:33,384 - INFO - [ETH/USDT] Calculated indicators for 15m: ['timestamp', 'open', 'high', 'low', 'close', 'volume', 'ma20', 'ema8', 'ema21', 'macd', 'signal_line', 'rsi', 'adx', 'vwap', 'atr', 'stoch_k', 'stoch_d', 'bollinger_mid', 'bollinger_std', 'bollinger_upper', 'bollinger_lower', 'candle_pattern']
2025-07-07 16:36:33,448 - INFO - Indicators calculated: ['timestamp', 'open', 'high', 'low', 'close', 'volume', 'ma20', 'ema8', 'ema21', 'macd', 'signal_line', 'rsi', 'adx', 'vwap', 'atr', 'stoch_k', 'stoch_d', 'bollinger_mid', 'bollinger_std', 'bollinger_upper', 'bollinger_lower']
2025-07-07 16:36:33,460 - INFO - Candle patterns identified successfully
2025-07-07 16:36:33,461 - INFO - [FET/USDT] Calculated indicators for 15m: ['timestamp', 'open', 'high', 'low', 'close', 'volume', 'ma20', 'ema8', 'ema21', 'macd', 'signal_line', 'rsi', 'adx', 'vwap', 'atr', 'stoch_k', 'stoch_d', 'bollinger_mid', 'bollinger_std', 'bollinger_upper', 'bollinger_lower', 'candle_pattern']
2025-07-07 16:36:33,521 - INFO - Indicators calculated: ['timestamp', 'open', 'high', 'low', 'close', 'volume', 'ma20', 'ema8', 'ema21', 'macd', 'signal_line', 'rsi', 'adx', 'vwap', 'atr', 'stoch_k', 'stoch_d', 'bollinger_mid', 'bollinger_std', 'bollinger_upper', 'bollinger_lower']
2025-07-07 16:36:33,536 - INFO - Candle patterns identified successfully
2025-07-07 16:36:33,538 - INFO - [DOGE/USDT] Calculated indicators for 15m: ['timestamp', 'open', 'high', 'low', 'close', 'volume', 'ma20', 'ema8', 'ema21', 'macd', 'signal_line', 'rsi', 'adx', 'vwap', 'atr', 'stoch_k', 'stoch_d', 'bollinger_mid', 'bollinger_std', 'bollinger_upper', 'bollinger_lower', 'candle_pattern']
2025-07-07 16:36:33,604 - INFO - Indicators calculated: ['timestamp', 'open', 'high', 'low', 'close', 'volume', 'ma20', 'ema8', 'ema21', 'macd', 'signal_line', 'rsi', 'adx', 'vwap', 'atr', 'stoch_k', 'stoch_d', 'bollinger_mid', 'bollinger_std', 'bollinger_upper', 'bollinger_lower']
2025-07-07 16:36:33,610 - INFO - Candle patterns identified successfully
2025-07-07 16:36:33,611 - INFO - [XRP/USDT] Calculated indicators for 15m: ['timestamp', 'open', 'high', 'low', 'close', 'volume', 'ma20', 'ema8', 'ema21', 'macd', 'signal_line', 'rsi', 'adx', 'vwap', 'atr', 'stoch_k', 'stoch_d', 'bollinger_mid', 'bollinger_std', 'bollinger_upper', 'bollinger_lower', 'candle_pattern']
2025-07-07 16:36:33,680 - INFO - Indicators calculated: ['timestamp', 'open', 'high', 'low', 'close', 'volume', 'ma20', 'ema8', 'ema21', 'macd', 'signal_line', 'rsi', 'adx', 'vwap', 'atr', 'stoch_k', 'stoch_d', 'bollinger_mid', 'bollinger_std', 'bollinger_upper', 'bollinger_lower']
2025-07-07 16:36:33,688 - INFO - Candle patterns identified successfully
2025-07-07 16:36:33,689 - INFO - [ADA/USDT] Calculated indicators for 15m: ['timestamp', 'open', 'high', 'low', 'close', 'volume', 'ma20', 'ema8', 'ema21', 'macd', 'signal_line', 'rsi', 'adx', 'vwap', 'atr', 'stoch_k', 'stoch_d', 'bollinger_mid', 'bollinger_std', 'bollinger_upper', 'bollinger_lower', 'candle_pattern']
2025-07-07 16:36:33,759 - INFO - Indicators calculated: ['timestamp', 'open', 'high', 'low', 'close', 'volume', 'ma20', 'ema8', 'ema21', 'macd', 'signal_line', 'rsi', 'adx', 'vwap', 'atr', 'stoch_k', 'stoch_d', 'bollinger_mid', 'bollinger_std', 'bollinger_upper', 'bollinger_lower']
2025-07-07 16:36:33,767 - INFO - Candle patterns identified successfully
2025-07-07 16:36:33,768 - INFO - [BTC/USDT] Calculated indicators for 15m: ['timestamp', 'open', 'high', 'low', 'close', 'volume', 'ma20', 'ema8', 'ema21', 'macd', 'signal_line', 'rsi', 'adx', 'vwap', 'atr', 'stoch_k', 'stoch_d', 'bollinger_mid', 'bollinger_std', 'bollinger_upper', 'bollinger_lower', 'candle_pattern']
2025-07-07 16:36:47,959 - ERROR - [ZRX/USDT] Retry 1/3 for 15m: binance GET https://dapi.binance.com/dapi/v1/exchangeInfo
2025-07-07 16:36:47,960 - ERROR - [NKN/USDT] Retry 1/3 for 15m: binance GET https://fapi.binance.com/fapi/v1/exchangeInfo
2025-07-07 16:36:47,960 - ERROR - [ONE/USDT] Retry 1/3 for 15m: binance GET https://fapi.binance.com/fapi/v1/exchangeInfo
2025-07-07 16:36:47,960 - ERROR - [CVC/USDT] Retry 1/3 for 15m: binance GET https://fapi.binance.com/fapi/v1/exchangeInfo
2025-07-07 16:36:47,960 - ERROR - [IOTA/USDT] Retry 1/3 for 15m: binance GET https://dapi.binance.com/dapi/v1/exchangeInfo
2025-07-07 16:36:47,960 - ERROR - [ZIL/USDT] Retry 1/3 for 15m: binance GET https://fapi.binance.com/fapi/v1/exchangeInfo
2025-07-07 16:36:48,121 - INFO - [HBAR/USDT] Fetched 50 candles for 15m, columns: ['timestamp', 'open', 'high', 'low', 'close', 'volume']
2025-07-07 16:36:48,122 - INFO - DataFrame validated: 50 rows, NaN count: 0
2025-07-07 16:36:48,123 - INFO - [ALGO/USDT] Fetched 50 candles for 15m, columns: ['timestamp', 'open', 'high', 'low', 'close', 'volume']
2025-07-07 16:36:48,124 - INFO - DataFrame validated: 50 rows, NaN count: 0
2025-07-07 16:36:48,125 - INFO - [ATOM/USDT] Fetched 50 candles for 15m, columns: ['timestamp', 'open', 'high', 'low', 'close', 'volume']
2025-07-07 16:36:48,126 - INFO - DataFrame validated: 50 rows, NaN count: 0
2025-07-07 16:36:48,129 - INFO - [XLM/USDT] Fetched 50 candles for 15m, columns: ['timestamp', 'open', 'high', 'low', 'close', 'volume']
2025-07-07 16:36:48,129 - INFO - DataFrame validated: 50 rows, NaN count: 0
2025-07-07 16:36:48,130 - INFO - [LINK/USDT] Fetched 50 candles for 15m, columns: ['timestamp', 'open', 'high', 'low', 'close', 'volume']
2025-07-07 16:36:48,131 - INFO - DataFrame validated: 50 rows, NaN count: 0
2025-07-07 16:36:48,132 - INFO - [BNB/USDT] Fetched 50 candles for 15m, columns: ['timestamp', 'open', 'high', 'low', 'close', 'volume']
2025-07-07 16:36:48,133 - INFO - DataFrame validated: 50 rows, NaN count: 0
2025-07-07 16:36:48,133 - INFO - [ETC/USDT] Fetched 50 candles for 15m, columns: ['timestamp', 'open', 'high', 'low', 'close', 'volume']
2025-07-07 16:36:48,134 - INFO - DataFrame validated: 50 rows, NaN count: 0
2025-07-07 16:36:48,135 - INFO - [LTC/USDT] Fetched 50 candles for 15m, columns: ['timestamp', 'open', 'high', 'low', 'close', 'volume']
2025-07-07 16:36:48,136 - INFO - DataFrame validated: 50 rows, NaN count: 0
2025-07-07 16:36:48,137 - INFO - [TRX/USDT] Fetched 50 candles for 15m, columns: ['timestamp', 'open', 'high', 'low', 'close', 'volume']
2025-07-07 16:36:48,137 - INFO - DataFrame validated: 50 rows, NaN count: 0
2025-07-07 16:36:48,148 - INFO - [VET/USDT] Fetched 50 candles for 15m, columns: ['timestamp', 'open', 'high', 'low', 'close', 'volume']
2025-07-07 16:36:48,149 - INFO - DataFrame validated: 50 rows, NaN count: 0
2025-07-07 16:36:48,150 - INFO - [STX/USDT] Fetched 50 candles for 15m, columns: ['timestamp', 'open', 'high', 'low', 'close', 'volume']
2025-07-07 16:36:48,151 - INFO - DataFrame validated: 50 rows, NaN count: 0
2025-07-07 16:36:48,152 - INFO - [CHZ/USDT] Fetched 50 candles for 15m, columns: ['timestamp', 'open', 'high', 'low', 'close', 'volume']
2025-07-07 16:36:48,152 - INFO - DataFrame validated: 50 rows, NaN count: 0
2025-07-07 16:36:48,154 - INFO - [USDC/USDT] Fetched 50 candles for 15m, columns: ['timestamp', 'open', 'high', 'low', 'close', 'volume']
2025-07-07 16:36:48,154 - INFO - DataFrame validated: 50 rows, NaN count: 0
2025-07-07 16:36:48,155 - INFO - [RVN/USDT] Fetched 50 candles for 15m, columns: ['timestamp', 'open', 'high', 'low', 'close', 'volume']
2025-07-07 16:36:48,156 - INFO - DataFrame validated: 50 rows, NaN count: 0
2025-07-07 16:36:48,157 - INFO - [XTZ/USDT] Fetched 50 candles for 15m, columns: ['timestamp', 'open', 'high', 'low', 'close', 'volume']
2025-07-07 16:36:48,158 - INFO - DataFrame validated: 50 rows, NaN count: 0
2025-07-07 16:36:48,159 - INFO - [NEO/USDT] Fetched 50 candles for 15m, columns: ['timestamp', 'open', 'high', 'low', 'close', 'volume']
2025-07-07 16:36:48,159 - INFO - DataFrame validated: 50 rows, NaN count: 0
2025-07-07 16:36:48,166 - INFO - [THETA/USDT] Fetched 50 candles for 15m, columns: ['timestamp', 'open', 'high', 'low', 'close', 'volume']
2025-07-07 16:36:48,167 - INFO - DataFrame validated: 50 rows, NaN count: 0
2025-07-07 16:36:49,068 - INFO - Indicators calculated: ['timestamp', 'open', 'high', 'low', 'close', 'volume', 'ma20', 'ema8', 'ema21', 'macd', 'signal_line', 'rsi', 'adx', 'vwap', 'atr', 'stoch_k', 'stoch_d', 'bollinger_mid', 'bollinger_std', 'bollinger_upper', 'bollinger_lower']
2025-07-07 16:36:49,075 - INFO - Candle patterns identified successfully
2025-07-07 16:36:49,076 - INFO - [HBAR/USDT] Calculated indicators for 15m: ['timestamp', 'open', 'high', 'low', 'close', 'volume', 'ma20', 'ema8', 'ema21', 'macd', 'signal_line', 'rsi', 'adx', 'vwap', 'atr', 'stoch_k', 'stoch_d', 'bollinger_mid', 'bollinger_std', 'bollinger_upper', 'bollinger_lower', 'candle_pattern']
2025-07-07 16:36:49,132 - INFO - Indicators calculated: ['timestamp', 'open', 'high', 'low', 'close', 'volume', 'ma20', 'ema8', 'ema21', 'macd', 'signal_line', 'rsi', 'adx', 'vwap', 'atr', 'stoch_k', 'stoch_d', 'bollinger_mid', 'bollinger_std', 'bollinger_upper', 'bollinger_lower']
2025-07-07 16:36:49,138 - INFO - Candle patterns identified successfully
2025-07-07 16:36:49,139 - INFO - [ALGO/USDT] Calculated indicators for 15m: ['timestamp', 'open', 'high', 'low', 'close', 'volume', 'ma20', 'ema8', 'ema21', 'macd', 'signal_line', 'rsi', 'adx', 'vwap', 'atr', 'stoch_k', 'stoch_d', 'bollinger_mid', 'bollinger_std', 'bollinger_upper', 'bollinger_lower', 'candle_pattern']
2025-07-07 16:36:49,194 - INFO - Indicators calculated: ['timestamp', 'open', 'high', 'low', 'close', 'volume', 'ma20', 'ema8', 'ema21', 'macd', 'signal_line', 'rsi', 'adx', 'vwap', 'atr', 'stoch_k', 'stoch_d', 'bollinger_mid', 'bollinger_std', 'bollinger_upper', 'bollinger_lower']
2025-07-07 16:36:49,204 - INFO - Candle patterns identified successfully
2025-07-07 16:36:49,205 - INFO - [ATOM/USDT] Calculated indicators for 15m: ['timestamp', 'open', 'high', 'low', 'close', 'volume', 'ma20', 'ema8', 'ema21', 'macd', 'signal_line', 'rsi', 'adx', 'vwap', 'atr', 'stoch_k', 'stoch_d', 'bollinger_mid', 'bollinger_std', 'bollinger_upper', 'bollinger_lower', 'candle_pattern']
2025-07-07 16:36:49,267 - INFO - Indicators calculated: ['timestamp', 'open', 'high', 'low', 'close', 'volume', 'ma20', 'ema8', 'ema21', 'macd', 'signal_line', 'rsi', 'adx', 'vwap', 'atr', 'stoch_k', 'stoch_d', 'bollinger_mid', 'bollinger_std', 'bollinger_upper', 'bollinger_lower']
2025-07-07 16:36:49,275 - INFO - Candle patterns identified successfully
2025-07-07 16:36:49,277 - INFO - [XLM/USDT] Calculated indicators for 15m: ['timestamp', 'open', 'high', 'low', 'close', 'volume', 'ma20', 'ema8', 'ema21', 'macd', 'signal_line', 'rsi', 'adx', 'vwap', 'atr', 'stoch_k', 'stoch_d', 'bollinger_mid', 'bollinger_std', 'bollinger_upper', 'bollinger_lower', 'candle_pattern']
2025-07-07 16:36:49,331 - INFO - Indicators calculated: ['timestamp', 'open', 'high', 'low', 'close', 'volume', 'ma20', 'ema8', 'ema21', 'macd', 'signal_line', 'rsi', 'adx', 'vwap', 'atr', 'stoch_k', 'stoch_d', 'bollinger_mid', 'bollinger_std', 'bollinger_upper', 'bollinger_lower']
2025-07-07 16:36:49,339 - INFO - Candle patterns identified successfully
2025-07-07 16:36:49,340 - INFO - [LINK/USDT] Calculated indicators for 15m: ['timestamp', 'open', 'high', 'low', 'close', 'volume', 'ma20', 'ema8', 'ema21', 'macd', 'signal_line', 'rsi', 'adx', 'vwap', 'atr', 'stoch_k', 'stoch_d', 'bollinger_mid', 'bollinger_std', 'bollinger_upper', 'bollinger_lower', 'candle_pattern']
2025-07-07 16:36:49,392 - INFO - Indicators calculated: ['timestamp', 'open', 'high', 'low', 'close', 'volume', 'ma20', 'ema8', 'ema21', 'macd', 'signal_line', 'rsi', 'adx', 'vwap', 'atr', 'stoch_k', 'stoch_d', 'bollinger_mid', 'bollinger_std', 'bollinger_upper', 'bollinger_lower']
2025-07-07 16:36:49,399 - INFO - Candle patterns identified successfully
2025-07-07 16:36:49,400 - INFO - [BNB/USDT] Calculated indicators for 15m: ['timestamp', 'open', 'high', 'low', 'close', 'volume', 'ma20', 'ema8', 'ema21', 'macd', 'signal_line', 'rsi', 'adx', 'vwap', 'atr', 'stoch_k', 'stoch_d', 'bollinger_mid', 'bollinger_std', 'bollinger_upper', 'bollinger_lower', 'candle_pattern']
2025-07-07 16:36:49,493 - INFO - Indicators calculated: ['timestamp', 'open', 'high', 'low', 'close', 'volume', 'ma20', 'ema8', 'ema21', 'macd', 'signal_line', 'rsi', 'adx', 'vwap', 'atr', 'stoch_k', 'stoch_d', 'bollinger_mid', 'bollinger_std', 'bollinger_upper', 'bollinger_lower']
2025-07-07 16:36:49,520 - INFO - Candle patterns identified successfully
2025-07-07 16:36:49,524 - INFO - [ETC/USDT] Calculated indicators for 15m: ['timestamp', 'open', 'high', 'low', 'close', 'volume', 'ma20', 'ema8', 'ema21', 'macd', 'signal_line', 'rsi', 'adx', 'vwap', 'atr', 'stoch_k', 'stoch_d', 'bollinger_mid', 'bollinger_std', 'bollinger_upper', 'bollinger_lower', 'candle_pattern']
2025-07-07 16:36:49,647 - INFO - Indicators calculated: ['timestamp', 'open', 'high', 'low', 'close', 'volume', 'ma20', 'ema8', 'ema21', 'macd', 'signal_line', 'rsi', 'adx', 'vwap', 'atr', 'stoch_k', 'stoch_d', 'bollinger_mid', 'bollinger_std', 'bollinger_upper', 'bollinger_lower']
2025-07-07 16:36:49,669 - INFO - Candle patterns identified successfully
2025-07-07 16:36:49,672 - INFO - [LTC/USDT] Calculated indicators for 15m: ['timestamp', 'open', 'high', 'low', 'close', 'volume', 'ma20', 'ema8', 'ema21', 'macd', 'signal_line', 'rsi', 'adx', 'vwap', 'atr', 'stoch_k', 'stoch_d', 'bollinger_mid', 'bollinger_std', 'bollinger_upper', 'bollinger_lower', 'candle_pattern']
2025-07-07 16:36:49,816 - INFO - Indicators calculated: ['timestamp', 'open', 'high', 'low', 'close', 'volume', 'ma20', 'ema8', 'ema21', 'macd', 'signal_line', 'rsi', 'adx', 'vwap', 'atr', 'stoch_k', 'stoch_d', 'bollinger_mid', 'bollinger_std', 'bollinger_upper', 'bollinger_lower']
2025-07-07 16:36:49,838 - INFO - Candle patterns identified successfully
2025-07-07 16:36:49,841 - INFO - [TRX/USDT] Calculated indicators for 15m: ['timestamp', 'open', 'high', 'low', 'close', 'volume', 'ma20', 'ema8', 'ema21', 'macd', 'signal_line', 'rsi', 'adx', 'vwap', 'atr', 'stoch_k', 'stoch_d', 'bollinger_mid', 'bollinger_std', 'bollinger_upper', 'bollinger_lower', 'candle_pattern']
2025-07-07 16:36:49,948 - INFO - Indicators calculated: ['timestamp', 'open', 'high', 'low', 'close', 'volume', 'ma20', 'ema8', 'ema21', 'macd', 'signal_line', 'rsi', 'adx', 'vwap', 'atr', 'stoch_k', 'stoch_d', 'bollinger_mid', 'bollinger_std', 'bollinger_upper', 'bollinger_lower']
2025-07-07 16:36:49,956 - INFO - Candle patterns identified successfully
2025-07-07 16:36:49,957 - INFO - [VET/USDT] Calculated indicators for 15m: ['timestamp', 'open', 'high', 'low', 'close', 'volume', 'ma20', 'ema8', 'ema21', 'macd', 'signal_line', 'rsi', 'adx', 'vwap', 'atr', 'stoch_k', 'stoch_d', 'bollinger_mid', 'bollinger_std', 'bollinger_upper', 'bollinger_lower', 'candle_pattern']
2025-07-07 16:36:50,013 - INFO - Indicators calculated: ['timestamp', 'open', 'high', 'low', 'close', 'volume', 'ma20', 'ema8', 'ema21', 'macd', 'signal_line', 'rsi', 'adx', 'vwap', 'atr', 'stoch_k', 'stoch_d', 'bollinger_mid', 'bollinger_std', 'bollinger_upper', 'bollinger_lower']
2025-07-07 16:36:50,021 - INFO - Candle patterns identified successfully
2025-07-07 16:36:50,022 - INFO - [STX/USDT] Calculated indicators for 15m: ['timestamp', 'open', 'high', 'low', 'close', 'volume', 'ma20', 'ema8', 'ema21', 'macd', 'signal_line', 'rsi', 'adx', 'vwap', 'atr', 'stoch_k', 'stoch_d', 'bollinger_mid', 'bollinger_std', 'bollinger_upper', 'bollinger_lower', 'candle_pattern']
2025-07-07 16:36:50,088 - INFO - Indicators calculated: ['timestamp', 'open', 'high', 'low', 'close', 'volume', 'ma20', 'ema8', 'ema21', 'macd', 'signal_line', 'rsi', 'adx', 'vwap', 'atr', 'stoch_k', 'stoch_d', 'bollinger_mid', 'bollinger_std', 'bollinger_upper', 'bollinger_lower']
2025-07-07 16:36:50,098 - INFO - Candle patterns identified successfully
2025-07-07 16:36:50,099 - INFO - [CHZ/USDT] Calculated indicators for 15m: ['timestamp', 'open', 'high', 'low', 'close', 'volume', 'ma20', 'ema8', 'ema21', 'macd', 'signal_line', 'rsi', 'adx', 'vwap', 'atr', 'stoch_k', 'stoch_d', 'bollinger_mid', 'bollinger_std', 'bollinger_upper', 'bollinger_lower', 'candle_pattern']
2025-07-07 16:36:50,158 - INFO - Indicators calculated: ['timestamp', 'open', 'high', 'low', 'close', 'volume', 'ma20', 'ema8', 'ema21', 'macd', 'signal_line', 'rsi', 'adx', 'vwap', 'atr', 'stoch_k', 'stoch_d', 'bollinger_mid', 'bollinger_std', 'bollinger_upper', 'bollinger_lower']
2025-07-07 16:36:50,167 - INFO - Candle patterns identified successfully
2025-07-07 16:36:50,168 - INFO - [USDC/USDT] Calculated indicators for 15m: ['timestamp', 'open', 'high', 'low', 'close', 'volume', 'ma20', 'ema8', 'ema21', 'macd', 'signal_line', 'rsi', 'adx', 'vwap', 'atr', 'stoch_k', 'stoch_d', 'bollinger_mid', 'bollinger_std', 'bollinger_upper', 'bollinger_lower', 'candle_pattern']
2025-07-07 16:36:50,230 - INFO - Indicators calculated: ['timestamp', 'open', 'high', 'low', 'close', 'volume', 'ma20', 'ema8', 'ema21', 'macd', 'signal_line', 'rsi', 'adx', 'vwap', 'atr', 'stoch_k', 'stoch_d', 'bollinger_mid', 'bollinger_std', 'bollinger_upper', 'bollinger_lower']
2025-07-07 16:36:50,242 - INFO - Candle patterns identified successfully
2025-07-07 16:36:50,244 - INFO - [RVN/USDT] Calculated indicators for 15m: ['timestamp', 'open', 'high', 'low', 'close', 'volume', 'ma20', 'ema8', 'ema21', 'macd', 'signal_line', 'rsi', 'adx', 'vwap', 'atr', 'stoch_k', 'stoch_d', 'bollinger_mid', 'bollinger_std', 'bollinger_upper', 'bollinger_lower', 'candle_pattern']
2025-07-07 16:36:50,315 - INFO - Indicators calculated: ['timestamp', 'open', 'high', 'low', 'close', 'volume', 'ma20', 'ema8', 'ema21', 'macd', 'signal_line', 'rsi', 'adx', 'vwap', 'atr', 'stoch_k', 'stoch_d', 'bollinger_mid', 'bollinger_std', 'bollinger_upper', 'bollinger_lower']
2025-07-07 16:36:50,323 - INFO - Candle patterns identified successfully
2025-07-07 16:36:50,324 - INFO - [XTZ/USDT] Calculated indicators for 15m: ['timestamp', 'open', 'high', 'low', 'close', 'volume', 'ma20', 'ema8', 'ema21', 'macd', 'signal_line', 'rsi', 'adx', 'vwap', 'atr', 'stoch_k', 'stoch_d', 'bollinger_mid', 'bollinger_std', 'bollinger_upper', 'bollinger_lower', 'candle_pattern']
2025-07-07 16:36:50,381 - INFO - Indicators calculated: ['timestamp', 'open', 'high', 'low', 'close', 'volume', 'ma20', 'ema8', 'ema21', 'macd', 'signal_line', 'rsi', 'adx', 'vwap', 'atr', 'stoch_k', 'stoch_d', 'bollinger_mid', 'bollinger_std', 'bollinger_upper', 'bollinger_lower']
2025-07-07 16:36:50,389 - INFO - Candle patterns identified successfully
2025-07-07 16:36:50,390 - INFO - [NEO/USDT] Calculated indicators for 15m: ['timestamp', 'open', 'high', 'low', 'close', 'volume', 'ma20', 'ema8', 'ema21', 'macd', 'signal_line', 'rsi', 'adx', 'vwap', 'atr', 'stoch_k', 'stoch_d', 'bollinger_mid', 'bollinger_std', 'bollinger_upper', 'bollinger_lower', 'candle_pattern']
2025-07-07 16:36:50,758 - INFO - Indicators calculated: ['timestamp', 'open', 'high', 'low', 'close', 'volume', 'ma20', 'ema8', 'ema21', 'macd', 'signal_line', 'rsi', 'adx', 'vwap', 'atr', 'stoch_k', 'stoch_d', 'bollinger_mid', 'bollinger_std', 'bollinger_upper', 'bollinger_lower']
2025-07-07 16:36:50,778 - INFO - Candle patterns identified successfully
2025-07-07 16:36:50,779 - INFO - [THETA/USDT] Calculated indicators for 15m: ['timestamp', 'open', 'high', 'low', 'close', 'volume', 'ma20', 'ema8', 'ema21', 'macd', 'signal_line', 'rsi', 'adx', 'vwap', 'atr', 'stoch_k', 'stoch_d', 'bollinger_mid', 'bollinger_std', 'bollinger_upper', 'bollinger_lower', 'candle_pattern']
2025-07-07 16:36:56,094 - INFO - [ADA/USDT] Fetched 50 candles for 1h, columns: ['timestamp', 'open', 'high', 'low', 'close', 'volume']
2025-07-07 16:36:56,095 - INFO - DataFrame validated: 50 rows, NaN count: 0
2025-07-07 16:36:56,097 - INFO - [FET/USDT] Fetched 50 candles for 1h, columns: ['timestamp', 'open', 'high', 'low', 'close', 'volume']
2025-07-07 16:36:56,098 - INFO - DataFrame validated: 50 rows, NaN count: 0
2025-07-07 16:36:56,099 - INFO - [XRP/USDT] Fetched 50 candles for 1h, columns: ['timestamp', 'open', 'high', 'low', 'close', 'volume']
2025-07-07 16:36:56,099 - INFO - DataFrame validated: 50 rows, NaN count: 0
2025-07-07 16:36:56,103 - INFO - [DOGE/USDT] Fetched 50 candles for 1h, columns: ['timestamp', 'open', 'high', 'low', 'close', 'volume']
2025-07-07 16:36:56,104 - INFO - DataFrame validated: 50 rows, NaN count: 0
2025-07-07 16:36:56,106 - INFO - [ETH/USDT] Fetched 50 candles for 1h, columns: ['timestamp', 'open', 'high', 'low', 'close', 'volume']
2025-07-07 16:36:56,107 - INFO - DataFrame validated: 50 rows, NaN count: 0
2025-07-07 16:36:56,109 - INFO - [BTC/USDT] Fetched 50 candles for 1h, columns: ['timestamp', 'open', 'high', 'low', 'close', 'volume']
2025-07-07 16:36:56,110 - INFO - DataFrame validated: 50 rows, NaN count: 0
2025-07-07 16:36:56,111 - INFO - [QTUM/USDT] Fetched 50 candles for 15m, columns: ['timestamp', 'open', 'high', 'low', 'close', 'volume']
2025-07-07 16:36:56,111 - INFO - DataFrame validated: 50 rows, NaN count: 0
2025-07-07 16:37:00,072 - INFO - Indicators calculated: ['timestamp', 'open', 'high', 'low', 'close', 'volume', 'ma20', 'ema8', 'ema21', 'macd', 'signal_line', 'rsi', 'adx', 'vwap', 'atr', 'stoch_k', 'stoch_d', 'bollinger_mid', 'bollinger_std', 'bollinger_upper', 'bollinger_lower']
2025-07-07 16:37:00,078 - INFO - Candle patterns identified successfully
2025-07-07 16:37:00,079 - INFO - [ADA/USDT] Calculated indicators for 1h: ['timestamp', 'open', 'high', 'low', 'close', 'volume', 'ma20', 'ema8', 'ema21', 'macd', 'signal_line', 'rsi', 'adx', 'vwap', 'atr', 'stoch_k', 'stoch_d', 'bollinger_mid', 'bollinger_std', 'bollinger_upper', 'bollinger_lower', 'candle_pattern']
2025-07-07 16:37:00,137 - INFO - Indicators calculated: ['timestamp', 'open', 'high', 'low', 'close', 'volume', 'ma20', 'ema8', 'ema21', 'macd', 'signal_line', 'rsi', 'adx', 'vwap', 'atr', 'stoch_k', 'stoch_d', 'bollinger_mid', 'bollinger_std', 'bollinger_upper', 'bollinger_lower']
2025-07-07 16:37:00,143 - INFO - Candle patterns identified successfully
2025-07-07 16:37:00,144 - INFO - [FET/USDT] Calculated indicators for 1h: ['timestamp', 'open', 'high', 'low', 'close', 'volume', 'ma20', 'ema8', 'ema21', 'macd', 'signal_line', 'rsi', 'adx', 'vwap', 'atr', 'stoch_k', 'stoch_d', 'bollinger_mid', 'bollinger_std', 'bollinger_upper', 'bollinger_lower', 'candle_pattern']
2025-07-07 16:37:00,201 - INFO - Indicators calculated: ['timestamp', 'open', 'high', 'low', 'close', 'volume', 'ma20', 'ema8', 'ema21', 'macd', 'signal_line', 'rsi', 'adx', 'vwap', 'atr', 'stoch_k', 'stoch_d', 'bollinger_mid', 'bollinger_std', 'bollinger_upper', 'bollinger_lower']
2025-07-07 16:37:00,206 - INFO - Candle patterns identified successfully
2025-07-07 16:37:00,206 - INFO - [XRP/USDT] Calculated indicators for 1h: ['timestamp', 'open', 'high', 'low', 'close', 'volume', 'ma20', 'ema8', 'ema21', 'macd', 'signal_line', 'rsi', 'adx', 'vwap', 'atr', 'stoch_k', 'stoch_d', 'bollinger_mid', 'bollinger_std', 'bollinger_upper', 'bollinger_lower', 'candle_pattern']
2025-07-07 16:37:00,263 - INFO - Indicators calculated: ['timestamp', 'open', 'high', 'low', 'close', 'volume', 'ma20', 'ema8', 'ema21', 'macd', 'signal_line', 'rsi', 'adx', 'vwap', 'atr', 'stoch_k', 'stoch_d', 'bollinger_mid', 'bollinger_std', 'bollinger_upper', 'bollinger_lower']
2025-07-07 16:37:00,270 - INFO - Candle patterns identified successfully
2025-07-07 16:37:00,271 - INFO - [DOGE/USDT] Calculated indicators for 1h: ['timestamp', 'open', 'high', 'low', 'close', 'volume', 'ma20', 'ema8', 'ema21', 'macd', 'signal_line', 'rsi', 'adx', 'vwap', 'atr', 'stoch_k', 'stoch_d', 'bollinger_mid', 'bollinger_std', 'bollinger_upper', 'bollinger_lower', 'candle_pattern']
2025-07-07 16:37:00,338 - INFO - Indicators calculated: ['timestamp', 'open', 'high', 'low', 'close', 'volume', 'ma20', 'ema8', 'ema21', 'macd', 'signal_line', 'rsi', 'adx', 'vwap', 'atr', 'stoch_k', 'stoch_d', 'bollinger_mid', 'bollinger_std', 'bollinger_upper', 'bollinger_lower']
2025-07-07 16:37:00,346 - INFO - Candle patterns identified successfully
2025-07-07 16:37:00,347 - INFO - [ETH/USDT] Calculated indicators for 1h: ['timestamp', 'open', 'high', 'low', 'close', 'volume', 'ma20', 'ema8', 'ema21', 'macd', 'signal_line', 'rsi', 'adx', 'vwap', 'atr', 'stoch_k', 'stoch_d', 'bollinger_mid', 'bollinger_std', 'bollinger_upper', 'bollinger_lower', 'candle_pattern']
2025-07-07 16:37:00,404 - INFO - Indicators calculated: ['timestamp', 'open', 'high', 'low', 'close', 'volume', 'ma20', 'ema8', 'ema21', 'macd', 'signal_line', 'rsi', 'adx', 'vwap', 'atr', 'stoch_k', 'stoch_d', 'bollinger_mid', 'bollinger_std', 'bollinger_upper', 'bollinger_lower']
2025-07-07 16:37:00,422 - INFO - Candle patterns identified successfully
2025-07-07 16:37:00,423 - INFO - [BTC/USDT] Calculated indicators for 1h: ['timestamp', 'open', 'high', 'low', 'close', 'volume', 'ma20', 'ema8', 'ema21', 'macd', 'signal_line', 'rsi', 'adx', 'vwap', 'atr', 'stoch_k', 'stoch_d', 'bollinger_mid', 'bollinger_std', 'bollinger_upper', 'bollinger_lower', 'candle_pattern']
2025-07-07 16:37:00,486 - INFO - Indicators calculated: ['timestamp', 'open', 'high', 'low', 'close', 'volume', 'ma20', 'ema8', 'ema21', 'macd', 'signal_line', 'rsi', 'adx', 'vwap', 'atr', 'stoch_k', 'stoch_d', 'bollinger_mid', 'bollinger_std', 'bollinger_upper', 'bollinger_lower']
2025-07-07 16:37:00,497 - INFO - Candle patterns identified successfully
2025-07-07 16:37:00,498 - INFO - [QTUM/USDT] Calculated indicators for 15m: ['timestamp', 'open', 'high', 'low', 'close', 'volume', 'ma20', 'ema8', 'ema21', 'macd', 'signal_line', 'rsi', 'adx', 'vwap', 'atr', 'stoch_k', 'stoch_d', 'bollinger_mid', 'bollinger_std', 'bollinger_upper', 'bollinger_lower', 'candle_pattern']
2025-07-07 16:39:54,891 - INFO - Starting bot initialization
2025-07-07 16:39:54,891 - INFO - Initializing Binance Futures exchange
2025-07-07 16:39:54,902 - INFO - Testing Binance Futures API keys
2025-07-07 16:39:56,887 - INFO - API key test successful: BTC/USDT:USDT - 108147.2
2025-07-07 16:39:56,887 - INFO - Setting up Telegram bot
2025-07-07 16:39:57,672 - INFO - Telegram bot polling started
2025-07-07 16:39:57,673 - INFO - Starting new scan cycle
2025-07-07 16:39:57,673 - INFO - Fetching USDT pairs from Binance Futures
2025-07-07 16:39:57,674 - INFO - Total markets fetched: 3747
2025-07-07 16:39:57,675 - INFO - Total USDT pairs after initial filtering: 394
2025-07-07 16:39:57,675 - INFO - Limited to top 50 USDT pairs for volume check
2025-07-07 16:39:58,072 - INFO - [BTC/USDT] Volume check: 11,467,128,289.87
2025-07-07 16:39:58,663 - INFO - [ETH/USDT] Volume check: 12,421,536,917.86
2025-07-07 16:39:59,272 - INFO - [BNB/USDT] Volume check: 181,321,711.59
2025-07-07 16:39:59,867 - INFO - [NEO/USDT] Volume check: 9,434,286.61
2025-07-07 16:40:00,223 - INFO - [LTC/USDT] Volume check: 155,945,730.74
2025-07-07 16:40:00,826 - INFO - [QTUM/USDT] Volume check: 4,514,614.90
2025-07-07 16:40:01,425 - INFO - [ADA/USDT] Volume check: 272,888,666.98
2025-07-07 16:40:02,025 - INFO - [XRP/USDT] Volume check: 1,648,250,301.69
2025-07-07 16:40:02,628 - INFO - [TUSD/USDT] Volume check: 0.00
2025-07-07 16:40:03,230 - INFO - [IOTA/USDT] Volume check: 6,575,111.23
2025-07-07 16:40:03,575 - INFO - [XLM/USDT] Volume check: 99,648,342.63
2025-07-07 16:40:04,170 - INFO - [ONT/USDT] Volume check: 2,579,800.80
2025-07-07 16:40:04,769 - INFO - [TRX/USDT] Volume check: 55,375,716.83
2025-07-07 16:40:05,365 - INFO - [ETC/USDT] Volume check: 44,901,936.17
2025-07-07 16:40:05,980 - INFO - [ICX/USDT] Volume check: 2,924,473.56
2025-07-07 16:40:06,326 - INFO - [VET/USDT] Volume check: 10,028,393.71
2025-07-07 16:40:06,923 - INFO - [USDC/USDT] Volume check: 6,986,238.28
2025-07-07 16:40:07,514 - INFO - [LINK/USDT] Volume check: 237,095,806.01
2025-07-07 16:40:08,109 - INFO - [ONG/USDT] Volume check: 1,551,345.83
2025-07-07 16:40:08,722 - INFO - [HOT/USDT] Volume check: 2,514,783.21
2025-07-07 16:40:09,077 - INFO - [ZIL/USDT] Volume check: 6,367,284.53
2025-07-07 16:40:09,436 - INFO - [ZRX/USDT] Volume check: 6,757,000.91
2025-07-07 16:40:10,034 - INFO - [FET/USDT] Volume check: 62,907,225.60
2025-07-07 16:40:10,390 - INFO - [BAT/USDT] Volume check: 2,176,091.31
2025-07-07 16:40:10,999 - INFO - [ZEC/USDT] Volume check: 3,552,134.05
2025-07-07 16:40:11,598 - INFO - [IOST/USDT] Volume check: 2,646,238.32
2025-07-07 16:40:12,192 - INFO - [CELR/USDT] Volume check: 2,598,652.46
2025-07-07 16:40:12,788 - INFO - [DASH/USDT] Volume check: 2,847,417.02
2025-07-07 16:40:13,130 - INFO - [THETA/USDT] Volume check: 7,820,210.63
2025-07-07 16:40:13,732 - INFO - [ENJ/USDT] Volume check: 2,933,004.68
2025-07-07 16:40:14,338 - INFO - [ATOM/USDT] Volume check: 24,777,091.71
2025-07-07 16:40:14,934 - INFO - [TFUEL/USDT] Volume check: 0.00
2025-07-07 16:40:15,556 - INFO - [ONE/USDT] Volume check: 4,674,826.50
2025-07-07 16:40:16,171 - INFO - [ALGO/USDT] Volume check: 19,947,747.04
2025-07-07 16:40:16,517 - INFO - [DOGE/USDT] Volume check: 1,117,125,392.35
2025-07-07 16:40:16,863 - INFO - [DUSK/USDT] Volume check: 4,201,534.43
2025-07-07 16:40:17,464 - INFO - [ANKR/USDT] Volume check: 2,035,936.21
2025-07-07 16:40:17,818 - INFO - [WIN/USDT] Volume check: 0.00
2025-07-07 16:40:18,415 - INFO - [COS/USDT] Volume check: 1,006,711.57
2025-07-07 16:40:19,022 - INFO - [MTL/USDT] Volume check: 1,151,102.74
2025-07-07 16:40:19,624 - INFO - [DENT/USDT] Volume check: 1,339,377.30
2025-07-07 16:40:20,220 - INFO - [WAN/USDT] Volume check: 0.00
2025-07-07 16:40:20,568 - INFO - [CVC/USDT] Volume check: 5,119,947.08
2025-07-07 16:40:21,161 - INFO - [CHZ/USDT] Volume check: 7,126,618.94
2025-07-07 16:40:21,761 - INFO - [BAND/USDT] Volume check: 2,666,359.25
2025-07-07 16:40:22,366 - INFO - [XTZ/USDT] Volume check: 11,742,418.47
2025-07-07 16:40:22,722 - INFO - [RVN/USDT] Volume check: 8,447,147.36
2025-07-07 16:40:23,326 - INFO - [HBAR/USDT] Volume check: 51,193,440.13
2025-07-07 16:40:23,673 - INFO - [NKN/USDT] Volume check: 6,557,474.98
2025-07-07 16:40:24,031 - INFO - [STX/USDT] Volume check: 11,968,160.33
2025-07-07 16:40:24,231 - INFO - Selected top 30 USDT pairs with volume > $500,000: ['ETH/USDT', 'BTC/USDT', 'XRP/USDT', 'DOGE/USDT', 'ADA/USDT', 'LINK/USDT', 'BNB/USDT', 'LTC/USDT', 'XLM/USDT', 'FET/USDT', 'TRX/USDT', 'HBAR/USDT', 'ETC/USDT', 'ATOM/USDT', 'ALGO/USDT', 'STX/USDT', 'XTZ/USDT', 'VET/USDT', 'NEO/USDT', 'RVN/USDT', 'THETA/USDT', 'CHZ/USDT', 'USDC/USDT', 'ZRX/USDT', 'IOTA/USDT', 'NKN/USDT', 'ZIL/USDT', 'CVC/USDT', 'ONE/USDT', 'QTUM/USDT']
2025-07-07 16:40:24,232 - INFO - Processing batch of 30 symbols: ['ETH/USDT', 'BTC/USDT', 'XRP/USDT', 'DOGE/USDT', 'ADA/USDT', 'LINK/USDT', 'BNB/USDT', 'LTC/USDT', 'XLM/USDT', 'FET/USDT', 'TRX/USDT', 'HBAR/USDT', 'ETC/USDT', 'ATOM/USDT', 'ALGO/USDT', 'STX/USDT', 'XTZ/USDT', 'VET/USDT', 'NEO/USDT', 'RVN/USDT', 'THETA/USDT', 'CHZ/USDT', 'USDC/USDT', 'ZRX/USDT', 'IOTA/USDT', 'NKN/USDT', 'ZIL/USDT', 'CVC/USDT', 'ONE/USDT', 'QTUM/USDT']
2025-07-07 16:40:24,232 - INFO - [ETH/USDT] Scanning for signal
2025-07-07 16:40:24,629 - INFO - [ETH/USDT] Volume check: 12,423,941,817.90
2025-07-07 16:40:24,629 - INFO - [BTC/USDT] Scanning for signal
2025-07-07 16:40:25,024 - INFO - [BTC/USDT] Volume check: 11,469,032,487.62
2025-07-07 16:40:25,026 - INFO - [XRP/USDT] Scanning for signal
2025-07-07 16:40:25,426 - INFO - [XRP/USDT] Volume check: 1,649,192,107.21
2025-07-07 16:40:25,426 - INFO - [DOGE/USDT] Scanning for signal
2025-07-07 16:40:25,585 - INFO - [DOGE/USDT] Volume check: 1,117,166,274.88
2025-07-07 16:40:25,587 - INFO - [ADA/USDT] Scanning for signal
2025-07-07 16:40:25,988 - INFO - [ADA/USDT] Volume check: 272,821,337.20
2025-07-07 16:40:25,988 - INFO - [LINK/USDT] Scanning for signal
2025-07-07 16:40:26,385 - INFO - [LINK/USDT] Volume check: 237,123,069.96
2025-07-07 16:40:26,386 - INFO - [BNB/USDT] Scanning for signal
2025-07-07 16:40:26,529 - INFO - [BNB/USDT] Volume check: 181,223,556.60
2025-07-07 16:40:26,529 - INFO - [LTC/USDT] Scanning for signal
2025-07-07 16:40:26,922 - INFO - [LTC/USDT] Volume check: 155,946,139.00
2025-07-07 16:40:26,923 - INFO - [XLM/USDT] Scanning for signal
2025-07-07 16:40:27,070 - INFO - [XLM/USDT] Volume check: 99,710,655.34
2025-07-07 16:40:27,070 - INFO - [FET/USDT] Scanning for signal
2025-07-07 16:40:27,468 - INFO - [FET/USDT] Volume check: 62,913,964.23
2025-07-07 16:40:27,469 - INFO - [TRX/USDT] Scanning for signal
2025-07-07 16:40:27,870 - INFO - [TRX/USDT] Volume check: 55,348,426.29
2025-07-07 16:40:27,870 - INFO - [HBAR/USDT] Scanning for signal
2025-07-07 16:40:28,269 - INFO - [HBAR/USDT] Volume check: 51,194,436.41
2025-07-07 16:40:28,270 - INFO - [ETC/USDT] Scanning for signal
2025-07-07 16:40:28,665 - INFO - [ETC/USDT] Volume check: 44,907,893.30
2025-07-07 16:40:28,665 - INFO - [ATOM/USDT] Scanning for signal
2025-07-07 16:40:29,079 - INFO - [ATOM/USDT] Volume check: 24,779,974.40
2025-07-07 16:40:29,080 - INFO - [ALGO/USDT] Scanning for signal
2025-07-07 16:40:29,477 - INFO - [ALGO/USDT] Volume check: 19,950,017.64
2025-07-07 16:40:29,477 - INFO - [STX/USDT] Scanning for signal
2025-07-07 16:40:29,620 - INFO - [STX/USDT] Volume check: 11,968,204.65
2025-07-07 16:40:29,621 - INFO - [XTZ/USDT] Scanning for signal
2025-07-07 16:40:30,014 - INFO - [XTZ/USDT] Volume check: 11,742,473.33
2025-07-07 16:40:30,014 - INFO - [VET/USDT] Scanning for signal
2025-07-07 16:40:30,415 - INFO - [VET/USDT] Volume check: 10,028,061.44
2025-07-07 16:40:30,416 - INFO - [NEO/USDT] Scanning for signal
2025-07-07 16:40:30,815 - INFO - [NEO/USDT] Volume check: 9,432,388.51
2025-07-07 16:40:30,815 - INFO - [RVN/USDT] Scanning for signal
2025-07-07 16:40:31,213 - INFO - [RVN/USDT] Volume check: 8,447,169.03
2025-07-07 16:40:31,214 - INFO - [THETA/USDT] Scanning for signal
2025-07-07 16:40:31,356 - INFO - [THETA/USDT] Volume check: 7,822,566.76
2025-07-07 16:40:31,357 - INFO - [CHZ/USDT] Scanning for signal
2025-07-07 16:40:31,759 - INFO - [CHZ/USDT] Volume check: 7,126,713.35
2025-07-07 16:40:31,761 - INFO - [USDC/USDT] Scanning for signal
2025-07-07 16:40:32,156 - INFO - [USDC/USDT] Volume check: 6,987,613.54
2025-07-07 16:40:32,157 - INFO - [ZRX/USDT] Scanning for signal
2025-07-07 16:40:32,555 - INFO - [ZRX/USDT] Volume check: 6,758,475.15
2025-07-07 16:40:32,555 - INFO - [IOTA/USDT] Scanning for signal
2025-07-07 16:40:32,947 - INFO - [IOTA/USDT] Volume check: 6,562,181.80
2025-07-07 16:40:32,947 - INFO - [NKN/USDT] Scanning for signal
2025-07-07 16:40:33,344 - INFO - [NKN/USDT] Volume check: 6,559,169.21
2025-07-07 16:40:33,345 - INFO - [ZIL/USDT] Scanning for signal
2025-07-07 16:40:33,487 - INFO - [ZIL/USDT] Volume check: 6,368,835.52
2025-07-07 16:40:33,488 - INFO - [CVC/USDT] Scanning for signal
2025-07-07 16:40:33,886 - INFO - [CVC/USDT] Volume check: 5,120,006.73
2025-07-07 16:40:33,886 - INFO - [ONE/USDT] Scanning for signal
2025-07-07 16:40:34,031 - INFO - [ONE/USDT] Volume check: 4,675,380.08
2025-07-07 16:40:34,031 - INFO - [QTUM/USDT] Scanning for signal
2025-07-07 16:40:34,183 - INFO - [QTUM/USDT] Volume check: 4,508,681.37
2025-07-07 16:40:42,434 - INFO - [ETH/USDT] Fetched 50 candles for 15m, columns: ['timestamp', 'open', 'high', 'low', 'close', 'volume']
2025-07-07 16:40:42,436 - INFO - DataFrame validated: 50 rows, NaN count: 0
2025-07-07 16:40:42,696 - INFO - [BTC/USDT] Fetched 50 candles for 15m, columns: ['timestamp', 'open', 'high', 'low', 'close', 'volume']
2025-07-07 16:40:42,697 - INFO - DataFrame validated: 50 rows, NaN count: 0
2025-07-07 16:40:42,732 - INFO - [XRP/USDT] Fetched 50 candles for 15m, columns: ['timestamp', 'open', 'high', 'low', 'close', 'volume']
2025-07-07 16:40:42,733 - INFO - DataFrame validated: 50 rows, NaN count: 0
2025-07-07 16:40:42,810 - INFO - [BNB/USDT] Fetched 50 candles for 15m, columns: ['timestamp', 'open', 'high', 'low', 'close', 'volume']
2025-07-07 16:40:42,811 - INFO - DataFrame validated: 50 rows, NaN count: 0
2025-07-07 16:40:42,812 - INFO - [LINK/USDT] Fetched 50 candles for 15m, columns: ['timestamp', 'open', 'high', 'low', 'close', 'volume']
2025-07-07 16:40:42,813 - INFO - DataFrame validated: 50 rows, NaN count: 0
2025-07-07 16:40:42,814 - INFO - [DOGE/USDT] Fetched 50 candles for 15m, columns: ['timestamp', 'open', 'high', 'low', 'close', 'volume']
2025-07-07 16:40:42,815 - INFO - DataFrame validated: 50 rows, NaN count: 0
2025-07-07 16:40:42,827 - INFO - [ADA/USDT] Fetched 50 candles for 15m, columns: ['timestamp', 'open', 'high', 'low', 'close', 'volume']
2025-07-07 16:40:42,828 - INFO - DataFrame validated: 50 rows, NaN count: 0
2025-07-07 16:40:44,523 - INFO - Indicators calculated: ['timestamp', 'open', 'high', 'low', 'close', 'volume', 'ma20', 'ema8', 'ema21', 'macd', 'signal_line', 'rsi', 'adx', 'vwap', 'atr', 'stoch_k', 'stoch_d', 'bollinger_mid', 'bollinger_std', 'bollinger_upper', 'bollinger_lower']
2025-07-07 16:40:44,531 - INFO - Candle patterns identified successfully
2025-07-07 16:40:44,532 - INFO - [ETH/USDT] Calculated indicators for 15m: ['timestamp', 'open', 'high', 'low', 'close', 'volume', 'ma20', 'ema8', 'ema21', 'macd', 'signal_line', 'rsi', 'adx', 'vwap', 'atr', 'stoch_k', 'stoch_d', 'bollinger_mid', 'bollinger_std', 'bollinger_upper', 'bollinger_lower', 'candle_pattern']
2025-07-07 16:40:44,837 - INFO - Indicators calculated: ['timestamp', 'open', 'high', 'low', 'close', 'volume', 'ma20', 'ema8', 'ema21', 'macd', 'signal_line', 'rsi', 'adx', 'vwap', 'atr', 'stoch_k', 'stoch_d', 'bollinger_mid', 'bollinger_std', 'bollinger_upper', 'bollinger_lower']
2025-07-07 16:40:44,846 - INFO - Candle patterns identified successfully
2025-07-07 16:40:44,847 - INFO - [BTC/USDT] Calculated indicators for 15m: ['timestamp', 'open', 'high', 'low', 'close', 'volume', 'ma20', 'ema8', 'ema21', 'macd', 'signal_line', 'rsi', 'adx', 'vwap', 'atr', 'stoch_k', 'stoch_d', 'bollinger_mid', 'bollinger_std', 'bollinger_upper', 'bollinger_lower', 'candle_pattern']
2025-07-07 16:40:44,902 - INFO - Indicators calculated: ['timestamp', 'open', 'high', 'low', 'close', 'volume', 'ma20', 'ema8', 'ema21', 'macd', 'signal_line', 'rsi', 'adx', 'vwap', 'atr', 'stoch_k', 'stoch_d', 'bollinger_mid', 'bollinger_std', 'bollinger_upper', 'bollinger_lower']
2025-07-07 16:40:44,908 - INFO - Candle patterns identified successfully
2025-07-07 16:40:44,909 - INFO - [XRP/USDT] Calculated indicators for 15m: ['timestamp', 'open', 'high', 'low', 'close', 'volume', 'ma20', 'ema8', 'ema21', 'macd', 'signal_line', 'rsi', 'adx', 'vwap', 'atr', 'stoch_k', 'stoch_d', 'bollinger_mid', 'bollinger_std', 'bollinger_upper', 'bollinger_lower', 'candle_pattern']
2025-07-07 16:40:44,964 - INFO - Indicators calculated: ['timestamp', 'open', 'high', 'low', 'close', 'volume', 'ma20', 'ema8', 'ema21', 'macd', 'signal_line', 'rsi', 'adx', 'vwap', 'atr', 'stoch_k', 'stoch_d', 'bollinger_mid', 'bollinger_std', 'bollinger_upper', 'bollinger_lower']
2025-07-07 16:40:44,972 - INFO - Candle patterns identified successfully
2025-07-07 16:40:44,973 - INFO - [BNB/USDT] Calculated indicators for 15m: ['timestamp', 'open', 'high', 'low', 'close', 'volume', 'ma20', 'ema8', 'ema21', 'macd', 'signal_line', 'rsi', 'adx', 'vwap', 'atr', 'stoch_k', 'stoch_d', 'bollinger_mid', 'bollinger_std', 'bollinger_upper', 'bollinger_lower', 'candle_pattern']
2025-07-07 16:40:45,030 - INFO - Indicators calculated: ['timestamp', 'open', 'high', 'low', 'close', 'volume', 'ma20', 'ema8', 'ema21', 'macd', 'signal_line', 'rsi', 'adx', 'vwap', 'atr', 'stoch_k', 'stoch_d', 'bollinger_mid', 'bollinger_std', 'bollinger_upper', 'bollinger_lower']
2025-07-07 16:40:45,038 - INFO - Candle patterns identified successfully
2025-07-07 16:40:45,039 - INFO - [LINK/USDT] Calculated indicators for 15m: ['timestamp', 'open', 'high', 'low', 'close', 'volume', 'ma20', 'ema8', 'ema21', 'macd', 'signal_line', 'rsi', 'adx', 'vwap', 'atr', 'stoch_k', 'stoch_d', 'bollinger_mid', 'bollinger_std', 'bollinger_upper', 'bollinger_lower', 'candle_pattern']
2025-07-07 16:40:45,096 - INFO - Indicators calculated: ['timestamp', 'open', 'high', 'low', 'close', 'volume', 'ma20', 'ema8', 'ema21', 'macd', 'signal_line', 'rsi', 'adx', 'vwap', 'atr', 'stoch_k', 'stoch_d', 'bollinger_mid', 'bollinger_std', 'bollinger_upper', 'bollinger_lower']
2025-07-07 16:40:45,106 - INFO - Candle patterns identified successfully
2025-07-07 16:40:45,107 - INFO - [DOGE/USDT] Calculated indicators for 15m: ['timestamp', 'open', 'high', 'low', 'close', 'volume', 'ma20', 'ema8', 'ema21', 'macd', 'signal_line', 'rsi', 'adx', 'vwap', 'atr', 'stoch_k', 'stoch_d', 'bollinger_mid', 'bollinger_std', 'bollinger_upper', 'bollinger_lower', 'candle_pattern']
2025-07-07 16:40:45,177 - INFO - Indicators calculated: ['timestamp', 'open', 'high', 'low', 'close', 'volume', 'ma20', 'ema8', 'ema21', 'macd', 'signal_line', 'rsi', 'adx', 'vwap', 'atr', 'stoch_k', 'stoch_d', 'bollinger_mid', 'bollinger_std', 'bollinger_upper', 'bollinger_lower']
2025-07-07 16:40:45,189 - INFO - Candle patterns identified successfully
2025-07-07 16:40:45,190 - INFO - [ADA/USDT] Calculated indicators for 15m: ['timestamp', 'open', 'high', 'low', 'close', 'volume', 'ma20', 'ema8', 'ema21', 'macd', 'signal_line', 'rsi', 'adx', 'vwap', 'atr', 'stoch_k', 'stoch_d', 'bollinger_mid', 'bollinger_std', 'bollinger_upper', 'bollinger_lower', 'candle_pattern']
2025-07-07 16:40:54,570 - INFO - [TRX/USDT] Fetched 50 candles for 15m, columns: ['timestamp', 'open', 'high', 'low', 'close', 'volume']
2025-07-07 16:40:54,571 - INFO - DataFrame validated: 50 rows, NaN count: 0
2025-07-07 16:40:54,572 - INFO - [HBAR/USDT] Fetched 50 candles for 15m, columns: ['timestamp', 'open', 'high', 'low', 'close', 'volume']
2025-07-07 16:40:54,573 - INFO - DataFrame validated: 50 rows, NaN count: 0
2025-07-07 16:40:54,596 - ERROR - [RVN/USDT] Retry 1/3 for 15m: binance GET https://dapi.binance.com/dapi/v1/exchangeInfo
2025-07-07 16:40:54,598 - ERROR - [ZRX/USDT] Retry 1/3 for 15m: binance GET https://fapi.binance.com/fapi/v1/exchangeInfo
2025-07-07 16:40:54,598 - ERROR - [NKN/USDT] Retry 1/3 for 15m: binance GET https://fapi.binance.com/fapi/v1/exchangeInfo
2025-07-07 16:40:54,598 - ERROR - [USDC/USDT] Retry 1/3 for 15m: binance GET https://fapi.binance.com/fapi/v1/exchangeInfo
2025-07-07 16:40:54,598 - ERROR - [IOTA/USDT] Retry 1/3 for 15m: binance GET https://fapi.binance.com/fapi/v1/exchangeInfo
2025-07-07 16:40:54,640 - ERROR - [CHZ/USDT] Retry 1/3 for 15m: binance GET https://dapi.binance.com/dapi/v1/exchangeInfo
2025-07-07 16:40:54,640 - ERROR - [THETA/USDT] Retry 1/3 for 15m: binance GET https://dapi.binance.com/dapi/v1/exchangeInfo
2025-07-07 16:40:54,702 - INFO - [LTC/USDT] Fetched 50 candles for 15m, columns: ['timestamp', 'open', 'high', 'low', 'close', 'volume']
2025-07-07 16:40:54,703 - INFO - DataFrame validated: 50 rows, NaN count: 0
2025-07-07 16:40:54,705 - INFO - [XLM/USDT] Fetched 50 candles for 15m, columns: ['timestamp', 'open', 'high', 'low', 'close', 'volume']
2025-07-07 16:40:54,705 - INFO - DataFrame validated: 50 rows, NaN count: 0
2025-07-07 16:40:54,706 - INFO - [ETC/USDT] Fetched 50 candles for 15m, columns: ['timestamp', 'open', 'high', 'low', 'close', 'volume']
2025-07-07 16:40:54,707 - INFO - DataFrame validated: 50 rows, NaN count: 0
2025-07-07 16:40:54,712 - INFO - [FET/USDT] Fetched 50 candles for 15m, columns: ['timestamp', 'open', 'high', 'low', 'close', 'volume']
2025-07-07 16:40:54,713 - INFO - DataFrame validated: 50 rows, NaN count: 0
2025-07-07 16:40:54,715 - INFO - [ATOM/USDT] Fetched 50 candles for 15m, columns: ['timestamp', 'open', 'high', 'low', 'close', 'volume']
2025-07-07 16:40:54,715 - INFO - DataFrame validated: 50 rows, NaN count: 0
2025-07-07 16:40:54,730 - INFO - [ALGO/USDT] Fetched 50 candles for 15m, columns: ['timestamp', 'open', 'high', 'low', 'close', 'volume']
2025-07-07 16:40:54,731 - INFO - DataFrame validated: 50 rows, NaN count: 0
2025-07-07 16:40:54,775 - INFO - [STX/USDT] Fetched 50 candles for 15m, columns: ['timestamp', 'open', 'high', 'low', 'close', 'volume']
2025-07-07 16:40:54,776 - INFO - DataFrame validated: 50 rows, NaN count: 0
2025-07-07 16:40:54,778 - INFO - [NEO/USDT] Fetched 50 candles for 15m, columns: ['timestamp', 'open', 'high', 'low', 'close', 'volume']
2025-07-07 16:40:54,779 - INFO - DataFrame validated: 50 rows, NaN count: 0
2025-07-07 16:40:54,784 - INFO - [VET/USDT] Fetched 50 candles for 15m, columns: ['timestamp', 'open', 'high', 'low', 'close', 'volume']
2025-07-07 16:40:54,785 - INFO - DataFrame validated: 50 rows, NaN count: 0
2025-07-07 16:40:56,893 - INFO - Indicators calculated: ['timestamp', 'open', 'high', 'low', 'close', 'volume', 'ma20', 'ema8', 'ema21', 'macd', 'signal_line', 'rsi', 'adx', 'vwap', 'atr', 'stoch_k', 'stoch_d', 'bollinger_mid', 'bollinger_std', 'bollinger_upper', 'bollinger_lower']
2025-07-07 16:40:56,901 - INFO - Candle patterns identified successfully
2025-07-07 16:40:56,902 - INFO - [TRX/USDT] Calculated indicators for 15m: ['timestamp', 'open', 'high', 'low', 'close', 'volume', 'ma20', 'ema8', 'ema21', 'macd', 'signal_line', 'rsi', 'adx', 'vwap', 'atr', 'stoch_k', 'stoch_d', 'bollinger_mid', 'bollinger_std', 'bollinger_upper', 'bollinger_lower', 'candle_pattern']
2025-07-07 16:40:56,961 - INFO - Indicators calculated: ['timestamp', 'open', 'high', 'low', 'close', 'volume', 'ma20', 'ema8', 'ema21', 'macd', 'signal_line', 'rsi', 'adx', 'vwap', 'atr', 'stoch_k', 'stoch_d', 'bollinger_mid', 'bollinger_std', 'bollinger_upper', 'bollinger_lower']
2025-07-07 16:40:56,969 - INFO - Candle patterns identified successfully
2025-07-07 16:40:56,971 - INFO - [HBAR/USDT] Calculated indicators for 15m: ['timestamp', 'open', 'high', 'low', 'close', 'volume', 'ma20', 'ema8', 'ema21', 'macd', 'signal_line', 'rsi', 'adx', 'vwap', 'atr', 'stoch_k', 'stoch_d', 'bollinger_mid', 'bollinger_std', 'bollinger_upper', 'bollinger_lower', 'candle_pattern']
2025-07-07 16:40:57,237 - INFO - [XTZ/USDT] Fetched 50 candles for 15m, columns: ['timestamp', 'open', 'high', 'low', 'close', 'volume']
2025-07-07 16:40:57,238 - INFO - DataFrame validated: 50 rows, NaN count: 0
2025-07-07 16:40:57,282 - INFO - Indicators calculated: ['timestamp', 'open', 'high', 'low', 'close', 'volume', 'ma20', 'ema8', 'ema21', 'macd', 'signal_line', 'rsi', 'adx', 'vwap', 'atr', 'stoch_k', 'stoch_d', 'bollinger_mid', 'bollinger_std', 'bollinger_upper', 'bollinger_lower']
2025-07-07 16:40:57,289 - INFO - Candle patterns identified successfully
2025-07-07 16:40:57,290 - INFO - [LTC/USDT] Calculated indicators for 15m: ['timestamp', 'open', 'high', 'low', 'close', 'volume', 'ma20', 'ema8', 'ema21', 'macd', 'signal_line', 'rsi', 'adx', 'vwap', 'atr', 'stoch_k', 'stoch_d', 'bollinger_mid', 'bollinger_std', 'bollinger_upper', 'bollinger_lower', 'candle_pattern']
2025-07-07 16:40:57,351 - INFO - Indicators calculated: ['timestamp', 'open', 'high', 'low', 'close', 'volume', 'ma20', 'ema8', 'ema21', 'macd', 'signal_line', 'rsi', 'adx', 'vwap', 'atr', 'stoch_k', 'stoch_d', 'bollinger_mid', 'bollinger_std', 'bollinger_upper', 'bollinger_lower']
2025-07-07 16:40:57,359 - INFO - Candle patterns identified successfully
2025-07-07 16:40:57,361 - INFO - [XLM/USDT] Calculated indicators for 15m: ['timestamp', 'open', 'high', 'low', 'close', 'volume', 'ma20', 'ema8', 'ema21', 'macd', 'signal_line', 'rsi', 'adx', 'vwap', 'atr', 'stoch_k', 'stoch_d', 'bollinger_mid', 'bollinger_std', 'bollinger_upper', 'bollinger_lower', 'candle_pattern']
2025-07-07 16:40:57,420 - INFO - Indicators calculated: ['timestamp', 'open', 'high', 'low', 'close', 'volume', 'ma20', 'ema8', 'ema21', 'macd', 'signal_line', 'rsi', 'adx', 'vwap', 'atr', 'stoch_k', 'stoch_d', 'bollinger_mid', 'bollinger_std', 'bollinger_upper', 'bollinger_lower']
2025-07-07 16:40:57,432 - INFO - Candle patterns identified successfully
2025-07-07 16:40:57,434 - INFO - [ETC/USDT] Calculated indicators for 15m: ['timestamp', 'open', 'high', 'low', 'close', 'volume', 'ma20', 'ema8', 'ema21', 'macd', 'signal_line', 'rsi', 'adx', 'vwap', 'atr', 'stoch_k', 'stoch_d', 'bollinger_mid', 'bollinger_std', 'bollinger_upper', 'bollinger_lower', 'candle_pattern']
2025-07-07 16:40:57,510 - INFO - Indicators calculated: ['timestamp', 'open', 'high', 'low', 'close', 'volume', 'ma20', 'ema8', 'ema21', 'macd', 'signal_line', 'rsi', 'adx', 'vwap', 'atr', 'stoch_k', 'stoch_d', 'bollinger_mid', 'bollinger_std', 'bollinger_upper', 'bollinger_lower']
2025-07-07 16:40:57,526 - INFO - Candle patterns identified successfully
2025-07-07 16:40:57,528 - INFO - [FET/USDT] Calculated indicators for 15m: ['timestamp', 'open', 'high', 'low', 'close', 'volume', 'ma20', 'ema8', 'ema21', 'macd', 'signal_line', 'rsi', 'adx', 'vwap', 'atr', 'stoch_k', 'stoch_d', 'bollinger_mid', 'bollinger_std', 'bollinger_upper', 'bollinger_lower', 'candle_pattern']
2025-07-07 16:40:57,605 - INFO - Indicators calculated: ['timestamp', 'open', 'high', 'low', 'close', 'volume', 'ma20', 'ema8', 'ema21', 'macd', 'signal_line', 'rsi', 'adx', 'vwap', 'atr', 'stoch_k', 'stoch_d', 'bollinger_mid', 'bollinger_std', 'bollinger_upper', 'bollinger_lower']
2025-07-07 16:40:57,615 - INFO - Candle patterns identified successfully
2025-07-07 16:40:57,616 - INFO - [ATOM/USDT] Calculated indicators for 15m: ['timestamp', 'open', 'high', 'low', 'close', 'volume', 'ma20', 'ema8', 'ema21', 'macd', 'signal_line', 'rsi', 'adx', 'vwap', 'atr', 'stoch_k', 'stoch_d', 'bollinger_mid', 'bollinger_std', 'bollinger_upper', 'bollinger_lower', 'candle_pattern']
2025-07-07 16:40:57,687 - INFO - Indicators calculated: ['timestamp', 'open', 'high', 'low', 'close', 'volume', 'ma20', 'ema8', 'ema21', 'macd', 'signal_line', 'rsi', 'adx', 'vwap', 'atr', 'stoch_k', 'stoch_d', 'bollinger_mid', 'bollinger_std', 'bollinger_upper', 'bollinger_lower']
2025-07-07 16:40:57,693 - INFO - Candle patterns identified successfully
2025-07-07 16:40:57,694 - INFO - [ALGO/USDT] Calculated indicators for 15m: ['timestamp', 'open', 'high', 'low', 'close', 'volume', 'ma20', 'ema8', 'ema21', 'macd', 'signal_line', 'rsi', 'adx', 'vwap', 'atr', 'stoch_k', 'stoch_d', 'bollinger_mid', 'bollinger_std', 'bollinger_upper', 'bollinger_lower', 'candle_pattern']
2025-07-07 16:40:57,757 - INFO - Indicators calculated: ['timestamp', 'open', 'high', 'low', 'close', 'volume', 'ma20', 'ema8', 'ema21', 'macd', 'signal_line', 'rsi', 'adx', 'vwap', 'atr', 'stoch_k', 'stoch_d', 'bollinger_mid', 'bollinger_std', 'bollinger_upper', 'bollinger_lower']
2025-07-07 16:40:57,770 - INFO - Candle patterns identified successfully
2025-07-07 16:40:57,771 - INFO - [STX/USDT] Calculated indicators for 15m: ['timestamp', 'open', 'high', 'low', 'close', 'volume', 'ma20', 'ema8', 'ema21', 'macd', 'signal_line', 'rsi', 'adx', 'vwap', 'atr', 'stoch_k', 'stoch_d', 'bollinger_mid', 'bollinger_std', 'bollinger_upper', 'bollinger_lower', 'candle_pattern']
2025-07-07 16:40:57,835 - INFO - Indicators calculated: ['timestamp', 'open', 'high', 'low', 'close', 'volume', 'ma20', 'ema8', 'ema21', 'macd', 'signal_line', 'rsi', 'adx', 'vwap', 'atr', 'stoch_k', 'stoch_d', 'bollinger_mid', 'bollinger_std', 'bollinger_upper', 'bollinger_lower']
2025-07-07 16:40:57,844 - INFO - Candle patterns identified successfully
2025-07-07 16:40:57,845 - INFO - [NEO/USDT] Calculated indicators for 15m: ['timestamp', 'open', 'high', 'low', 'close', 'volume', 'ma20', 'ema8', 'ema21', 'macd', 'signal_line', 'rsi', 'adx', 'vwap', 'atr', 'stoch_k', 'stoch_d', 'bollinger_mid', 'bollinger_std', 'bollinger_upper', 'bollinger_lower', 'candle_pattern']
2025-07-07 16:40:57,915 - INFO - Indicators calculated: ['timestamp', 'open', 'high', 'low', 'close', 'volume', 'ma20', 'ema8', 'ema21', 'macd', 'signal_line', 'rsi', 'adx', 'vwap', 'atr', 'stoch_k', 'stoch_d', 'bollinger_mid', 'bollinger_std', 'bollinger_upper', 'bollinger_lower']
2025-07-07 16:40:57,925 - INFO - Candle patterns identified successfully
2025-07-07 16:40:57,926 - INFO - [VET/USDT] Calculated indicators for 15m: ['timestamp', 'open', 'high', 'low', 'close', 'volume', 'ma20', 'ema8', 'ema21', 'macd', 'signal_line', 'rsi', 'adx', 'vwap', 'atr', 'stoch_k', 'stoch_d', 'bollinger_mid', 'bollinger_std', 'bollinger_upper', 'bollinger_lower', 'candle_pattern']
2025-07-07 16:41:07,181 - INFO - [XRP/USDT] Fetched 50 candles for 1h, columns: ['timestamp', 'open', 'high', 'low', 'close', 'volume']
2025-07-07 16:41:07,182 - INFO - DataFrame validated: 50 rows, NaN count: 0
2025-07-07 16:41:07,189 - INFO - [CVC/USDT] Fetched 50 candles for 15m, columns: ['timestamp', 'open', 'high', 'low', 'close', 'volume']
2025-07-07 16:41:07,190 - INFO - DataFrame validated: 50 rows, NaN count: 0
2025-07-07 16:41:07,221 - INFO - [ONE/USDT] Fetched 50 candles for 15m, columns: ['timestamp', 'open', 'high', 'low', 'close', 'volume']
2025-07-07 16:41:07,222 - INFO - DataFrame validated: 50 rows, NaN count: 0
2025-07-07 16:41:07,230 - INFO - [LINK/USDT] Fetched 50 candles for 1h, columns: ['timestamp', 'open', 'high', 'low', 'close', 'volume']
2025-07-07 16:41:07,231 - INFO - DataFrame validated: 50 rows, NaN count: 0
2025-07-07 16:41:07,238 - INFO - [BNB/USDT] Fetched 50 candles for 1h, columns: ['timestamp', 'open', 'high', 'low', 'close', 'volume']
2025-07-07 16:41:07,239 - INFO - DataFrame validated: 50 rows, NaN count: 0
2025-07-07 16:41:07,240 - INFO - [ETH/USDT] Fetched 50 candles for 1h, columns: ['timestamp', 'open', 'high', 'low', 'close', 'volume']
2025-07-07 16:41:07,241 - INFO - DataFrame validated: 50 rows, NaN count: 0
2025-07-07 16:41:07,242 - INFO - [ZIL/USDT] Fetched 50 candles for 15m, columns: ['timestamp', 'open', 'high', 'low', 'close', 'volume']
2025-07-07 16:41:07,242 - INFO - DataFrame validated: 50 rows, NaN count: 0
2025-07-07 16:41:07,243 - INFO - [DOGE/USDT] Fetched 50 candles for 1h, columns: ['timestamp', 'open', 'high', 'low', 'close', 'volume']
2025-07-07 16:41:07,244 - INFO - DataFrame validated: 50 rows, NaN count: 0
2025-07-07 16:41:07,245 - INFO - [BTC/USDT] Fetched 50 candles for 1h, columns: ['timestamp', 'open', 'high', 'low', 'close', 'volume']
2025-07-07 16:41:07,246 - INFO - DataFrame validated: 50 rows, NaN count: 0
2025-07-07 16:41:07,265 - INFO - [QTUM/USDT] Fetched 50 candles for 15m, columns: ['timestamp', 'open', 'high', 'low', 'close', 'volume']
2025-07-07 16:41:07,267 - INFO - DataFrame validated: 50 rows, NaN count: 0
2025-07-07 16:41:07,267 - INFO - [ADA/USDT] Fetched 50 candles for 1h, columns: ['timestamp', 'open', 'high', 'low', 'close', 'volume']
2025-07-07 16:41:07,268 - INFO - DataFrame validated: 50 rows, NaN count: 0
2025-07-07 16:41:07,384 - INFO - Indicators calculated: ['timestamp', 'open', 'high', 'low', 'close', 'volume', 'ma20', 'ema8', 'ema21', 'macd', 'signal_line', 'rsi', 'adx', 'vwap', 'atr', 'stoch_k', 'stoch_d', 'bollinger_mid', 'bollinger_std', 'bollinger_upper', 'bollinger_lower']
2025-07-07 16:41:07,393 - INFO - Candle patterns identified successfully
2025-07-07 16:41:07,393 - INFO - [XTZ/USDT] Calculated indicators for 15m: ['timestamp', 'open', 'high', 'low', 'close', 'volume', 'ma20', 'ema8', 'ema21', 'macd', 'signal_line', 'rsi', 'adx', 'vwap', 'atr', 'stoch_k', 'stoch_d', 'bollinger_mid', 'bollinger_std', 'bollinger_upper', 'bollinger_lower', 'candle_pattern']
2025-07-07 17:18:54,566 - INFO - Starting bot initialization
2025-07-07 17:18:54,568 - INFO - Initializing Binance Futures exchange
2025-07-07 17:18:54,579 - INFO - Testing Binance Futures API keys
2025-07-07 17:18:57,100 - INFO - API key test successful: BTC/USDT:USDT - 107968.4
2025-07-07 17:18:57,100 - INFO - Setting up Telegram bot
2025-07-07 17:18:57,888 - INFO - Telegram bot polling started
2025-07-07 17:18:57,888 - INFO - Starting new scan cycle
2025-07-07 17:18:57,888 - INFO - Fetching USDT pairs from Binance Futures
2025-07-07 17:18:57,888 - INFO - Total markets fetched: 3747
2025-07-07 17:18:57,890 - INFO - Total USDT pairs after initial filtering: 0
2025-07-07 17:18:57,890 - WARNING - No valid USDT pairs found
2025-07-07 17:18:57,890 - WARNING - No USDT pairs found, retrying in 60s
